gbdt 1
bias -1.0514237
shrink 0.08
threshold 0.40000007
features 81
bins 0 30 0.468 0.534 0.581 0.618 0.627 0.632 0.643 0.654 0.667 0.677 0.688 0.699 0.71 0.722 0.734 0.745 0.749 0.773 0.823 0.933 1.115 1.396 1.721 2.122 2.635 3.225 3.979 4.834 5.98 6
bins 1 31 0.336 0.358 0.362 0.364 0.368 0.373 0.377 0.382 0.388 0.391 0.396 0.4 0.405 0.409 0.414 0.418 0.423 0.428 0.431 0.433 0.441 0.455 0.484 0.55 0.639 0.777 0.958 1.367 2.531 4.489 6
bins 2 31 0.294 0.311 0.313 0.315 0.319 0.323 0.326 0.33 0.334 0.338 0.341 0.344 0.347 0.351 0.354 0.357 0.36 0.363 0.366 0.37 0.373 0.374 0.375 0.382 0.391 0.406 0.43 0.49 0.673 1.13 4.63
bins 3 31 0.337 0.357 0.362 0.364 0.368 0.373 0.377 0.382 0.387 0.391 0.396 0.4 0.405 0.409 0.414 0.418 0.423 0.428 0.431 0.433 0.441 0.455 0.484 0.55 0.655 0.805 1.009 1.452 2.657 4.592 6
bins 4 30 0.47 0.535 0.582 0.618 0.627 0.632 0.642 0.652 0.665 0.675 0.686 0.697 0.708 0.72 0.731 0.744 0.749 0.768 0.82 0.938 1.132 1.38 1.704 2.126 2.636 3.276 3.988 4.804 5.99 6
bins 5 29 0.49 0.561 0.606 0.626 0.631 0.643 0.655 0.669 0.679 0.691 0.703 0.715 0.727 0.741 0.749 0.766 0.808 0.869 0.997 1.187 1.415 1.655 1.98 2.414 2.929 3.545 4.338 5.215 6
bins 6 31 0.345 0.361 0.363 0.366 0.372 0.377 0.382 0.388 0.392 0.397 0.402 0.407 0.411 0.416 0.421 0.426 0.431 0.433 0.443 0.458 0.484 0.542 0.624 0.722 0.849 0.975 1.246 1.903 3.252 5.374 6
bins 7 31 0.3 0.313 0.315 0.318 0.322 0.326 0.331 0.335 0.338 0.342 0.346 0.35 0.353 0.356 0.359 0.363 0.366 0.37 0.373 0.375 0.38 0.388 0.399 0.418 0.45 0.525 0.68 0.812 1.098 2.38 6
bins 8 31 0.344 0.361 0.363 0.366 0.372 0.377 0.383 0.388 0.393 0.398 0.402 0.407 0.412 0.417 0.421 0.427 0.431 0.433 0.445 0.461 0.487 0.549 0.645 0.752 0.869 1.001 1.29 1.989 3.445 5.426 6
bins 9 29 0.491 0.558 0.605 0.626 0.631 0.642 0.654 0.667 0.678 0.69 0.702 0.714 0.725 0.739 0.748 0.763 0.799 0.864 0.992 1.178 1.391 1.623 1.953 2.388 2.943 3.61 4.335 5.171 6
bins 10 28 0.485 0.559 0.608 0.627 0.636 0.651 0.667 0.68 0.695 0.709 0.724 0.741 0.75 0.792 0.88 1.024 1.141 1.246 1.397 1.617 1.86 2.177 2.588 3.104 3.711 4.427 5.239 6
bins 11 30 0.336 0.36 0.363 0.368 0.375 0.381 0.388 0.393 0.399 0.405 0.411 0.417 0.423 0.43 0.433 0.448 0.481 0.557 0.624 0.679 0.732 0.816 0.924 1.042 1.253 1.621 2.46 3.675 5.286 6
bins 12 30 0.294 0.312 0.315 0.319 0.324 0.329 0.334 0.338 0.343 0.348 0.352 0.356 0.361 0.365 0.369 0.373 0.376 0.386 0.402 0.439 0.518 0.582 0.629 0.703 0.812 0.931 1.199 1.759 3.334 6
bins 13 30 0.338 0.36 0.363 0.368 0.375 0.381 0.388 0.393 0.399 0.405 0.411 0.417 0.424 0.43 0.433 0.45 0.482 0.557 0.629 0.682 0.741 0.831 0.937 1.078 1.307 1.71 2.651 3.84 5.341 6
bins 14 28 0.485 0.557 0.608 0.627 0.635 0.649 0.665 0.678 0.692 0.707 0.722 0.739 0.749 0.785 0.869 1.012 1.129 1.227 1.361 1.577 1.793 2.128 2.558 3.085 3.68 4.386 5.16 6
bins 15 25 0.497 0.576 0.625 0.634 0.652 0.674 0.694 0.714 0.732 0.749 0.804 0.919 1.084 1.263 1.404 1.526 1.769 2.034 2.345 2.751 3.229 3.866 4.527 5.231 6
bins 16 27 0.341 0.362 0.367 0.375 0.384 0.393 0.403 0.411 0.419 0.428 0.433 0.459 0.534 0.638 0.735 0.81 0.866 0.993 1.15 1.359 1.6 2.027 2.731 3.597 4.692 5.763 6
bins 17 27 0.297 0.313 0.318 0.325 0.332 0.339 0.346 0.353 0.359 0.365 0.372 0.375 0.391 0.427 0.523 0.648 0.707 0.753 0.877 1.02 1.235 1.513 1.985 2.793 3.899 5.161 6
bins 18 27 0.343 0.362 0.367 0.376 0.385 0.394 0.403 0.411 0.419 0.429 0.434 0.463 0.541 0.645 0.749 0.813 0.871 1.003 1.165 1.367 1.646 2.055 2.841 3.655 4.634 5.675 6
bins 19 26 0.496 0.575 0.625 0.633 0.651 0.672 0.692 0.712 0.731 0.748 0.795 0.91 1.075 1.25 1.382 1.5 1.74 2.023 2.34 2.74 3.238 3.8 4.441 5.112 5.92 6
bins 20 25 0.483 0.574 0.625 0.635 0.656 0.68 0.703 0.724 0.746 0.782 0.888 1.065 1.263 1.405 1.527 1.762 2.032 2.363 2.728 3.183 3.771 4.42 5.099 5.887 6
bins 21 26 0.337 0.362 0.368 0.377 0.388 0.398 0.408 0.416 0.426 0.433 0.458 0.541 0.659 0.784 0.849 0.931 1.076 1.265 1.497 1.8 2.301 2.962 3.717 4.698 5.705 6
bins 22 26 0.294 0.313 0.319 0.326 0.335 0.343 0.351 0.358 0.364 0.372 0.375 0.395 0.442 0.591 0.689 0.749 0.844 0.984 1.194 1.435 1.792 2.401 3.148 4.097 5.277 6
bins 23 26 0.339 0.362 0.368 0.377 0.388 0.398 0.407 0.416 0.426 0.433 0.458 0.534 0.659 0.778 0.841 0.917 1.062 1.253 1.486 1.783 2.285 3.029 3.791 4.667 5.623 6
bins 24 25 0.478 0.568 0.625 0.634 0.655 0.678 0.7 0.722 0.745 0.771 0.872 1.047 1.234 1.379 1.5 1.718 1.982 2.316 2.708 3.165 3.734 4.352 4.97 5.688 6
bins 25 25 0.444 0.542 0.613 0.63 0.648 0.671 0.695 0.717 0.739 0.758 0.85 0.992 1.096 1.204 1.419 1.666 1.975 2.308 2.672 3.121 3.706 4.36 5.002 5.756 6
bins 26 26 0.317 0.361 0.365 0.374 0.384 0.395 0.405 0.414 0.424 0.432 0.447 0.506 0.593 0.645 0.72 0.866 1.04 1.245 1.473 1.774 2.271 2.939 3.682 4.625 5.581 6
bins 27 26 0.282 0.313 0.317 0.325 0.332 0.341 0.349 0.356 0.363 0.37 0.374 0.388 0.425 0.501 0.555 0.617 0.765 0.965 1.179 1.436 1.794 2.375 3.1 4.038 5.141 6
bins 28 26 0.318 0.361 0.365 0.375 0.384 0.395 0.405 0.414 0.424 0.432 0.448 0.5 0.584 0.641 0.71 0.858 1.035 1.239 1.477 1.785 2.281 3.007 3.732 4.617 5.579 6
bins 29 25 0.445 0.538 0.611 0.629 0.647 0.67 0.693 0.715 0.737 0.751 0.835 0.988 1.09 1.198 1.388 1.645 1.953 2.297 2.698 3.162 3.73 4.354 4.955 5.641 6
bins 30 26 0.16 0.302 0.453 0.541 0.607 0.627 0.637 0.655 0.679 0.701 0.722 0.744 0.75 0.83 0.976 1.156 1.385 1.667 1.985 2.325 2.723 3.253 3.931 4.659 5.385 6
bins 31 27 0.162 0.303 0.357 0.362 0.367 0.376 0.387 0.397 0.407 0.416 0.426 0.432 0.442 0.492 0.609 0.759 0.915 1.078 1.271 1.525 1.873 2.383 3.082 3.894 4.943 5.925 6
bins 32 27 0.215 0.299 0.313 0.316 0.323 0.331 0.34 0.349 0.356 0.363 0.37 0.374 0.381 0.409 0.477 0.66 0.854 1.007 1.219 1.48 1.821 2.374 3.049 3.899 4.874 5.964 6
bins 33 27 0.153 0.3 0.354 0.362 0.367 0.376 0.386 0.396 0.406 0.415 0.426 0.432 0.441 0.484 0.591 0.74 0.901 1.067 1.271 1.537 1.888 2.444 3.168 3.989 4.934 5.887 6
bins 34 26 0.157 0.297 0.448 0.535 0.603 0.626 0.634 0.653 0.676 0.699 0.719 0.742 0.749 0.809 0.956 1.155 1.371 1.663 1.982 2.349 2.777 3.28 3.942 4.65 5.327 6
bins 35 23 0.623 0.862 1.127 1.348 1.563 1.775 1.988 2.194 2.33 2.46 2.657 2.885 3.082 3.3 3.517 3.753 4.009 4.297 4.62 4.922 5.271 5.64 6
bins 36 25 0.865 1.093 1.281 1.351 1.438 1.612 1.778 1.941 2.079 2.247 2.41 2.589 2.793 2.948 3.143 3.399 3.611 3.893 4.148 4.46 4.767 4.935 5.303 5.692 6
bins 37 24 0.859 1.1 1.165 1.232 1.419 1.585 1.742 1.896 2.077 2.219 2.423 2.583 2.74 2.974 3.225 3.465 3.694 4.072 4.185 4.42 4.779 5.173 5.664 6
bins 38 25 0.843 1.08 1.276 1.348 1.429 1.607 1.776 1.927 2.075 2.24 2.407 2.582 2.793 2.963 3.145 3.413 3.642 3.929 4.184 4.476 4.769 4.948 5.294 5.697 6
bins 39 23 0.651 0.873 1.12 1.352 1.58 1.785 2.001 2.208 2.339 2.47 2.675 2.887 3.089 3.307 3.511 3.743 3.992 4.262 4.571 4.892 5.207 5.553 6
bins 40 19 0.776 1.115 1.438 1.725 2.004 2.251 2.458 2.733 2.987 3.173 3.433 3.692 3.998 4.329 4.665 5.005 5.36 5.766 6
bins 41 20 1.003 1.298 1.449 1.684 1.803 2.001 2.184 2.42 2.654 2.942 3.223 3.508 3.806 4.114 4.476 4.786 5.06 5.303 5.649 6
bins 42 19 1.085 1.206 1.472 1.574 1.784 1.995 2.235 2.514 2.733 3.029 3.376 3.661 4.058 4.211 4.503 4.78 5.201 5.646 6
bins 43 20 1.001 1.294 1.433 1.666 1.802 1.997 2.184 2.415 2.653 2.926 3.2 3.512 3.815 4.126 4.472 4.784 5.046 5.286 5.666 6
bins 44 19 0.802 1.143 1.474 1.754 2.05 2.289 2.502 2.767 3 3.186 3.453 3.706 3.993 4.326 4.662 5.022 5.351 5.768 6
bins 45 23 0.468 0.596 0.72 0.882 1.013 1.202 1.384 1.557 1.747 1.964 2.178 2.405 2.647 2.918 3.177 3.449 3.744 4.052 4.4 4.801 5.214 5.674 6
bins 46 23 0.468 0.613 0.722 0.873 0.995 1.161 1.321 1.502 1.716 1.923 2.136 2.352 2.589 2.845 3.119 3.422 3.717 4.01 4.362 4.76 5.177 5.649 6
bins 47 20 0.484 0.689 0.885 1.089 1.296 1.528 1.77 2.054 2.322 2.591 2.899 3.224 3.536 3.883 4.222 4.606 5.056 5.508 5.981 6
bins 48 20 0.491 0.704 0.888 1.059 1.269 1.503 1.762 2.018 2.271 2.563 2.871 3.183 3.521 3.868 4.231 4.609 5.048 5.534 5.992 6
bins 49 18 0 0.169 0.506 0.675 0.834 0.966 1.069 1.434 1.941 2.1 2.259 2.428 2.466 2.494 2.719 2.934 2.991 3.778
bins 50 19 0 0.263 0.525 0.694 0.844 0.956 1.031 1.313 1.884 2.063 2.184 2.353 2.438 2.484 2.559 2.747 2.944 3.084 3.9
bins 51 20 0 0.394 0.591 0.713 0.853 0.947 1.013 1.172 1.706 1.988 2.109 2.259 2.419 2.447 2.494 2.653 2.822 2.963 3.197 3.9
bins 52 22 0 0.347 0.544 0.675 0.797 0.891 0.966 1.013 1.153 1.556 1.931 2.063 2.184 2.344 2.438 2.466 2.494 2.7 2.906 2.972 3.328 3.9
bins 53 25 0 0.281 0.497 0.638 0.722 0.825 0.909 0.966 1.003 1.088 1.284 1.744 1.941 2.063 2.184 2.316 2.428 2.447 2.484 2.578 2.747 2.934 2.981 3.441 3.9
bins 54 28 0 0.375 0.497 0.619 0.694 0.778 0.853 0.919 0.956 0.994 1.031 1.134 1.322 1.734 1.931 2.053 2.119 2.269 2.4 2.438 2.475 2.494 2.681 2.813 2.944 2.991 3.534 3.9
bins 55 30 0 0.384 0.488 0.609 0.675 0.75 0.825 0.881 0.928 0.966 0.994 1.031 1.106 1.238 1.491 1.884 1.969 2.072 2.213 2.325 2.428 2.447 2.484 2.522 2.7 2.859 2.953 3 3.6 3.9
bins 56 28 0 0.384 0.497 0.619 0.694 0.769 0.853 0.919 0.956 0.994 1.031 1.125 1.294 1.706 1.922 2.044 2.119 2.269 2.391 2.438 2.475 2.494 2.681 2.813 2.944 2.991 3.534 3.9
bins 57 25 0 0.338 0.488 0.628 0.713 0.816 0.9 0.956 0.994 1.078 1.209 1.669 1.931 2.063 2.184 2.306 2.428 2.456 2.484 2.559 2.747 2.934 2.981 3.431 3.9
bins 58 22 0 0.375 0.534 0.675 0.778 0.881 0.956 1.013 1.144 1.453 1.922 2.063 2.194 2.344 2.428 2.466 2.494 2.691 2.888 2.972 3.281 3.9
bins 59 20 0 0.384 0.572 0.703 0.834 0.947 1.003 1.153 1.622 1.95 2.1 2.25 2.419 2.447 2.494 2.634 2.794 2.963 3.188 3.9
bins 60 19 0 0.206 0.497 0.666 0.816 0.938 1.003 1.2 1.791 2.034 2.175 2.316 2.438 2.475 2.522 2.747 2.934 3 3.778
bins 61 17 0 0.459 0.647 0.806 0.938 1.022 1.35 1.913 2.072 2.25 2.419 2.466 2.494 2.719 2.934 2.991 3.741
bins 62 22 0 0.087 0.197 0.25 0.298 0.436 0.543 0.704 0.81 1 1.189 1.456 1.725 2.098 2.445 2.889 3.363 3.796 4.195 4.613 5.006 5.395
bins 63 23 0 0.026 0.164 0.25 0.278 0.391 0.501 0.642 0.757 0.946 1.082 1.307 1.569 1.936 2.265 2.656 3.127 3.567 3.965 4.311 4.699 5.058 5.412
bins 64 23 0 0.143 0.25 0.261 0.37 0.499 0.625 0.75 0.907 1.055 1.265 1.511 1.83 2.214 2.523 2.996 3.42 3.778 4.146 4.478 4.793 5.116 5.426
bins 65 24 0 0.146 0.25 0.26 0.38 0.5 0.627 0.75 0.907 1.048 1.263 1.528 1.826 2.186 2.48 2.85 3.268 3.682 3.979 4.287 4.598 4.9 5.19 5.453
bins 66 26 0 0.053 0.177 0.25 0.279 0.424 0.531 0.692 0.775 0.962 1.098 1.325 1.58 1.861 2.199 2.489 2.835 3.236 3.576 3.918 4.208 4.5 4.752 5.001 5.248 5.464
bins 67 27 0 0.083 0.2 0.25 0.295 0.455 0.569 0.75 0.839 1 1.169 1.401 1.613 1.929 2.233 2.5 2.837 3.208 3.523 3.843 4.122 4.38 4.662 4.902 5.123 5.303 5.487
bins 68 27 0 0.167 0.25 0.278 0.454 0.552 0.742 0.81 1 1.142 1.366 1.59 1.865 2.174 2.445 2.738 3.088 3.432 3.736 4.011 4.28 4.55 4.785 5.001 5.219 5.365 5.5
bins 69 27 0 0.1 0.214 0.25 0.307 0.462 0.574 0.75 0.83 1 1.15 1.387 1.612 1.938 2.237 2.505 2.843 3.214 3.548 3.863 4.155 4.42 4.684 4.924 5.14 5.311 5.491
bins 70 26 0 0.094 0.2 0.25 0.288 0.442 0.53 0.694 0.776 0.958 1.087 1.302 1.546 1.846 2.2 2.478 2.848 3.245 3.587 3.911 4.223 4.503 4.783 5.023 5.259 5.473
bins 71 24 0 0.164 0.25 0.26 0.365 0.499 0.624 0.75 0.903 1.05 1.253 1.501 1.811 2.166 2.466 2.861 3.275 3.686 3.981 4.309 4.607 4.909 5.21 5.446
bins 72 23 0 0.142 0.25 0.255 0.353 0.491 0.611 0.75 0.901 1.034 1.25 1.5 1.82 2.185 2.492 2.925 3.366 3.749 4.146 4.459 4.783 5.113 5.419
bins 73 22 0 0.141 0.25 0.259 0.357 0.498 0.619 0.75 0.911 1.047 1.261 1.525 1.884 2.25 2.612 3.092 3.516 3.932 4.3 4.683 5.021 5.395
bins 74 22 0 0.073 0.176 0.25 0.279 0.396 0.507 0.664 0.788 0.994 1.143 1.391 1.665 2.039 2.425 2.851 3.356 3.786 4.209 4.576 4.985 5.345
bins 75 25 -1.334 -1.175 -1.084 -1.009 -0.968 -0.926 -0.86 -0.797 -0.719 -0.657 -0.56 -0.471 -0.401 -0.108 0 0.004 0.014 0.032 0.039 0.055 0.062 0.104 0.26 0.718 5
bins 76 21 -1.168 -1.022 -0.952 -0.853 -0.742 -0.635 -0.394 -0.031 0.001 0.002 0.01 0.022 0.034 0.044 0.054 0.061 0.064 0.173 0.56 1.45 5
bins 77 19 -1.053 -0.936 -0.697 -0.395 -0.019 0.001 0.002 0.006 0.012 0.032 0.037 0.049 0.057 0.062 0.068 0.25 0.969 2.555 5
bins 78 31 0.225 0.313 0.375 0.4 0.442 0.5 0.576 0.688 0.75 0.85 0.938 1.018 1.153 1.253 1.388 1.563 1.75 1.939 2.188 2.354 2.585 2.813 3.126 3.5 4.125 4.705 5.444 6.438 7.504 9.813 12.065
bins 79 31 0.095 0.105 0.11 0.113 0.115 0.119 0.123 0.125 0.126 0.13 0.135 0.141 0.156 0.182 0.344 0.357 0.375 0.379 0.398 0.552 0.609 0.627 0.677 0.863 0.905 1.125 1.346 1.604 1.909 2.594 3.625
bins 80 31 0.225 0.313 0.354 0.38 0.419 0.451 0.5 0.563 0.637 0.699 0.783 0.875 0.938 1.017 1.149 1.256 1.414 1.564 1.75 1.994 2.188 2.375 2.626 2.876 3.25 3.626 4.243 4.938 5.563 6.313 7.751
trees 150
tree 31
node 79 13 -0.003364866 1 16
node 1 23 -0.6644141 2 9
node 3 22 -0.3447565 3 6
node 80 6 0.21229188 4 5
node -1 0 -0.5933886 -1 -1
node -1 0 0.42476994 -1 -1
node 55 5 -0.8339522 7 8
node -1 0 -1.1301655 -1 -1
node -1 0 -0.69762576 -1 -1
node 13 18 -1.0154718 10 13
node 6 23 -0.8556218 11 12
node -1 0 -0.427483 -1 -1
node -1 0 -0.9286306 -1 -1
node 11 23 -1.1556693 14 15
node -1 0 -1.0238142 -1 -1
node -1 0 -1.2351918 -1 -1
node 79 27 0.51888734 17 24
node 11 23 0.90952367 18 21
node 78 17 1.1555932 19 20
node -1 0 1.6347526 -1 -1
node -1 0 0.8485344 -1 -1
node 4 19 -0.29572234 22 23
node -1 0 0.15513863 -1 -1
node -1 0 -0.9084349 -1 -1
node 78 24 -0.8388049 25 28
node 80 25 0.77487963 26 27
node -1 0 1.604153 -1 -1
node -1 0 -0.18955413 -1 -1
node 39 4 -0.93782663 29 30
node -1 0 0.32323056 -1 -1
node -1 0 -0.9786151 -1 -1
tree 31
node 3 23 -0.00609603 1 16
node 1 23 0.27154773 2 9
node 78 18 0.47717547 3 6
node 78 9 0.9400283 4 5
node -1 0 -0.08347571 -1 -1
node -1 0 1.326708 -1 -1
node 46 9 0.11628535 7 8
node -1 0 0.6858977 -1 -1
node -1 0 -0.031754576 -1 -1
node 11 20 -0.7480622 10 13
node 78 9 -0.18212599 11 12
node -1 0 -0.51604027 -1 -1
node -1 0 0.20530087 -1 -1
node 55 5 -0.8547588 14 15
node -1 0 -1.1131976 -1 -1
node -1 0 -0.71234477 -1 -1
node 8 21 -0.86372584 17 24
node 78 11 -0.009095832 18 21
node 1 25 -0.71423715 19 20
node -1 0 -0.058432188 -1 -1
node -1 0 -1.0570076 -1 -1
node 26 0 0.56198865 22 23
node -1 0 -1.0713181 -1 -1
node -1 0 0.7344777 -1 -1
node 58 4 -0.92286 25 28
node 13 24 -1.0801058 26 27
node -1 0 -0.94937867 -1 -1
node -1 0 -1.1760587 -1 -1
node 55 1 -0.70623994 29 30
node -1 0 -1.1273376 -1 -1
node -1 0 -0.6073763 -1 -1
tree 31
node 79 13 -0.001484946 1 16
node 57 4 -0.60141903 2 9
node 53 5 -0.9314167 3 6
node 11 24 -1.116839 4 5
node -1 0 -1.0078651 -1 -1
node -1 0 -1.1828198 -1 -1
node 11 20 -0.7526528 7 8
node -1 0 -0.15115948 -1 -1
node -1 0 -0.8674915 -1 -1
node 4 16 -0.30519536 10 13
node 78 14 0.3076786 11 12
node -1 0 0.76604146 -1 -1
node -1 0 -0.40480813 -1 -1
node 53 1 -0.69092727 14 15
node -1 0 -0.84685636 -1 -1
node -1 0 -0.3852552 -1 -1
node 79 27 0.44114974 17 24
node 13 23 0.7667516 18 21
node 78 17 0.9649467 19 20
node -1 0 1.3370565 -1 -1
node -1 0 0.71566015 -1 -1
node 58 1 -0.3250589 22 23
node -1 0 -0.9275434 -1 -1
node -1 0 0.10378009 -1 -1
node 78 24 -0.8006125 25 28
node 80 25 0.803051 26 27
node -1 0 1.5003836 -1 -1
node -1 0 -0.11939604 -1 -1
node 39 4 -0.90781045 29 30
node -1 0 0.21004753 -1 -1
node -1 0 -0.94767284 -1 -1
tree 31
node 79 13 -0.007871673 1 16
node 57 4 -0.56484973 2 9
node 13 18 -0.90481704 3 6
node 56 6 -0.6931112 4 5
node -1 0 -0.8476696 -1 -1
node -1 0 -0.38809463 -1 -1
node 12 26 -1.0852901 7 8
node -1 0 -0.9999182 -1 -1
node -1 0 -1.1999882 -1 -1
node 4 17 -0.2734671 10 13
node 80 15 0.2757738 11 12
node -1 0 0.6342033 -1 -1
node -1 0 -0.31257272 -1 -1
node 3 24 -0.64366144 14 15
node -1 0 -0.32816997 -1 -1
node -1 0 -0.7773405 -1 -1
node 79 27 0.38679796 17 24
node 13 23 0.671204 18 21
node 79 19 0.84917724 19 20
node -1 0 0.46734667 -1 -1
node -1 0 1.1168745 -1 -1
node 0 19 -0.33313724 22 23
node -1 0 0.07760155 -1 -1
node -1 0 -0.8963897 -1 -1
node 80 26 -0.76306486 25 28
node 79 28 -0.41474336 26 27
node -1 0 0.07930246 -1 -1
node -1 0 -0.79188085 -1 -1
node 39 4 -0.87916493 29 30
node -1 0 0.58647096 -1 -1
node -1 0 -0.931431 -1 -1
tree 31
node 79 13 0.0006689263 1 16
node 57 4 -0.53010464 2 9
node 53 5 -0.87090755 3 6
node 28 16 -1.061222 4 5
node -1 0 -0.8543768 -1 -1
node -1 0 -1.0964726 -1 -1
node 0 15 -0.6992175 7 8
node -1 0 0.056402806 -1 -1
node -1 0 -0.77908355 -1 -1
node 13 22 -0.24374782 10 13
node 78 5 0.05725766 11 12
node -1 0 -0.49154353 -1 -1
node -1 0 0.24871594 -1 -1
node 78 14 -0.72135645 14 15
node -1 0 -0.634857 -1 -1
node -1 0 -1.1179858 -1 -1
node 79 27 0.36297756 17 24
node 56 4 0.62044907 18 21
node 53 1 -0.28322822 19 20
node -1 0 -0.9590575 -1 -1
node -1 0 0.017158635 -1 -1
node 78 18 0.79630315 22 23
node -1 0 1.0949838 -1 -1
node -1 0 0.53239053 -1 -1
node 78 24 -0.7334954 25 28
node 45 13 0.59027135 26 27
node -1 0 -0.12111463 -1 -1
node -1 0 1.2690487 -1 -1
node 0 0 -0.82842565 29 30
node -1 0 0.5541699 -1 -1
node -1 0 -0.8562655 -1 -1
tree 31
node 79 13 -0.0019411787 1 16
node 11 17 -0.51401454 2 9
node 8 19 -0.18157013 3 6
node 78 14 0.21672626 4 5
node -1 0 0.5277682 -1 -1
node -1 0 -0.3570225 -1 -1
node 78 14 -0.5503988 7 8
node -1 0 -0.45276362 -1 -1
node -1 0 -0.9972149 -1 -1
node 12 26 -0.77195674 10 13
node 3 23 -0.64498967 11 12
node -1 0 -0.44591737 -1 -1
node -1 0 -0.91427225 -1 -1
node 55 5 -1.0820559 14 15
node -1 0 -1.108428 -1 -1
node -1 0 -0.37674433 -1 -1
node 79 27 0.33375743 17 24
node 57 4 0.56286037 18 21
node 53 1 -0.06999655 19 20
node -1 0 -0.94394135 -1 -1
node -1 0 0.22926903 -1 -1
node 78 17 0.77743024 22 23
node -1 0 1.1604731 -1 -1
node -1 0 0.55921537 -1 -1
node 78 24 -0.6890808 25 28
node 80 25 0.5153309 26 27
node -1 0 1.0232 -1 -1
node -1 0 -0.21909213 -1 -1
node 39 4 -0.78054374 29 30
node -1 0 0.23374704 -1 -1
node -1 0 -0.8226174 -1 -1
tree 31
node 79 13 -0.008067409 1 16
node 1 23 -0.47457433 2 9
node 13 22 -0.20986977 3 6
node 78 14 0.110601954 4 5
node -1 0 0.3196898 -1 -1
node -1 0 -0.38589007 -1 -1
node 55 4 -0.70985025 7 8
node -1 0 -0.95968455 -1 -1
node -1 0 -0.5586154 -1 -1
node 13 18 -0.8022685 10 13
node 78 14 -0.6343751 11 12
node -1 0 -0.5560578 -1 -1
node -1 0 -1.0485407 -1 -1
node 11 24 -0.9604554 14 15
node -1 0 -0.83754617 -1 -1
node -1 0 -1.0630107 -1 -1
node 79 27 0.29124942 17 24
node 56 4 0.5000514 18 21
node 4 18 -0.28959975 19 20
node -1 0 0.03786922 -1 -1
node -1 0 -0.7721913 -1 -1
node 79 19 0.64577305 22 23
node -1 0 0.3140723 -1 -1
node -1 0 0.87433606 -1 -1
node 78 24 -0.6869122 25 28
node 49 9 0.39481583 26 27
node -1 0 0.93732363 -1 -1
node -1 0 -0.16856998 -1 -1
node 4 0 -0.7725642 29 30
node -1 0 0.75447917 -1 -1
node -1 0 -0.80512697 -1 -1
tree 31
node 80 9 0.0033377865 1 16
node 57 4 -0.5862525 2 9
node 53 4 -0.81238836 3 6
node 75 8 -1.0040472 4 5
node -1 0 -0.8755898 -1 -1
node -1 0 -1.0624105 -1 -1
node 79 17 -0.62005186 7 8
node -1 0 -0.6717291 -1 -1
node -1 0 0.74087185 -1 -1
node 3 24 -0.35583055 10 13
node 78 5 -0.10815883 11 12
node -1 0 -0.46272594 -1 -1
node -1 0 0.119948305 -1 -1
node 79 0 -0.66600597 14 15
node -1 0 -0.21635477 -1 -1
node -1 0 -0.7325712 -1 -1
node 79 27 0.2246738 17 24
node 11 24 0.36632004 18 21
node 3 23 0.5198245 19 20
node -1 0 0.61688113 -1 -1
node -1 0 -0.36105183 -1 -1
node 26 14 -0.54337806 22 23
node -1 0 0.78850114 -1 -1
node -1 0 -0.6534139 -1 -1
node 78 24 -0.62486154 25 28
node 78 23 0.4405764 26 27
node -1 0 1.4360079 -1 -1
node -1 0 0.2053641 -1 -1
node 4 0 -0.7180129 29 30
node -1 0 0.78546923 -1 -1
node -1 0 -0.7518818 -1 -1
tree 31
node 79 13 -0.006949053 1 16
node 0 18 -0.43601465 2 9
node 4 19 -0.11830526 3 6
node 80 15 0.29993373 4 5
node -1 0 0.7506299 -1 -1
node -1 0 -0.29643756 -1 -1
node 80 15 -0.58143663 7 8
node -1 0 -0.47722065 -1 -1
node -1 0 -1.092854 -1 -1
node 55 5 -0.705953 10 13
node 10 2 -0.9921997 11 12
node -1 0 -0.37645918 -1 -1
node -1 0 -1.002709 -1 -1
node 3 23 -0.58150613 14 15
node -1 0 -0.43205255 -1 -1
node -1 0 -0.768902 -1 -1
node 79 26 0.25269723 17 24
node 79 19 0.45991164 18 21
node 80 17 0.108086154 19 20
node -1 0 0.35355315 -1 -1
node -1 0 -0.43110734 -1 -1
node 7 28 0.7588393 22 23
node -1 0 0.814396 -1 -1
node -1 0 -0.6961008 -1 -1
node 80 25 -0.462305 25 28
node 79 28 0.29848936 26 27
node -1 0 0.68346363 -1 -1
node -1 0 -0.6067671 -1 -1
node 39 4 -0.7410997 29 30
node -1 0 0.5665606 -1 -1
node -1 0 -0.79659766 -1 -1
tree 31
node 3 23 -0.0017463558 1 16
node 56 4 0.15535246 2 9
node 26 19 -0.43072692 3 6
node 79 18 -0.071628146 4 5
node -1 0 -0.3714475 -1 -1
node -1 0 0.37535566 -1 -1
node 12 26 -0.6474193 7 8
node -1 0 -0.4027118 -1 -1
node -1 0 -0.9605647 -1 -1
node 79 27 0.28424758 10 13
node 79 18 0.409761 11 12
node -1 0 0.15185247 -1 -1
node -1 0 0.66497976 -1 -1
node 78 25 -0.5572962 14 15
node -1 0 0.26943514 -1 -1
node -1 0 -0.6931457 -1 -1
node 58 3 -0.6354139 17 24
node 13 19 -0.85078484 18 21
node 78 10 -0.5434313 19 20
node -1 0 -0.71257305 -1 -1
node -1 0 0.016337166 -1 -1
node 25 0 -0.9206942 22 23
node -1 0 -0.20157053 -1 -1
node -1 0 -0.94226736 -1 -1
node 9 15 -0.39882624 25 28
node 29 11 0.40537417 26 27
node -1 0 0.040488638 -1 -1
node -1 0 0.8305049 -1 -1
node 59 1 -0.48692963 29 30
node -1 0 -0.04725684 -1 -1
node -1 0 -0.60368955 -1 -1
tree 29
node 1 23 -0.001736625 1 16
node 54 4 0.15309082 2 9
node 12 26 -0.42363408 3 6
node 53 1 -0.2381796 4 5
node -1 0 -0.48450145 -1 -1
node -1 0 0.1672952 -1 -1
node 32 16 -0.731698 7 8
node -1 0 -0.048899956 -1 -1
node -1 0 -1.0157484 -1 -1
node 79 26 0.27939826 10 13
node 78 24 0.42452854 11 12
node -1 0 0.31674302 -1 -1
node -1 0 1.0585313 -1 -1
node 78 23 -0.39741892 14 15
node -1 0 1.5508707 -1 -1
node -1 0 -0.62822646 -1 -1
node 12 26 -0.6333754 17 24
node 79 19 -0.51892745 18 21
node 8 22 -0.60375446 19 20
node -1 0 -0.49355134 -1 -1
node -1 0 -0.80731624 -1 -1
node 78 20 0.5085255 22 23
node -1 0 1.246311 -1 -1
node -1 0 0.17981586 -1 -1
node 17 16 -0.98539186 25 26
node -1 0 0.7040137 -1 -1
node 75 8 -1.0011355 27 28
node -1 0 -0.5733959 -1 -1
node -1 0 -1.0371935 -1 -1
tree 31
node 80 9 -0.013869141 1 16
node 56 4 -0.5097678 2 9
node 53 3 -0.80247754 3 6
node 75 2 -0.9745914 4 5
node -1 0 -0.5831062 -1 -1
node -1 0 -1.0205506 -1 -1
node 35 2 -0.6184356 7 8
node -1 0 -0.92184454 -1 -1
node -1 0 -0.4970665 -1 -1
node 78 5 -0.37175846 10 13
node 79 0 -0.566085 11 12
node -1 0 -0.24504782 -1 -1
node -1 0 -0.63409793 -1 -1
node 53 0 -0.16345237 14 15
node -1 0 -0.51940024 -1 -1
node -1 0 0.026171597 -1 -1
node 79 26 0.15775022 17 24
node 12 26 0.28086126 18 21
node 78 15 0.39110467 19 20
node -1 0 0.7261554 -1 -1
node -1 0 0.20341974 -1 -1
node 75 8 -0.5522689 22 23
node -1 0 0.20294574 -1 -1
node -1 0 -0.719416 -1 -1
node 78 23 -0.39307883 25 28
node 9 18 1.2896118 26 27
node -1 0 1.3856297 -1 -1
node -1 0 -0.4351303 -1 -1
node 32 11 -0.5876338 29 30
node -1 0 -0.7741817 -1 -1
node -1 0 -0.3797287 -1 -1
tree 31
node 3 23 -0.00696588 1 16
node 1 24 0.12600937 2 9
node 79 26 0.20840089 3 6
node 78 24 0.33380035 4 5
node -1 0 0.23431201 -1 -1
node -1 0 0.90767825 -1 -1
node 78 23 -0.39287975 7 8
node -1 0 1.2859325 -1 -1
node -1 0 -0.5925528 -1 -1
node 12 26 -0.5240609 10 13
node 79 19 -0.42234784 11 12
node -1 0 -0.45583528 -1 -1
node -1 0 0.4779366 -1 -1
node 27 18 -0.9344893 14 15
node -1 0 -0.44666725 -1 -1
node -1 0 -0.9982566 -1 -1
node 57 5 -0.587281 17 24
node 13 24 -0.83762455 18 21
node 79 17 -0.6662922 19 20
node -1 0 -0.7550315 -1 -1
node -1 0 0.15682198 -1 -1
node 75 8 -0.9927403 22 23
node -1 0 -0.8062198 -1 -1
node -1 0 -1.0484685 -1 -1
node 79 18 -0.38513514 25 28
node 78 15 -0.47444668 26 27
node -1 0 -0.36885396 -1 -1
node -1 0 -1.0150652 -1 -1
node 29 1 0.4781512 29 30
node -1 0 -0.7716728 -1 -1
node -1 0 0.63040835 -1 -1
tree 31
node 80 9 -0.0062320926 1 16
node 57 4 -0.45643497 2 9
node 53 4 -0.68413913 3 6
node 76 18 -0.9178946 4 5
node -1 0 -0.97164994 -1 -1
node -1 0 -0.6448336 -1 -1
node 79 16 -0.4713527 7 8
node -1 0 -0.5184154 -1 -1
node -1 0 0.35866833 -1 -1
node 4 17 -0.24726905 10 13
node 80 5 0.1306624 11 12
node -1 0 -0.30573124 -1 -1
node -1 0 0.54111946 -1 -1
node 79 15 -0.40223077 14 15
node -1 0 -0.45617226 -1 -1
node -1 0 0.20350799 -1 -1
node 79 26 0.14318934 17 24
node 79 18 0.24776399 18 21
node 80 17 -0.025791936 19 20
node -1 0 0.26762697 -1 -1
node -1 0 -0.51539147 -1 -1
node 38 0 0.53338736 22 23
node -1 0 -1.0724313 -1 -1
node -1 0 0.5672904 -1 -1
node 80 25 -0.3632318 25 28
node 79 28 0.28535563 26 27
node -1 0 0.51664215 -1 -1
node -1 0 -0.41643402 -1 -1
node 10 0 -0.62531257 29 30
node -1 0 1.8454626 -1 -1
node -1 0 -0.64591056 -1 -1
tree 31
node 3 23 -0.00063600903 1 16
node 11 23 0.11718509 2 9
node 78 18 0.21526626 3 6
node 78 9 0.45786625 4 5
node -1 0 -0.17332739 -1 -1
node -1 0 0.7009999 -1 -1
node 79 28 -0.014292557 7 8
node -1 0 0.07860492 -1 -1
node -1 0 -0.5187449 -1 -1
node 79 18 -0.36903515 10 13
node 55 5 -0.5217187 11 12
node -1 0 -0.7923603 -1 -1
node -1 0 -0.32298154 -1 -1
node 24 15 -0.040630937 14 15
node -1 0 0.4451775 -1 -1
node -1 0 -0.2801417 -1 -1
node 11 24 -0.53783536 17 24
node 79 22 -0.40464532 18 21
node 78 16 -0.46436402 19 20
node -1 0 -0.39259622 -1 -1
node -1 0 -0.9213159 -1 -1
node 8 26 0.44191155 22 23
node -1 0 0.6702447 -1 -1
node -1 0 -0.7657406 -1 -1
node 75 8 -0.9241145 25 28
node 79 14 -0.6814059 26 27
node -1 0 -0.765084 -1 -1
node -1 0 0.4676007 -1 -1
node 52 20 -0.9955874 29 30
node -1 0 -1.0099226 -1 -1
node -1 0 -0.059943162 -1 -1
tree 31
node 1 23 0.0007450975 1 16
node 54 4 0.113259256 2 9
node 0 18 -0.33182237 3 6
node 28 20 -0.19741735 4 5
node -1 0 0.09725831 -1 -1
node -1 0 -0.42813054 -1 -1
node 10 18 -0.697735 7 8
node -1 0 -0.40755343 -1 -1
node -1 0 -0.8082076 -1 -1
node 78 17 0.20466407 10 13
node 78 9 0.47076806 11 12
node -1 0 -0.07141293 -1 -1
node -1 0 0.7234371 -1 -1
node 79 20 0.005478513 14 15
node -1 0 -0.3351228 -1 -1
node -1 0 0.12790874 -1 -1
node 12 26 -0.52402735 17 24
node 79 16 -0.4137036 18 21
node 78 15 -0.50012004 19 20
node -1 0 -0.43666464 -1 -1
node -1 0 -0.9623688 -1 -1
node 9 17 0.22022684 22 23
node -1 0 0.50960255 -1 -1
node -1 0 -0.20408344 -1 -1
node 75 8 -0.8946214 25 28
node 30 20 -0.3988655 26 27
node -1 0 0.1115896 -1 -1
node -1 0 -0.7065468 -1 -1
node 27 17 -0.94248444 29 30
node -1 0 -0.31804153 -1 -1
node -1 0 -0.98952043 -1 -1
tree 31
node 5 17 -0.0027019093 1 16
node 38 0 0.18284523 2 9
node 46 2 -0.92121285 3 6
node 80 9 -0.46487612 4 5
node -1 0 -0.78637695 -1 -1
node -1 0 -0.04621326 -1 -1
node 30 4 -1.1994225 7 8
node -1 0 -0.27702346 -1 -1
node -1 0 -1.266205 -1 -1
node 78 18 0.22057179 10 13
node 3 24 0.44644734 11 12
node -1 0 0.6249441 -1 -1
node -1 0 -0.30634052 -1 -1
node 9 18 0.040923838 14 15
node -1 0 0.11300522 -1 -1
node -1 0 -0.51315415 -1 -1
node 53 4 -0.30426764 17 24
node 57 1 -0.62061304 18 21
node 21 17 -0.85926396 19 20
node -1 0 -0.6300366 -1 -1
node -1 0 -0.9169943 -1 -1
node 12 26 -0.41455275 22 23
node -1 0 -0.28303537 -1 -1
node -1 0 -0.92430806 -1 -1
node 1 24 -0.120246746 25 28
node 49 1 0.053817615 26 27
node -1 0 0.38491312 -1 -1
node -1 0 -0.20223425 -1 -1
node 12 26 -0.47228542 29 30
node -1 0 -0.4044287 -1 -1
node -1 0 -0.8359097 -1 -1
tree 31
node 5 17 -0.0033829524 1 16
node 45 6 0.16667104 2 9
node 80 25 0.561869 3 6
node 80 19 0.4122712 4 5
node -1 0 0.6758016 -1 -1
node -1 0 -0.34803894 -1 -1
node 46 11 1.5231459 7 8
node -1 0 -0.17240268 -1 -1
node -1 0 1.6288502 -1 -1
node 61 1 0.057180155 10 13
node 80 10 0.33918494 11 12
node -1 0 -0.30936244 -1 -1
node -1 0 0.5130179 -1 -1
node 46 10 -0.08080066 14 15
node -1 0 0.22566955 -1 -1
node -1 0 -0.29014984 -1 -1
node 13 24 -0.28335175 17 24
node 80 9 -0.16244969 18 21
node 35 2 -0.37582636 19 20
node -1 0 -0.72003686 -1 -1
node -1 0 -0.29235542 -1 -1
node 49 1 -0.028891815 22 23
node -1 0 0.28188068 -1 -1
node -1 0 -0.2654363 -1 -1
node 75 8 -0.75655407 25 28
node 57 4 -0.42779708 26 27
node -1 0 -0.70867425 -1 -1
node -1 0 -0.14761809 -1 -1
node 27 19 -0.88052166 29 30
node -1 0 -0.65722626 -1 -1
node -1 0 -1.0026362 -1 -1
tree 31
node 78 8 0.0003362933 1 16
node 54 4 -0.4030515 2 9
node 57 3 -0.69230217 3 6
node 13 23 -0.8895934 4 5
node -1 0 -0.6456607 -1 -1
node -1 0 -0.99059755 -1 -1
node 31 14 -0.51265854 7 8
node -1 0 -0.27871355 -1 -1
node -1 0 -0.6545303 -1 -1
node 58 1 -0.27272514 10 13
node 7 15 -0.4666458 11 12
node -1 0 -0.6895919 -1 -1
node -1 0 -0.2967581 -1 -1
node 4 21 -0.03719834 14 15
node -1 0 0.23646262 -1 -1
node -1 0 -0.3933723 -1 -1
node 78 16 0.10466631 17 24
node 12 20 0.3729249 18 21
node 5 17 0.5783231 19 20
node -1 0 0.79578996 -1 -1
node -1 0 0.27366468 -1 -1
node 26 17 -0.24268226 22 23
node -1 0 0.13763739 -1 -1
node -1 0 -0.50670815 -1 -1
node 79 19 -0.05239016 25 28
node 78 23 -0.524229 26 27
node -1 0 -1.0027666 -1 -1
node -1 0 0.45949775 -1 -1
node 79 26 0.117660575 29 30
node -1 0 0.3440018 -1 -1
node -1 0 -0.30743945 -1 -1
tree 31
node 1 23 -0.014124951 1 16
node 37 0 0.07331018 2 9
node 36 0 -0.91697896 3 6
node 78 14 -1.175692 4 5
node -1 0 -0.80270493 -1 -1
node -1 0 -1.3820741 -1 -1
node 36 1 -0.6088203 7 8
node -1 0 -0.13748766 -1 -1
node -1 0 -0.9513722 -1 -1
node 13 23 0.105431035 10 13
node 79 26 0.18121956 11 12
node -1 0 0.27262652 -1 -1
node -1 0 -0.29617542 -1 -1
node 75 8 -0.29859728 14 15
node -1 0 0.05441221 -1 -1
node -1 0 -0.4562397 -1 -1
node 13 24 -0.45741943 17 24
node 79 17 -0.35094237 18 21
node 78 14 -0.43312168 19 20
node -1 0 -0.35245195 -1 -1
node -1 0 -0.8681466 -1 -1
node 11 7 0.20205827 22 23
node -1 0 -0.40558556 -1 -1
node -1 0 0.37850603 -1 -1
node 75 8 -0.7962789 25 28
node 7 29 -0.45802706 26 27
node -1 0 -0.53902197 -1 -1
node -1 0 0.49028787 -1 -1
node 55 18 -0.9047688 29 30
node -1 0 -0.96337235 -1 -1
node -1 0 -0.49175465 -1 -1
tree 31
node 53 4 -0.0027116993 1 16
node 57 1 -0.32006866 2 9
node 75 3 -0.77078706 3 6
node 78 9 -0.45860413 4 5
node -1 0 -0.742241 -1 -1
node -1 0 0.22054078 -1 -1
node 25 0 -0.8215306 7 8
node -1 0 -0.17278801 -1 -1
node -1 0 -0.84493196 -1 -1
node 13 24 -0.18263805 10 13
node 60 0 0.028678868 11 12
node -1 0 0.33149475 -1 -1
node -1 0 -0.16550972 -1 -1
node 75 6 -0.3992932 14 15
node -1 0 0.055788755 -1 -1
node -1 0 -0.5076132 -1 -1
node 49 1 0.11806278 17 24
node 78 10 0.34569317 18 21
node 5 15 -0.18628347 19 20
node -1 0 0.17106642 -1 -1
node -1 0 -0.333637 -1 -1
node 61 0 0.5717177 22 23
node -1 0 0.9267275 -1 -1
node -1 0 0.2817719 -1 -1
node 47 6 -0.011566056 25 28
node 79 10 0.27824393 26 27
node -1 0 -0.20328552 -1 -1
node -1 0 0.47987893 -1 -1
node 35 4 -0.10579954 29 30
node -1 0 0.45736983 -1 -1
node -1 0 -0.1537053 -1 -1
tree 31
node 9 17 -0.008928178 1 16
node 49 1 0.13647705 2 9
node 78 7 0.4206657 3 6
node 47 10 -0.34890276 4 5
node -1 0 -0.47078237 -1 -1
node -1 0 0.18014021 -1 -1
node 55 4 0.5519577 7 8
node -1 0 -0.3543088 -1 -1
node -1 0 0.6322499 -1 -1
node 45 6 0.0064239926 10 13
node 80 6 0.38438562 11 12
node -1 0 -0.407591 -1 -1
node -1 0 0.55100965 -1 -1
node 5 17 -0.11085553 14 15
node -1 0 -0.021348862 -1 -1
node -1 0 -0.471988 -1 -1
node 11 24 -0.25145116 17 24
node 78 9 -0.15357018 18 21
node 7 8 -0.4203805 19 20
node -1 0 -0.736531 -1 -1
node -1 0 -0.3372949 -1 -1
node 61 0 0.007792051 22 23
node -1 0 0.3631023 -1 -1
node -1 0 -0.25406605 -1 -1
node 75 8 -0.6641692 25 28
node 52 3 -0.28659755 26 27
node -1 0 -0.49396905 -1 -1
node -1 0 0.21836522 -1 -1
node 26 18 -0.81789154 29 30
node -1 0 -0.47049138 -1 -1
node -1 0 -0.89330155 -1 -1
tree 31
node 79 13 -0.010801387 1 16
node 11 23 -0.26254132 2 9
node 80 25 -0.15335254 3 6
node 80 16 -0.19860624 4 5
node -1 0 -0.058973752 -1 -1
node -1 0 -0.9240411 -1 -1
node 3 20 0.8028657 7 8
node -1 0 1.0449119 -1 -1
node -1 0 -0.39317498 -1 -1
node 13 17 -0.5657009 10 13
node 13 8 -0.37545645 11 12
node -1 0 -0.6066208 -1 -1
node -1 0 -0.18119937 -1 -1
node 75 8 -0.7292808 14 15
node -1 0 -0.49601033 -1 -1
node -1 0 -0.82167447 -1 -1
node 79 26 0.11764341 17 24
node 4 19 0.2154632 18 21
node 36 0 0.34971672 19 20
node -1 0 -1.1591609 -1 -1
node -1 0 0.38623837 -1 -1
node 57 5 -0.11713031 22 23
node -1 0 -0.4982942 -1 -1
node -1 0 0.0537317 -1 -1
node 80 25 -0.290643 25 28
node 79 28 0.27754617 26 27
node -1 0 0.45334634 -1 -1
node -1 0 -0.30079725 -1 -1
node 46 4 -0.54173654 29 30
node -1 0 1.162061 -1 -1
node -1 0 -0.58169836 -1 -1
tree 31
node 79 18 -0.0053687156 1 16
node 78 15 -0.17160335 2 9
node 78 9 -0.036698524 3 6
node 53 4 -0.2966708 4 5
node -1 0 -0.509799 -1 -1
node -1 0 -0.113358006 -1 -1
node 12 21 0.29497832 7 8
node -1 0 0.47319803 -1 -1
node -1 0 -0.292551 -1 -1
node 80 25 -0.5276737 10 13
node 78 24 -0.82376385 11 12
node -1 0 -0.8867103 -1 -1
node -1 0 -0.053789973 -1 -1
node 5 18 0.6649287 14 15
node -1 0 0.9661178 -1 -1
node -1 0 -0.5913974 -1 -1
node 78 20 0.18596095 17 24
node 79 22 0.60119945 18 21
node 78 18 0.3991229 19 20
node -1 0 0.58667 -1 -1
node -1 0 -0.77296317 -1 -1
node 56 1 1.0090989 22 23
node -1 0 -0.450946 -1 -1
node -1 0 1.07283 -1 -1
node 79 28 -0.057290994 25 28
node 78 25 0.04242612 26 27
node -1 0 -0.12411118 -1 -1
node -1 0 0.33121887 -1 -1
node 35 6 -0.44090107 29 30
node -1 0 0.6978506 -1 -1
node -1 0 -0.5283778 -1 -1
tree 31
node 80 9 -0.017102333 1 16
node 54 4 -0.31994155 2 9
node 32 15 -0.5755475 3 6
node 20 11 -0.24007364 4 5
node -1 0 0.10239258 -1 -1
node -1 0 -0.5826246 -1 -1
node 75 8 -0.70123607 7 8
node -1 0 -0.4255003 -1 -1
node -1 0 -0.8491277 -1 -1
node 80 4 -0.219915 10 13
node 7 16 -0.38886786 11 12
node -1 0 -0.60708535 -1 -1
node -1 0 -0.20869905 -1 -1
node 18 16 -0.091305576 14 15
node -1 0 -0.2495011 -1 -1
node -1 0 0.19103457 -1 -1
node 78 15 0.06912409 17 24
node 12 24 0.3234462 18 21
node 4 19 0.45603967 19 20
node -1 0 0.6701633 -1 -1
node -1 0 0.12542725 -1 -1
node 2 26 -0.3543146 22 23
node -1 0 -0.1729258 -1 -1
node -1 0 -0.7000312 -1 -1
node 57 1 -0.04683677 25 28
node 78 24 -0.5927681 26 27
node -1 0 -0.7448746 -1 -1
node -1 0 -0.10844575 -1 -1
node 37 0 -0.005088595 29 30
node -1 0 -0.84643376 -1 -1
node -1 0 0.016744157 -1 -1
tree 31
node 5 17 -0.0077896 1 16
node 38 0 0.113092445 2 9
node 46 2 -0.88730466 3 6
node 80 28 -0.46855065 4 5
node -1 0 -0.5939485 -1 -1
node -1 0 0.6227888 -1 -1
node 23 20 -1.1464027 7 8
node -1 0 -1.3324422 -1 -1
node -1 0 -0.75150037 -1 -1
node 79 28 0.14513342 10 13
node 3 25 0.19697282 11 12
node -1 0 0.24284239 -1 -1
node -1 0 -0.27216408 -1 -1
node 2 27 -0.42635846 14 15
node -1 0 -0.48422068 -1 -1
node -1 0 1.1861404 -1 -1
node 79 19 -0.22133152 17 24
node 75 5 -0.32720047 18 21
node 78 15 -0.008976305 19 20
node -1 0 0.0825453 -1 -1
node -1 0 -0.58438605 -1 -1
node 14 14 -0.4308011 22 23
node -1 0 -0.22822224 -1 -1
node -1 0 -0.58044463 -1 -1
node 78 18 0.11805985 25 28
node 11 25 0.58420146 26 27
node -1 0 0.70725936 -1 -1
node -1 0 -0.3226631 -1 -1
node 78 24 -0.19267021 29 30
node -1 0 -0.5497141 -1 -1
node -1 0 0.15215284 -1 -1
tree 31
node 5 17 -0.0030748476 1 16
node 38 0 0.11383175 2 9
node 46 1 -0.8479892 3 6
node 45 17 -0.41667262 4 5
node -1 0 -0.83553874 -1 -1
node -1 0 -0.04954454 -1 -1
node 23 20 -1.0384719 7 8
node -1 0 -1.2074134 -1 -1
node -1 0 -0.6952318 -1 -1
node 61 1 0.14511472 10 13
node 55 4 0.37963977 11 12
node -1 0 -0.54708034 -1 -1
node -1 0 0.46337008 -1 -1
node 46 9 0.031027755 14 15
node -1 0 0.31624857 -1 -1
node -1 0 -0.13817215 -1 -1
node 53 4 -0.2123992 17 24
node 11 25 -0.4732277 18 21
node 79 19 -0.34559277 19 20
node -1 0 -0.4499414 -1 -1
node -1 0 0.079359986 -1 -1
node 16 17 -0.8176157 22 23
node -1 0 1.4102719 -1 -1
node -1 0 -0.84518474 -1 -1
node 79 18 -0.078833126 25 28
node 80 17 -0.20481306 26 27
node -1 0 -0.108652726 -1 -1
node -1 0 -0.8284304 -1 -1
node 49 1 0.18515486 29 30
node -1 0 0.53070694 -1 -1
node -1 0 -0.048776954 -1 -1
tree 31
node 11 24 -0.005051671 1 16
node 37 0 0.05534205 2 9
node 36 0 -0.7864638 3 6
node 52 0 -1.0009131 4 5
node -1 0 -0.4418012 -1 -1
node -1 0 -1.2386407 -1 -1
node 38 0 -0.55641615 7 8
node -1 0 -1.0651473 -1 -1
node -1 0 -0.19137216 -1 -1
node 45 6 0.08045426 10 13
node 80 25 0.32343945 11 12
node -1 0 0.22205986 -1 -1
node -1 0 1.1183313 -1 -1
node 21 17 0.010156432 14 15
node -1 0 -0.06767134 -1 -1
node -1 0 0.20856783 -1 -1
node 52 2 -0.3834108 17 24
node 75 3 -0.64472216 18 21
node 60 6 -0.06981794 19 20
node -1 0 -0.24430989 -1 -1
node -1 0 1.22123 -1 -1
node 8 26 -0.71215284 22 23
node -1 0 -0.6263939 -1 -1
node -1 0 -0.8708795 -1 -1
node 55 1 -0.21149062 25 28
node 27 20 -0.74515444 26 27
node -1 0 -0.40113595 -1 -1
node -1 0 -0.9599668 -1 -1
node 31 14 -0.13914633 29 30
node -1 0 0.17224126 -1 -1
node -1 0 -0.27430838 -1 -1
tree 31
node 13 23 -0.00886778 1 16
node 37 0 0.054333635 2 9
node 51 0 -0.7333062 3 6
node 75 4 -0.5422032 4 5
node -1 0 0.15957783 -1 -1
node -1 0 -0.7353453 -1 -1
node 51 10 -0.84597874 7 8
node -1 0 -1.0959322 -1 -1
node -1 0 -0.66222334 -1 -1
node 0 19 0.07726452 10 13
node 61 1 0.15971649 11 12
node -1 0 0.4464745 -1 -1
node -1 0 0.02555068 -1 -1
node 78 10 -0.12893076 14 15
node -1 0 -0.31182814 -1 -1
node -1 0 0.018285725 -1 -1
node 58 1 -0.3421633 17 24
node 75 8 -0.65090144 18 21
node 5 24 -0.41162303 19 20
node -1 0 -0.18214186 -1 -1
node -1 0 -0.6652719 -1 -1
node 23 13 -0.75631523 22 23
node -1 0 0.49930155 -1 -1
node -1 0 -0.7723562 -1 -1
node 55 0 -0.18933566 25 28
node 22 16 -0.898644 26 27
node -1 0 -0.24233507 -1 -1
node -1 0 -0.94400364 -1 -1
node 33 16 -0.12760106 29 30
node -1 0 0.12024937 -1 -1
node -1 0 -0.2475546 -1 -1
tree 31
node 4 17 -0.0004610011 1 16
node 79 26 0.11088048 2 9
node 78 24 0.18769991 3 6
node 78 20 0.09330209 4 5
node -1 0 0.22872908 -1 -1
node -1 0 -0.32600456 -1 -1
node 79 24 0.67152804 7 8
node -1 0 0.999185 -1 -1
node -1 0 -0.124222904 -1 -1
node 78 23 -0.25656256 10 13
node 77 4 1.0916629 11 12
node -1 0 0.17745127 -1 -1
node -1 0 1.2966696 -1 -1
node 30 12 -0.4465117 14 15
node -1 0 -0.6506365 -1 -1
node -1 0 -0.14210986 -1 -1
node 79 19 -0.19284578 17 24
node 78 15 -0.28360096 18 21
node 78 10 -0.18917404 19 20
node -1 0 -0.3440034 -1 -1
node -1 0 0.17385072 -1 -1
node 78 25 -0.71845114 22 23
node -1 0 -0.82345814 -1 -1
node -1 0 -0.13119245 -1 -1
node 78 17 0.101060666 25 28
node 12 26 0.65037394 26 27
node -1 0 0.7422942 -1 -1
node -1 0 -0.1917008 -1 -1
node 78 25 -0.15373228 29 30
node -1 0 -0.36740768 -1 -1
node -1 0 0.26489383 -1 -1
tree 31
node 79 16 -0.0021027043 1 16
node 78 15 -0.14992447 2 9
node 78 8 -0.02814977 3 6
node 57 4 -0.24476841 4 5
node -1 0 -0.4373981 -1 -1
node -1 0 -0.10174292 -1 -1
node 55 5 0.20142947 7 8
node -1 0 -0.3743649 -1 -1
node -1 0 0.31469575 -1 -1
node 78 23 -0.52495706 10 13
node 64 6 -0.89674735 11 12
node -1 0 -1.0265325 -1 -1
node -1 0 -0.77875483 -1 -1
node 5 17 0.32927713 14 15
node -1 0 0.6021938 -1 -1
node -1 0 -0.50736094 -1 -1
node 78 20 0.12988888 17 24
node 79 22 0.40877375 18 21
node 78 17 0.22452696 19 20
node -1 0 0.44087967 -1 -1
node -1 0 -0.46962354 -1 -1
node 36 0 0.90744674 22 23
node -1 0 -0.7352902 -1 -1
node -1 0 0.9459565 -1 -1
node 79 28 -0.06633752 25 28
node 78 25 0.0009811204 26 27
node -1 0 -0.13789128 -1 -1
node -1 0 0.23434164 -1 -1
node 39 4 -0.36041287 29 30
node -1 0 1.2035812 -1 -1
node -1 0 -0.43181258 -1 -1
tree 31
node 0 19 -0.0052427757 1 16
node 38 0 0.07923758 2 9
node 5 2 -0.74469876 3 6
node 72 17 -0.26546854 4 5
node -1 0 -0.43658483 -1 -1
node -1 0 0.6004051 -1 -1
node 23 20 -0.9498713 7 8
node -1 0 -1.1374177 -1 -1
node -1 0 -0.616567 -1 -1
node 61 0 0.10266388 10 13
node 78 7 0.3191924 11 12
node -1 0 -0.37888634 -1 -1
node -1 0 0.43001968 -1 -1
node 46 6 0.0061349175 14 15
node -1 0 0.38384485 -1 -1
node -1 0 -0.10400527 -1 -1
node 54 4 -0.20720705 17 24
node 75 8 -0.5911296 18 21
node 7 27 -0.2884787 19 20
node -1 0 -0.5116298 -1 -1
node -1 0 0.41451344 -1 -1
node 13 24 -0.71306056 22 23
node -1 0 -0.45910653 -1 -1
node -1 0 -0.8659099 -1 -1
node 78 16 -0.121340424 25 28
node 78 11 -0.038688336 26 27
node -1 0 -0.23082638 -1 -1
node -1 0 0.32011285 -1 -1
node 78 25 -0.3900796 29 30
node -1 0 -0.5752575 -1 -1
node -1 0 0.20262133 -1 -1
tree 31
node 79 13 -0.0064821145 1 16
node 12 26 -0.19451797 2 9
node 75 14 -0.1334572 3 6
node 37 3 -0.006330727 4 5
node -1 0 -0.5275172 -1 -1
node -1 0 0.045272272 -1 -1
node 26 14 -0.23903924 7 8
node -1 0 -0.15672033 -1 -1
node -1 0 -0.48652664 -1 -1
node 75 8 -0.64870113 10 13
node 62 18 -0.10354004 11 12
node -1 0 -0.27943948 -1 -1
node -1 0 0.8814524 -1 -1
node 33 20 -0.7355378 14 15
node -1 0 -0.5624172 -1 -1
node -1 0 -0.88916415 -1 -1
node 79 26 0.0827726 17 24
node 4 19 0.14743023 18 21
node 36 0 0.25097945 19 20
node -1 0 -1.0159467 -1 -1
node -1 0 0.28115025 -1 -1
node 10 20 -0.11565817 22 23
node -1 0 0.022078155 -1 -1
node -1 0 -0.41026106 -1 -1
node 10 0 -0.20194218 25 28
node 50 10 1.3773439 26 27
node -1 0 2.821638 -1 -1
node -1 0 -0.48673725 -1 -1
node 39 4 -0.21952994 29 30
node -1 0 0.53653955 -1 -1
node -1 0 -0.25497556 -1 -1
tree 31
node 9 17 -0.016711565 1 16
node 49 1 0.07427894 2 9
node 79 14 0.29644856 3 6
node 48 4 0.022176018 4 5
node -1 0 0.4708841 -1 -1
node -1 0 -0.11323949 -1 -1
node 28 0 0.48259056 7 8
node -1 0 -0.66582966 -1 -1
node -1 0 0.5184821 -1 -1
node 45 8 -0.027432306 10 13
node 79 10 0.21579204 11 12
node -1 0 -0.15636395 -1 -1
node -1 0 0.366876 -1 -1
node 72 1 -0.1491674 14 15
node -1 0 -0.33565307 -1 -1
node -1 0 -0.05671567 -1 -1
node 12 26 -0.18028538 17 24
node 79 19 -0.12137014 18 21
node 80 17 -0.20496817 19 20
node -1 0 -0.14892827 -1 -1
node -1 0 -0.6476233 -1 -1
node 61 0 0.13288118 22 23
node -1 0 0.54156727 -1 -1
node -1 0 -0.09616553 -1 -1
node 27 18 -0.5721352 25 28
node 48 4 0.24343057 26 27
node -1 0 0.89078355 -1 -1
node -1 0 -0.1696407 -1 -1
node 75 8 -0.6997634 29 30
node -1 0 -0.058840267 -1 -1
node -1 0 -0.8093613 -1 -1
tree 31
node 12 26 0.0029720848 1 16
node 37 0 0.040550485 2 9
node 38 4 -0.66505986 3 6
node 38 0 -0.56134766 4 5
node -1 0 -0.81898814 -1 -1
node -1 0 -0.14069368 -1 -1
node 59 14 -0.99405664 7 8
node -1 0 -1.1040045 -1 -1
node -1 0 -0.19474386 -1 -1
node 80 5 0.060397312 10 13
node 79 2 -0.24665438 11 12
node -1 0 -0.039417814 -1 -1
node -1 0 -0.4048648 -1 -1
node 78 16 0.098747276 14 15
node -1 0 0.27145848 -1 -1
node -1 0 -0.025226345 -1 -1
node 75 8 -0.38151142 17 24
node 79 18 0.21902438 18 21
node 22 20 -0.12894969 19 20
node -1 0 -0.7614553 -1 -1
node -1 0 0.07893476 -1 -1
node 52 7 0.57350624 22 23
node -1 0 0.8448169 -1 -1
node -1 0 -0.22103617 -1 -1
node 32 16 -0.54063976 25 28
node 2 29 0.05129726 26 27
node -1 0 0.2598075 -1 -1
node -1 0 -0.9562873 -1 -1
node 17 19 -0.824527 29 30
node -1 0 0.8834765 -1 -1
node -1 0 -0.84254384 -1 -1
tree 31
node 79 18 -0.01920301 1 16
node 80 25 -0.1326715 2 9
node 80 17 -0.17997287 3 6
node 80 10 -0.048013773 4 5
node -1 0 -0.20734851 -1 -1
node -1 0 0.14653441 -1 -1
node 35 5 -0.8093843 7 8
node -1 0 -0.5625744 -1 -1
node -1 0 -0.86675984 -1 -1
node 4 19 0.5991573 10 13
node 0 19 0.7616669 11 12
node -1 0 0.9539962 -1 -1
node -1 0 -0.49376833 -1 -1
node 4 28 -0.41967973 14 15
node -1 0 -0.6176121 -1 -1
node -1 0 0.3455664 -1 -1
node 80 22 0.10648434 17 24
node 79 23 0.31876966 18 21
node 80 20 0.18688296 19 20
node -1 0 0.30219546 -1 -1
node -1 0 -0.5656469 -1 -1
node 80 19 0.59734845 22 23
node -1 0 0.3114866 -1 -1
node -1 0 0.78460217 -1 -1
node 79 28 -0.09877743 25 28
node 70 12 -0.025272308 26 27
node -1 0 -0.1344861 -1 -1
node -1 0 0.13394073 -1 -1
node 35 6 -0.35954782 29 30
node -1 0 0.72559345 -1 -1
node -1 0 -0.44724634 -1 -1
tree 31
node 5 17 -0.0037632245 1 16
node 78 16 0.07720459 2 9
node 79 13 0.26863748 3 6
node 78 13 0.01856647 4 5
node -1 0 0.1543409 -1 -1
node -1 0 -0.65913427 -1 -1
node 38 0 0.5964773 7 8
node -1 0 -0.6733805 -1 -1
node -1 0 0.63833463 -1 -1
node 79 20 -0.029523997 10 13
node 78 23 -0.3160141 11 12
node -1 0 -0.7793178 -1 -1
node -1 0 0.5425595 -1 -1
node 78 21 0.072831534 14 15
node -1 0 0.49644607 -1 -1
node -1 0 -0.090205565 -1 -1
node 53 4 -0.15476955 17 24
node 57 1 -0.3689108 18 21
node 25 0 -0.6299458 19 20
node -1 0 0.64465904 -1 -1
node -1 0 -0.6721659 -1 -1
node 12 26 -0.19368574 22 23
node -1 0 -0.10031652 -1 -1
node -1 0 -0.67125195 -1 -1
node 78 16 -0.056906052 25 28
node 79 19 0.041935775 26 27
node -1 0 -0.026154676 -1 -1
node -1 0 0.6246118 -1 -1
node 79 19 -0.280298 29 30
node -1 0 -0.70093817 -1 -1
node -1 0 -0.020765785 -1 -1
tree 29
node 36 0 -0.0054558567 1 14
node 45 1 -0.6823833 2 7
node 78 26 -0.20465149 3 6
node 30 6 -0.35643837 4 5
node -1 0 -1.1555909 -1 -1
node -1 0 -0.2052601 -1 -1
node -1 0 0.72150296 -1 -1
node 4 15 -0.8333168 8 11
node 34 4 -1.0444927 9 10
node -1 0 -0.43040752 -1 -1
node -1 0 -1.0967878 -1 -1
node 56 6 -0.56834614 12 13
node -1 0 -0.9531801 -1 -1
node -1 0 -0.39573824 -1 -1
node 55 4 0.013548194 15 22
node 27 19 -0.30620554 16 19
node 79 10 -0.016799022 17 18
node -1 0 -0.39816365 -1 -1
node -1 0 0.15927237 -1 -1
node 12 26 -0.54601634 20 21
node -1 0 -0.074309394 -1 -1
node -1 0 -0.7329212 -1 -1
node 45 6 0.053829253 23 26
node 80 5 0.25219104 24 25
node -1 0 -0.29337835 -1 -1
node -1 0 0.35057065 -1 -1
node 50 3 -0.0048542344 27 28
node -1 0 0.14049706 -1 -1
node -1 0 -0.119850576 -1 -1
tree 31
node 4 19 -0.008352715 1 16
node 36 0 0.06318864 2 9
node 37 1 -0.7366451 3 6
node 80 12 -0.96961415 4 5
node -1 0 -0.7344805 -1 -1
node -1 0 -1.1194265 -1 -1
node 28 21 -0.42122918 7 8
node -1 0 -0.5622359 -1 -1
node -1 0 0.33135587 -1 -1
node 49 1 0.08715848 10 13
node 78 6 0.28133416 11 12
node -1 0 -0.33408976 -1 -1
node -1 0 0.3567212 -1 -1
node 35 4 -3.0465124E-05 14 15
node -1 0 0.4547708 -1 -1
node -1 0 -0.06116139 -1 -1
node 56 4 -0.17841168 17 24
node 12 26 -0.4850116 18 21
node 7 17 -0.33213583 19 20
node -1 0 -0.62828803 -1 -1
node -1 0 -0.17996131 -1 -1
node 21 12 -0.7600753 22 23
node -1 0 0.35608864 -1 -1
node -1 0 -0.80815375 -1 -1
node 78 16 -0.11409689 25 28
node 78 11 -0.029867847 26 27
node -1 0 -0.20296627 -1 -1
node -1 0 0.30651712 -1 -1
node 78 24 -0.38557893 29 30
node -1 0 -0.6134411 -1 -1
node -1 0 0.18371682 -1 -1
tree 31
node 0 19 -0.0011390172 1 16
node 38 0 0.06521509 2 9
node 51 4 -0.7275528 3 6
node 31 11 -0.4634754 4 5
node -1 0 0.08220675 -1 -1
node -1 0 -0.66958517 -1 -1
node 55 14 -1.0149335 7 8
node -1 0 -0.5364885 -1 -1
node -1 0 -1.130647 -1 -1
node 61 0 0.08638767 10 13
node 46 3 0.2884447 11 12
node -1 0 -0.055852797 -1 -1
node -1 0 0.42763412 -1 -1
node 46 6 -0.0035704202 14 15
node -1 0 0.33137968 -1 -1
node -1 0 -0.1031205 -1 -1
node 54 4 -0.16499615 17 24
node 11 25 -0.49100545 18 21
node 48 7 -0.3827724 19 20
node -1 0 0.054648057 -1 -1
node -1 0 -0.46985137 -1 -1
node 27 4 -0.6928972 22 23
node -1 0 0.4977934 -1 -1
node -1 0 -0.7200934 -1 -1
node 79 19 -0.0986786 25 28
node 80 17 -0.17000352 26 27
node -1 0 -0.11135545 -1 -1
node -1 0 -0.72310174 -1 -1
node 49 1 0.18824045 29 30
node -1 0 0.5706451 -1 -1
node -1 0 -0.077362545 -1 -1
tree 31
node 56 4 0.0006036157 1 16
node 26 18 -0.23371199 2 9
node 45 6 0.019549713 3 6
node 16 24 0.4641198 4 5
node -1 0 0.18395092 -1 -1
node -1 0 1.198671 -1 -1
node 72 17 -0.13431785 7 8
node -1 0 -0.22663337 -1 -1
node -1 0 0.19652714 -1 -1
node 12 26 -0.38110682 10 13
node 35 5 -0.23365574 11 12
node -1 0 -0.526145 -1 -1
node -1 0 -0.13079077 -1 -1
node 17 16 -0.617309 14 15
node -1 0 1.6033651 -1 -1
node -1 0 -0.6471124 -1 -1
node 38 0 0.04395533 17 24
node 19 21 -0.61354345 18 21
node 1 1 -0.81767076 19 20
node -1 0 0.23335065 -1 -1
node -1 0 -0.88036364 -1 -1
node 2 15 -0.27862722 22 23
node -1 0 -0.62196755 -1 -1
node -1 0 0.12425357 -1 -1
node 46 6 0.059896965 25 28
node 80 25 0.23254086 26 27
node -1 0 0.13599104 -1 -1
node -1 0 1.0644125 -1 -1
node 60 8 0.0042001903 29 30
node -1 0 0.10278689 -1 -1
node -1 0 -0.12955159 -1 -1
tree 31
node 79 17 0.00675939 1 16
node 78 15 -0.118625134 2 9
node 4 18 -0.013312152 3 6
node 79 13 0.17048992 4 5
node -1 0 0.038921755 -1 -1
node -1 0 0.55225503 -1 -1
node 56 4 -0.18333164 7 8
node -1 0 -0.46584293 -1 -1
node -1 0 -0.11328465 -1 -1
node 80 25 -0.4411076 10 13
node 78 24 -0.70842874 11 12
node -1 0 -0.76538634 -1 -1
node -1 0 -0.12367665 -1 -1
node 39 1 0.37405676 14 15
node -1 0 1.2714424 -1 -1
node -1 0 0.21065383 -1 -1
node 78 20 0.121304125 17 24
node 79 23 0.3377609 18 21
node 78 17 0.22276549 19 20
node -1 0 0.38836065 -1 -1
node -1 0 -0.21928425 -1 -1
node 8 27 0.8453456 22 23
node -1 0 0.88044256 -1 -1
node -1 0 -0.9377332 -1 -1
node 79 28 -0.023132367 25 28
node 78 25 0.032912415 26 27
node -1 0 -0.09402068 -1 -1
node -1 0 0.253714 -1 -1
node 10 0 -0.2862948 29 30
node -1 0 1.7801156 -1 -1
node -1 0 -0.3158644 -1 -1
tree 31
node 36 0 0.009754306 1 16
node 34 6 -0.62727803 2 9
node 75 22 -0.13208982 3 6
node 70 18 -0.42408487 4 5
node -1 0 -0.66580224 -1 -1
node -1 0 0.33496112 -1 -1
node 0 14 0.31981978 7 8
node -1 0 -0.14720751 -1 -1
node -1 0 1.0409372 -1 -1
node 64 2 -0.7813562 10 13
node 31 24 -0.46210843 11 12
node -1 0 -0.6997997 -1 -1
node -1 0 0.20480852 -1 -1
node 45 1 -0.9489787 14 15
node -1 0 -0.53831553 -1 -1
node -1 0 -1.0125917 -1 -1
node 4 19 0.026735878 17 24
node 50 0 0.09265437 18 21
node 78 7 0.31220046 19 20
node -1 0 -0.29029152 -1 -1
node -1 0 0.40869132 -1 -1
node 45 6 0.024912748 22 23
node -1 0 0.30345097 -1 -1
node -1 0 -0.07063565 -1 -1
node 75 8 -0.13235669 25 28
node 78 17 0.06951572 26 27
node -1 0 0.16274163 -1 -1
node -1 0 -0.35501906 -1 -1
node 78 25 -0.2600277 29 30
node -1 0 -0.307204 -1 -1
node -1 0 0.33246863 -1 -1
tree 29
node 79 13 -0.00561039 1 16
node 80 15 -0.14591105 2 9
node 53 1 -0.04815049 3 6
node 75 8 -0.2691645 4 5
node -1 0 -0.017328652 -1 -1
node -1 0 -0.4346926 -1 -1
node 80 2 0.053800046 7 8
node -1 0 -0.32370764 -1 -1
node -1 0 0.13255763 -1 -1
node 80 25 -0.5281857 10 13
node 66 3 -0.7467663 11 12
node -1 0 -0.97708654 -1 -1
node -1 0 -0.6322906 -1 -1
node 39 0 0.22466436 14 15
node -1 0 1.1944697 -1 -1
node -1 0 0.0032708892 -1 -1
node 36 0 0.05964593 17 22
node 79 28 -0.70567006 18 21
node 52 0 -0.7971577 19 20
node -1 0 -0.3506937 -1 -1
node -1 0 -0.92634076 -1 -1
node -1 0 0.45108163 -1 -1
node 39 4 0.072912335 23 26
node 80 25 0.3624124 24 25
node -1 0 0.20704676 -1 -1
node -1 0 1.0589746 -1 -1
node 61 0 0.03691111 27 28
node -1 0 0.20302406 -1 -1
node -1 0 -0.06183677 -1 -1
tree 31
node 9 17 0.0001585205 1 16
node 49 2 0.07028945 2 9
node 80 10 0.22124821 3 6
node 30 0 -0.1165739 4 5
node -1 0 0.91595435 -1 -1
node -1 0 -0.15754713 -1 -1
node 46 4 0.3065968 7 8
node -1 0 0.7555385 -1 -1
node -1 0 0.23753314 -1 -1
node 45 6 -0.0063240905 10 13
node 80 25 0.22700706 11 12
node -1 0 0.15898801 -1 -1
node -1 0 0.6667071 -1 -1
node 46 10 -0.08226103 14 15
node -1 0 0.065810375 -1 -1
node -1 0 -0.17160268 -1 -1
node 75 5 -0.12881605 17 24
node 59 0 0.06727088 18 21
node 78 11 0.29097793 19 20
node -1 0 0.018772803 -1 -1
node -1 0 0.7406267 -1 -1
node 46 6 -0.12861995 22 23
node -1 0 0.14442967 -1 -1
node -1 0 -0.25799033 -1 -1
node 58 1 -0.19222552 25 28
node 78 23 -0.3985665 26 27
node -1 0 -0.43526867 -1 -1
node -1 0 0.13593565 -1 -1
node 4 17 -0.10140476 29 30
node -1 0 0.20943038 -1 -1
node -1 0 -0.16667406 -1 -1
tree 31
node 79 19 -0.005413607 1 16
node 78 14 -0.097428404 2 9
node 78 10 0.02112131 3 6
node 4 17 -0.12127586 4 5
node -1 0 0.06258151 -1 -1
node -1 0 -0.24259977 -1 -1
node 55 4 0.29331315 7 8
node -1 0 -0.32262102 -1 -1
node -1 0 0.3726711 -1 -1
node 78 23 -0.351923 10 13
node 78 16 -0.5681976 11 12
node -1 0 -0.26567084 -1 -1
node -1 0 -0.76517904 -1 -1
node 35 2 0.2173608 14 15
node -1 0 1.0589956 -1 -1
node -1 0 0.078875095 -1 -1
node 78 20 0.11178182 17 24
node 79 23 0.43281057 18 21
node 78 18 0.29713926 19 20
node -1 0 0.48033556 -1 -1
node -1 0 -0.43682784 -1 -1
node 80 17 0.79645574 22 23
node -1 0 0.16107152 -1 -1
node -1 0 0.8891707 -1 -1
node 79 28 -0.04127199 25 28
node 78 25 0.009964808 26 27
node -1 0 -0.09026865 -1 -1
node -1 0 0.18114726 -1 -1
node 2 26 -0.27015427 29 30
node -1 0 -0.3418527 -1 -1
node -1 0 0.44310257 -1 -1
tree 31
node 0 19 -0.00022031314 1 16
node 38 0 0.061028134 2 9
node 5 2 -0.67427874 3 6
node 71 13 -0.23051107 4 5
node -1 0 -0.5229789 -1 -1
node -1 0 0.34586957 -1 -1
node 80 18 -0.8665347 7 8
node -1 0 -0.68644106 -1 -1
node -1 0 -1.1325644 -1 -1
node 78 14 0.07906606 10 13
node 78 5 0.2565942 11 12
node -1 0 -0.21896723 -1 -1
node -1 0 0.38264057 -1 -1
node 8 26 0.010796998 14 15
node -1 0 0.028845659 -1 -1
node -1 0 -0.6786691 -1 -1
node 54 4 -0.15486884 17 24
node 13 24 -0.41374543 18 21
node 25 12 -0.2109675 19 20
node -1 0 0.6160202 -1 -1
node -1 0 -0.2957512 -1 -1
node 15 17 -0.57670194 22 23
node -1 0 -0.22328945 -1 -1
node -1 0 -0.68684185 -1 -1
node 2 16 -0.10420915 25 28
node 78 17 -0.2174094 26 27
node -1 0 -0.15413532 -1 -1
node -1 0 -0.49654076 -1 -1
node 75 15 0.0027605859 29 30
node -1 0 0.14570244 -1 -1
node -1 0 -0.16881132 -1 -1
tree 31
node 57 4 0.0003774373 1 16
node 53 0 -0.15029049 2 9
node 7 23 -0.54307145 3 6
node 58 3 -0.7224648 4 5
node -1 0 -0.7942405 -1 -1
node -1 0 -0.3031287 -1 -1
node 75 8 -0.2893681 7 8
node -1 0 0.35039586 -1 -1
node -1 0 -0.48618254 -1 -1
node 12 26 -0.06926324 10 13
node 51 3 0.0028187179 11 12
node -1 0 0.22649962 -1 -1
node -1 0 -0.18614091 -1 -1
node 32 19 -0.36210582 14 15
node -1 0 0.12417219 -1 -1
node -1 0 -0.76644135 -1 -1
node 78 18 0.048783306 17 24
node 79 19 0.1485273 18 21
node 80 17 0.0426271 19 20
node -1 0 0.11630165 -1 -1
node -1 0 -0.6458532 -1 -1
node 42 3 0.5611422 22 23
node -1 0 -0.039620873 -1 -1
node -1 0 0.6458346 -1 -1
node 79 23 -0.05118428 25 28
node 78 23 -0.19819482 26 27
node -1 0 -0.820582 -1 -1
node -1 0 0.51221836 -1 -1
node 78 22 0.052575592 29 30
node -1 0 0.7158549 -1 -1
node -1 0 -0.17147303 -1 -1
tree 29
node 38 0 0.0020399555 1 14
node 51 5 -0.59301555 2 9
node 30 3 -0.37407067 3 6
node 10 6 0.24243675 4 5
node -1 0 -0.1742374 -1 -1
node -1 0 0.9505373 -1 -1
node 53 5 -0.4765008 7 8
node -1 0 -0.72948825 -1 -1
node -1 0 -0.14163947 -1 -1
node 9 19 -0.90906847 10 13
node 6 3 -0.9572685 11 12
node -1 0 -0.38968024 -1 -1
node -1 0 -1.0552976 -1 -1
node -1 0 -0.059140854 -1 -1
node 46 6 0.015518688 15 22
node 80 25 0.17867734 16 19
node 78 18 0.10430847 17 18
node -1 0 0.21173593 -1 -1
node -1 0 -0.36693317 -1 -1
node 10 0 0.8257946 20 21
node -1 0 -0.69523686 -1 -1
node -1 0 0.9379715 -1 -1
node 46 15 -0.033898424 23 26
node 80 25 -0.14803392 24 25
node -1 0 -0.100309156 -1 -1
node -1 0 -0.42808977 -1 -1
node 45 6 0.03350202 27 28
node -1 0 0.25722674 -1 -1
node -1 0 -0.034322903 -1 -1
tree 31
node 79 16 -0.001992389 1 16
node 78 14 -0.10312756 2 9
node 78 10 -0.00030428419 3 6
node 0 17 -0.10547821 4 5
node -1 0 0.0437606 -1 -1
node -1 0 -0.21222691 -1 -1
node 80 15 0.2569204 7 8
node -1 0 0.34034845 -1 -1
node -1 0 -0.21572015 -1 -1
node 80 25 -0.3696496 10 13
node 78 15 -0.5418211 11 12
node -1 0 -0.23644589 -1 -1
node -1 0 -0.6259416 -1 -1
node 9 21 0.3005703 14 15
node -1 0 0.42917955 -1 -1
node -1 0 -0.5935102 -1 -1
node 78 20 0.084944814 17 24
node 79 22 0.2655787 18 21
node 78 18 0.13854806 19 20
node -1 0 0.23510447 -1 -1
node -1 0 -0.5557224 -1 -1
node 34 3 0.59824455 22 23
node -1 0 -0.21199355 -1 -1
node -1 0 0.66863346 -1 -1
node 67 3 -0.039784167 25 28
node 79 24 -0.17905621 26 27
node -1 0 0.0572379 -1 -1
node -1 0 -0.31033343 -1 -1
node 78 24 0.035389945 29 30
node -1 0 -0.09875694 -1 -1
node -1 0 0.15421362 -1 -1
tree 31
node 36 0 -0.016350908 1 16
node 45 1 -0.5998859 2 9
node 69 20 -0.15038116 3 6
node 50 0 0.02195815 4 5
node -1 0 -0.3232135 -1 -1
node -1 0 0.45081833 -1 -1
node 0 20 -0.6868205 7 8
node -1 0 -0.22950256 -1 -1
node -1 0 -1.0405835 -1 -1
node 11 28 -0.76412815 10 13
node 77 9 -0.8179894 11 12
node -1 0 -0.5853383 -1 -1
node -1 0 -0.97128224 -1 -1
node 77 11 -0.062481683 14 15
node -1 0 -0.6580282 -1 -1
node -1 0 0.859101 -1 -1
node 7 28 -0.0011859876 17 24
node 4 17 0.014318446 18 21
node 78 14 0.06801202 19 20
node -1 0 0.26275554 -1 -1
node -1 0 -0.0014250424 -1 -1
node 2 14 -0.08705699 22 23
node -1 0 -0.22827326 -1 -1
node -1 0 0.004246366 -1 -1
node 27 18 -0.38502473 25 28
node 78 13 0.16162561 26 27
node -1 0 0.7292728 -1 -1
node -1 0 -0.63066953 -1 -1
node 17 16 -0.57214427 29 30
node -1 0 0.58420503 -1 -1
node -1 0 -0.62544715 -1 -1
tree 31
node 79 9 0.009952992 1 16
node 80 14 -0.15947862 2 9
node 80 8 -0.058616407 3 6
node 75 14 -0.17834459 4 5
node -1 0 -0.010072779 -1 -1
node -1 0 -0.35445774 -1 -1
node 2 26 0.12736326 7 8
node -1 0 0.24902913 -1 -1
node -1 0 -0.50280315 -1 -1
node 80 24 -0.402762 10 13
node 68 2 -0.5635144 11 12
node -1 0 -0.9065594 -1 -1
node -1 0 -0.42845225 -1 -1
node 35 2 0.04241276 14 15
node -1 0 0.98492676 -1 -1
node -1 0 -0.21430263 -1 -1
node 36 0 0.058210913 17 24
node 65 1 -0.56855804 18 21
node 37 0 -0.00045970877 19 20
node -1 0 -0.48698106 -1 -1
node -1 0 0.5349962 -1 -1
node 52 4 -0.73725504 22 23
node -1 0 -0.32493624 -1 -1
node -1 0 -0.8952898 -1 -1
node 79 26 0.07109235 25 28
node 80 25 0.11055035 26 27
node -1 0 0.05630897 -1 -1
node -1 0 0.4518074 -1 -1
node 80 25 -0.13645966 29 30
node -1 0 0.34815708 -1 -1
node -1 0 -0.37970394 -1 -1
tree 31
node 5 17 -0.009692086 1 16
node 25 1 0.055798482 2 9
node 31 22 -0.26654392 3 6
node 49 6 -0.18473671 4 5
node -1 0 -0.022662355 -1 -1
node -1 0 -0.3658334 -1 -1
node 47 13 -1.1243807 7 8
node -1 0 -1.5288392 -1 -1
node -1 0 -0.058701776 -1 -1
node 61 0 0.088230535 10 13
node 8 19 0.26573816 11 12
node -1 0 0.36395997 -1 -1
node -1 0 -0.091989525 -1 -1
node 46 6 0.012485247 14 15
node -1 0 0.27156305 -1 -1
node -1 0 -0.0614386 -1 -1
node 79 19 -0.13442671 17 24
node 75 6 -0.19578122 18 21
node 79 0 0.0055505484 19 20
node -1 0 0.90634865 -1 -1
node -1 0 -0.029713126 -1 -1
node 45 4 -0.28422806 22 23
node -1 0 -0.021389265 -1 -1
node -1 0 -0.37343678 -1 -1
node 79 26 0.044086758 25 28
node 49 0 0.15252513 26 27
node -1 0 0.39918187 -1 -1
node -1 0 -0.02308202 -1 -1
node 19 12 -0.5175425 29 30
node -1 0 0.14803027 -1 -1
node -1 0 -0.71874547 -1 -1
tree 31
node 0 19 -0.0062378775 1 16
node 38 0 0.04605653 2 9
node 46 2 -0.5516746 3 6
node 45 17 -0.1337151 4 5
node -1 0 -0.56105316 -1 -1
node -1 0 0.22555965 -1 -1
node 77 3 -0.81938994 7 8
node -1 0 0.026902786 -1 -1
node -1 0 -0.94793785 -1 -1
node 61 1 0.060217995 10 13
node 48 2 0.1868571 11 12
node -1 0 -0.1334359 -1 -1
node -1 0 0.27705297 -1 -1
node 46 6 -0.0042614266 14 15
node -1 0 0.2349061 -1 -1
node -1 0 -0.07941169 -1 -1
node 75 5 -0.13825206 17 24
node 51 0 0.07965249 18 21
node 28 18 0.29643336 19 20
node -1 0 -0.30079323 -1 -1
node -1 0 0.4515228 -1 -1
node 68 22 -0.13552777 22 23
node -1 0 -0.04312904 -1 -1
node -1 0 -0.486318 -1 -1
node 54 4 -0.2189929 25 28
node 25 11 -0.47798604 26 27
node -1 0 0.32777417 -1 -1
node -1 0 -0.5389478 -1 -1
node 5 17 -0.16688581 29 30
node -1 0 0.47918463 -1 -1
node -1 0 -0.19003773 -1 -1
tree 31
node 9 17 -0.008263727 1 16
node 25 1 0.052394826 2 9
node 30 23 -0.3147798 3 6
node 47 10 -0.23237173 4 5
node -1 0 -0.42852956 -1 -1
node -1 0 -0.0054194117 -1 -1
node 75 23 -1.6368318 7 8
node -1 0 -0.86180115 -1 -1
node -1 0 -2.4678297 -1 -1
node 78 15 0.078397356 10 13
node 25 12 0.2256955 11 12
node -1 0 0.5486222 -1 -1
node -1 0 0.058327675 -1 -1
node 79 19 0.014221273 14 15
node -1 0 -0.22157317 -1 -1
node -1 0 0.08278653 -1 -1
node 2 10 -0.120980255 17 24
node 58 3 -0.27571824 18 21
node 78 12 -0.4891918 19 20
node -1 0 -0.6411198 -1 -1
node -1 0 -0.2353369 -1 -1
node 49 7 -0.15001215 22 23
node -1 0 -0.07159401 -1 -1
node -1 0 -0.5694765 -1 -1
node 32 9 -0.052355338 25 28
node 46 6 -0.27361467 26 27
node -1 0 0.077714086 -1 -1
node -1 0 -0.45856288 -1 -1
node 2 28 -0.004637545 29 30
node -1 0 0.04000647 -1 -1
node -1 0 -0.3276325 -1 -1
tree 31
node 36 0 0.0006626602 1 16
node 45 1 -0.52088594 2 9
node 80 8 -0.18369047 3 6
node 60 0 -0.6067488 4 5
node -1 0 -0.78037643 -1 -1
node -1 0 0.033777434 -1 -1
node 71 2 0.12030563 7 8
node -1 0 0.55891156 -1 -1
node -1 0 -0.33655533 -1 -1
node 70 24 -0.6563967 10 13
node 4 20 -0.72921693 11 12
node -1 0 -0.85808694 -1 -1
node -1 0 -0.30646116 -1 -1
node 64 16 0.08117164 14 15
node -1 0 0.80795634 -1 -1
node -1 0 -0.9057613 -1 -1
node 14 14 0.013151323 17 24
node 50 4 0.08193201 18 21
node 45 8 0.23394369 19 20
node -1 0 0.05103855 -1 -1
node -1 0 0.40044975 -1 -1
node 35 4 0.01739163 22 23
node -1 0 0.3435579 -1 -1
node -1 0 -0.03848481 -1 -1
node 75 8 -0.07209447 25 28
node 27 19 0.03784853 26 27
node -1 0 -0.18515679 -1 -1
node -1 0 0.14642136 -1 -1
node 32 19 -0.13241763 29 30
node -1 0 -0.065588616 -1 -1
node -1 0 -0.34077743 -1 -1
tree 31
node 38 0 0.006540051 1 16
node 50 3 -0.52652526 2 9
node 30 4 -0.28976056 3 6
node 14 22 0.370947 4 5
node -1 0 -0.25561005 -1 -1
node -1 0 0.8107227 -1 -1
node 12 22 -0.46512237 7 8
node -1 0 -0.31344956 -1 -1
node -1 0 -1.0781004 -1 -1
node 8 6 -0.8849039 10 13
node 75 20 -0.3789014 11 12
node -1 0 0.13667385 -1 -1
node -1 0 -0.8462345 -1 -1
node 55 9 -1.0207763 14 15
node -1 0 -0.6210221 -1 -1
node -1 0 -1.0929145 -1 -1
node 57 4 0.017789982 17 24
node 53 0 -0.12410607 18 21
node 7 22 -0.5162155 19 20
node -1 0 -0.73361206 -1 -1
node -1 0 -0.22595884 -1 -1
node 69 3 -0.050634097 22 23
node -1 0 -0.27299505 -1 -1
node -1 0 0.003247865 -1 -1
node 21 14 0.06250168 25 28
node 9 17 0.0033790064 26 27
node -1 0 0.061520245 -1 -1
node -1 0 -0.14387088 -1 -1
node 78 19 0.1828466 29 30
node -1 0 0.3003133 -1 -1
node -1 0 0.04731255 -1 -1
tree 31
node 79 18 -0.0030791392 1 16
node 78 14 -0.0783835 2 9
node 78 10 0.014707834 3 6
node 79 11 -0.089228414 4 5
node -1 0 -0.0053927465 -1 -1
node -1 0 -0.26731992 -1 -1
node 12 24 0.22893326 7 8
node -1 0 0.2958087 -1 -1
node -1 0 -0.20616204 -1 -1
node 78 23 -0.28923658 10 13
node 78 16 -0.49746084 11 12
node -1 0 -0.2269631 -1 -1
node -1 0 -0.6696345 -1 -1
node 35 3 0.19297038 14 15
node -1 0 0.88211524 -1 -1
node -1 0 0.041162 -1 -1
node 78 20 0.07640933 17 24
node 79 23 0.29569954 18 21
node 78 18 0.19640908 19 20
node -1 0 0.28220478 -1 -1
node -1 0 -0.25205046 -1 -1
node 6 26 0.6565465 22 23
node -1 0 0.6889837 -1 -1
node -1 0 -0.85624635 -1 -1
node 39 4 -0.051326506 25 28
node 78 23 0.27102077 26 27
node -1 0 -0.38012543 -1 -1
node -1 0 0.608331 -1 -1
node 60 8 -0.07413282 29 30
node -1 0 0.026240269 -1 -1
node -1 0 -0.16269086 -1 -1
tree 31
node 12 26 -0.0069803377 1 16
node 37 0 0.015089004 2 9
node 38 2 -0.44435027 3 6
node 38 0 -0.3207692 4 5
node -1 0 -0.49018726 -1 -1
node -1 0 -0.0673224 -1 -1
node 19 5 -0.8216953 7 8
node -1 0 -0.4320234 -1 -1
node -1 0 -0.9468053 -1 -1
node 79 9 0.026217047 10 13
node 80 14 -0.09668135 11 12
node -1 0 0.02062282 -1 -1
node -1 0 -0.37033188 -1 -1
node 46 7 0.060363743 14 15
node -1 0 0.21013178 -1 -1
node -1 0 0.013568419 -1 -1
node 32 16 -0.25482622 17 24
node 2 29 0.11110615 18 21
node 23 22 0.2286205 19 20
node -1 0 -0.04917655 -1 -1
node -1 0 0.5455992 -1 -1
node 32 14 -0.8690041 22 23
node -1 0 -0.9285827 -1 -1
node -1 0 -0.05111393 -1 -1
node 75 8 -0.43915913 25 28
node 79 24 0.19812319 26 27
node -1 0 0.037783377 -1 -1
node -1 0 0.8022784 -1 -1
node 56 9 -0.6891154 29 30
node -1 0 -0.76738846 -1 -1
node -1 0 -0.104014695 -1 -1
tree 31
node 36 0 -0.008833637 1 16
node 34 4 -0.4758921 2 9
node 55 23 -0.032610904 3 6
node 55 18 0.24701259 4 5
node -1 0 -0.23947822 -1 -1
node -1 0 0.8550143 -1 -1
node 46 16 -0.6475746 7 8
node -1 0 -1.017601 -1 -1
node -1 0 -0.19603257 -1 -1
node 45 17 -0.5826014 10 13
node 64 2 -0.43800074 11 12
node -1 0 -0.09353052 -1 -1
node -1 0 -0.6220643 -1 -1
node 28 21 -0.9017356 14 15
node -1 0 -1.2604527 -1 -1
node -1 0 -0.4180336 -1 -1
node 70 1 0.0020325216 17 24
node 78 7 -0.1346304 18 21
node 28 0 -0.46537572 19 20
node -1 0 -1.1452549 -1 -1
node -1 0 -0.4184087 -1 -1
node 35 4 -0.08606177 22 23
node -1 0 0.31875563 -1 -1
node -1 0 -0.15642734 -1 -1
node 4 17 0.037254095 25 28
node 49 1 0.09770178 26 27
node -1 0 0.2383625 -1 -1
node -1 0 0.033543885 -1 -1
node 75 5 -0.06239761 29 30
node -1 0 0.1383247 -1 -1
node -1 0 -0.13875175 -1 -1
tree 31
node 53 1 -0.007279689 1 16
node 57 4 -0.16492744 2 9
node 7 24 -0.49319434 3 6
node 70 20 -0.69786847 4 5
node -1 0 -0.7624876 -1 -1
node -1 0 -0.3084414 -1 -1
node 16 18 -0.1672411 7 8
node -1 0 0.37429237 -1 -1
node -1 0 -0.34037304 -1 -1
node 75 15 -0.05593986 10 13
node 59 0 0.082091756 11 12
node -1 0 0.37502253 -1 -1
node -1 0 -0.11222377 -1 -1
node 44 17 -0.2804502 14 15
node -1 0 -0.43434662 -1 -1
node -1 0 -0.010677396 -1 -1
node 28 0 0.023074698 17 24
node 31 16 -0.32448334 18 21
node 79 23 -0.121638864 19 20
node -1 0 -0.2985028 -1 -1
node -1 0 0.2736592 -1 -1
node 45 10 -1.042285 22 23
node -1 0 -1.4215349 -1 -1
node -1 0 -0.089606404 -1 -1
node 7 28 0.03642772 25 28
node 49 1 0.04683981 26 27
node -1 0 0.1429356 -1 -1
node -1 0 -0.011009909 -1 -1
node 18 11 -0.43204847 29 30
node -1 0 0.31921762 -1 -1
node -1 0 -0.641865 -1 -1
tree 31
node 13 24 0.0071122497 1 16
node 77 17 0.030153029 2 9
node 11 24 0.10207146 3 6
node 63 2 0.14366767 4 5
node -1 0 0.31634414 -1 -1
node -1 0 0.08560691 -1 -1
node 52 3 -0.16036631 7 8
node -1 0 -0.4459417 -1 -1
node -1 0 -0.036559418 -1 -1
node 12 23 -0.043379053 10 13
node 4 17 -0.07606732 11 12
node -1 0 -0.02865234 -1 -1
node -1 0 -0.21684477 -1 -1
node 48 2 0.2856749 14 15
node -1 0 1.2083346 -1 -1
node -1 0 0.124942675 -1 -1
node 58 1 -0.15832098 17 24
node 74 20 -0.49875227 18 21
node 78 16 -0.52911407 19 20
node -1 0 -0.46566793 -1 -1
node -1 0 -0.8828488 -1 -1
node 78 11 0.47292694 22 23
node -1 0 -0.46647692 -1 -1
node -1 0 1.6210647 -1 -1
node 75 8 -0.029956263 25 28
node 59 1 0.26580906 26 27
node -1 0 0.7346791 -1 -1
node -1 0 0.07068926 -1 -1
node 33 16 -0.19231442 29 30
node -1 0 0.22710082 -1 -1
node -1 0 -0.5140655 -1 -1
tree 31
node 37 0 -0.0020850198 1 16
node 69 0 -0.4802904 2 9
node 75 18 -0.012562079 3 6
node 76 15 -0.6249125 4 5
node -1 0 -0.17289166 -1 -1
node -1 0 -1.0802414 -1 -1
node 4 16 0.3483663 7 8
node -1 0 0.05669298 -1 -1
node -1 0 1.3741337 -1 -1
node 11 1 -0.5649577 10 13
node 48 16 0.16917147 11 12
node -1 0 -0.7750425 -1 -1
node -1 0 0.9221926 -1 -1
node 80 15 -0.6098181 14 15
node -1 0 -0.46059877 -1 -1
node -1 0 -0.8395249 -1 -1
node 11 24 0.008970114 17 24
node 14 0 0.03273983 18 21
node 78 13 -0.35627916 19 20
node -1 0 -0.20694527 -1 -1
node -1 0 -0.6265084 -1 -1
node 45 6 0.04683629 22 23
node -1 0 0.20431274 -1 -1
node -1 0 0.004466769 -1 -1
node 26 12 -0.16271809 25 28
node 13 11 0.4205878 26 27
node -1 0 -0.049985625 -1 -1
node -1 0 0.620332 -1 -1
node 75 8 -0.23341654 29 30
node -1 0 0.0021886313 -1 -1
node -1 0 -0.38447452 -1 -1
tree 31
node 79 19 0.0074174535 1 16
node 78 15 -0.056952335 2 9
node 78 10 0.021544129 3 6
node 79 11 -0.08493086 4 5
node -1 0 0.020495655 -1 -1
node -1 0 -0.28175524 -1 -1
node 79 10 0.18812577 7 8
node -1 0 -0.0842782 -1 -1
node -1 0 0.3496288 -1 -1
node 78 23 -0.27897218 10 13
node 80 18 -0.54448515 11 12
node -1 0 -0.36240014 -1 -1
node -1 0 -0.6922642 -1 -1
node 0 17 0.20673315 14 15
node -1 0 0.38668245 -1 -1
node -1 0 -0.38731894 -1 -1
node 78 20 0.08721427 17 24
node 79 23 0.317406 18 21
node 78 17 0.22660097 19 20
node -1 0 0.44173035 -1 -1
node -1 0 -0.1386735 -1 -1
node 70 8 0.5552887 22 23
node -1 0 0.8334745 -1 -1
node -1 0 0.3722955 -1 -1
node 66 3 -0.020643704 25 28
node 32 14 -0.1397471 26 27
node -1 0 -0.25318503 -1 -1
node -1 0 0.08894067 -1 -1
node 63 2 0.04261115 29 30
node -1 0 0.32180068 -1 -1
node -1 0 0.0012180075 -1 -1
tree 31
node 36 0 0.0055896584 1 16
node 25 22 -0.47605625 2 9
node 34 6 -0.6257848 3 6
node 46 17 -0.2287165 4 5
node -1 0 -0.6320634 -1 -1
node -1 0 0.34230533 -1 -1
node 2 12 -0.7817374 7 8
node -1 0 -1.0661248 -1 -1
node -1 0 -0.60232425 -1 -1
node 56 7 -0.24509366 10 13
node 14 24 -0.674626 11 12
node -1 0 -0.8681993 -1 -1
node -1 0 0.53366065 -1 -1
node 77 3 0.033435803 14 15
node -1 0 0.63791037 -1 -1
node -1 0 -0.16589808 -1 -1
node 69 0 0.016501926 17 24
node 80 8 -0.12058774 18 21
node 20 2 -0.4368385 19 20
node -1 0 -0.87938106 -1 -1
node -1 0 -0.3274604 -1 -1
node 28 0 -0.07584391 22 23
node -1 0 -0.70208156 -1 -1
node -1 0 -0.05171973 -1 -1
node 14 14 0.044417575 25 28
node 78 16 0.10612543 26 27
node -1 0 0.23396173 -1 -1
node -1 0 0.02583359 -1 -1
node 17 7 -0.027614933 29 30
node -1 0 -0.2455139 -1 -1
node -1 0 0.01669476 -1 -1
tree 31
node 46 6 -0.001989273 1 16
node 78 24 0.1230206 2 9
node 78 18 0.05318166 3 6
node 80 10 0.13468678 4 5
node -1 0 -0.0940204 -1 -1
node -1 0 0.34171072 -1 -1
node 79 22 -0.34602034 7 8
node -1 0 -0.56269807 -1 -1
node -1 0 0.13236257 -1 -1
node 31 2 0.68480164 10 13
node 79 19 -0.36817655 11 12
node -1 0 -1.2970933 -1 -1
node -1 0 0.45957747 -1 -1
node 10 0 0.7901581 14 15
node -1 0 -0.49494952 -1 -1
node -1 0 0.87470365 -1 -1
node 79 19 -0.041352317 17 24
node 78 15 -0.123651855 18 21
node 56 22 -0.052676998 19 20
node -1 0 -0.0034204037 -1 -1
node -1 0 -0.29736617 -1 -1
node 80 24 -0.3042494 22 23
node -1 0 -0.481211 -1 -1
node -1 0 0.18351369 -1 -1
node 78 21 0.036272038 25 28
node 79 24 0.23429272 26 27
node -1 0 0.043295424 -1 -1
node -1 0 0.81628245 -1 -1
node 79 24 -0.076247096 29 30
node -1 0 0.12259388 -1 -1
node -1 0 -0.15337986 -1 -1
tree 31
node 78 4 0.0037133438 1 16
node 2 20 -0.2000096 2 9
node 32 0 -0.3878088 3 6
node 27 13 0.39116007 4 5
node -1 0 0.79439205 -1 -1
node -1 0 -0.88708663 -1 -1
node 3 16 -0.4272397 7 8
node -1 0 -0.67752635 -1 -1
node -1 0 -0.31068447 -1 -1
node 32 15 0.01888697 10 13
node 65 13 0.3539295 11 12
node -1 0 0.075725265 -1 -1
node -1 0 0.89136624 -1 -1
node 54 6 -0.23451552 14 15
node -1 0 -0.49578428 -1 -1
node -1 0 0.014062381 -1 -1
node 46 6 0.020999469 17 24
node 78 23 0.13432854 18 21
node 80 20 0.058753405 19 20
node -1 0 0.16441633 -1 -1
node -1 0 -0.5814891 -1 -1
node 10 0 0.51561916 22 23
node -1 0 -0.77405715 -1 -1
node -1 0 0.625973 -1 -1
node 46 15 -0.011705256 25 28
node 78 23 -0.11935451 26 27
node -1 0 -0.06133432 -1 -1
node -1 0 -0.31861123 -1 -1
node 45 5 0.05160699 29 30
node -1 0 0.27027872 -1 -1
node -1 0 0.001669846 -1 -1
tree 31
node 11 24 -0.001932117 1 16
node 22 7 0.023425596 2 9
node 42 14 -0.067742914 3 6
node 50 10 -0.16986777 4 5
node -1 0 -0.033723034 -1 -1
node -1 0 -0.36440608 -1 -1
node 31 12 0.014833817 7 8
node -1 0 0.06872794 -1 -1
node -1 0 -0.31035218 -1 -1
node 36 0 0.071166225 10 13
node 65 15 -0.36389515 11 12
node -1 0 -0.15476136 -1 -1
node -1 0 -0.76845205 -1 -1
node 79 28 0.081368975 14 15
node -1 0 0.09817313 -1 -1
node -1 0 -0.21201979 -1 -1
node 75 8 -0.18892586 17 24
node 18 19 0.03290259 18 21
node 40 3 -0.31088638 19 20
node -1 0 -0.82664865 -1 -1
node -1 0 -0.15969002 -1 -1
node 53 4 0.22827058 22 23
node -1 0 -0.20638952 -1 -1
node -1 0 0.42555723 -1 -1
node 32 16 -0.31792855 25 28
node 75 16 -0.03150302 26 27
node -1 0 0.26890743 -1 -1
node -1 0 -0.3435229 -1 -1
node 77 11 -0.60224 29 30
node -1 0 -0.79783344 -1 -1
node -1 0 -0.39457276 -1 -1
tree 29
node 38 0 0.008122257 1 14
node 49 3 -0.43278825 2 9
node 30 4 -0.22896732 3 6
node 31 11 0.43468493 4 5
node -1 0 0.88498634 -1 -1
node -1 0 -0.32074264 -1 -1
node 27 21 -0.4095693 7 8
node -1 0 -0.766862 -1 -1
node -1 0 -0.07505377 -1 -1
node 4 21 -0.81814075 10 13
node 2 3 -0.88717824 11 12
node -1 0 -0.18556242 -1 -1
node -1 0 -0.9689935 -1 -1
node -1 0 -0.076066695 -1 -1
node 5 18 0.017098248 15 22
node 29 1 0.05811046 16 19
node 34 16 -0.23248976 17 18
node -1 0 -0.13452731 -1 -1
node -1 0 -1.027543 -1 -1
node 45 6 0.07884873 20 21
node -1 0 0.25627875 -1 -1
node -1 0 0.034447793 -1 -1
node 79 0 -0.073613144 23 26
node 3 20 0.519873 24 25
node -1 0 -0.035560742 -1 -1
node -1 0 0.8987422 -1 -1
node 33 17 -0.09307443 27 28
node -1 0 -0.17618738 -1 -1
node -1 0 -0.0030262189 -1 -1
tree 31
node 12 26 -0.0009888891 1 16
node 12 11 0.016458705 2 9
node 5 18 -0.04659787 3 6
node 25 1 0.005910691 4 5
node -1 0 -0.31281322 -1 -1
node -1 0 0.043810826 -1 -1
node 53 0 -0.22244069 7 8
node -1 0 -0.5133899 -1 -1
node -1 0 -0.16675825 -1 -1
node 79 28 0.07511629 10 13
node 8 11 0.09480397 11 12
node -1 0 -0.09317966 -1 -1
node -1 0 0.12943149 -1 -1
node 14 26 -0.27268627 14 15
node -1 0 -0.3409564 -1 -1
node -1 0 2.3725104 -1 -1
node 31 14 -0.20454109 17 24
node 2 29 0.12796964 18 21
node 22 13 0.234937 19 20
node -1 0 -0.88765687 -1 -1
node -1 0 0.30599707 -1 -1
node 38 2 -0.59239525 22 23
node -1 0 0.67498845 -1 -1
node -1 0 -0.7152231 -1 -1
node 75 8 -0.3655826 25 28
node 77 4 0.18729684 26 27
node -1 0 -0.44334728 -1 -1
node -1 0 0.39037934 -1 -1
node 22 18 -0.58388895 29 30
node -1 0 0.65003633 -1 -1
node -1 0 -0.626663 -1 -1
tree 31
node 79 9 -0.007152481 1 16
node 78 12 -0.12800488 2 9
node 78 6 0.0057862224 3 6
node 17 10 -0.12069811 4 5
node -1 0 -0.42695504 -1 -1
node -1 0 -0.00321282 -1 -1
node 55 5 0.15808289 7 8
node -1 0 -0.35556138 -1 -1
node -1 0 0.24866918 -1 -1
node 78 23 -0.39510995 10 13
node 71 6 -0.54826796 11 12
node -1 0 -0.7971609 -1 -1
node -1 0 -0.37186772 -1 -1
node 39 0 -0.0056547592 14 15
node -1 0 1.0796928 -1 -1
node -1 0 -0.19178712 -1 -1
node 78 17 0.02691609 17 24
node 78 10 0.12174101 18 21
node 79 11 -0.106073 19 20
node -1 0 0.2427854 -1 -1
node -1 0 -0.24240752 -1 -1
node 28 0 0.25176007 22 23
node -1 0 -0.4309401 -1 -1
node -1 0 0.2800416 -1 -1
node 79 23 -0.041957214 25 28
node 78 23 -0.17991339 26 27
node -1 0 -0.6042612 -1 -1
node -1 0 0.48481333 -1 -1
node 78 22 0.055002205 29 30
node -1 0 0.5466245 -1 -1
node -1 0 -0.14282782 -1 -1
tree 31
node 38 0 0.0065350616 1 16
node 50 3 -0.494859 2 9
node 0 26 -0.2921088 3 6
node 46 1 -0.40599662 4 5
node -1 0 0.06577875 -1 -1
node -1 0 -0.61882865 -1 -1
node 46 16 0.50615925 7 8
node -1 0 1.3468283 -1 -1
node -1 0 -0.0027547174 -1 -1
node 4 7 -0.8019284 10 13
node 80 24 -0.49022353 11 12
node -1 0 -0.7750756 -1 -1
node -1 0 -0.09986984 -1 -1
node 52 0 -0.97173595 14 15
node -1 0 0.038959816 -1 -1
node -1 0 -1.0420842 -1 -1
node 77 17 0.016729863 17 24
node 10 14 0.070956044 18 21
node 61 2 0.15324336 19 20
node -1 0 0.29908597 -1 -1
node -1 0 0.047627885 -1 -1
node 7 14 -0.012267396 22 23
node -1 0 -0.10347108 -1 -1
node -1 0 0.0602239 -1 -1
node 58 1 -0.045001283 25 28
node 47 15 -0.1914374 26 27
node -1 0 -0.34072918 -1 -1
node -1 0 -0.016801074 -1 -1
node 46 6 -0.01354419 29 30
node -1 0 0.11984778 -1 -1
node -1 0 -0.06353244 -1 -1
tree 31
node 54 1 -0.0029659313 1 16
node 78 16 -0.19587933 2 9
node 78 7 -0.12002198 3 6
node 55 16 -0.32248142 4 5
node -1 0 -0.48029825 -1 -1
node -1 0 0.23267876 -1 -1
node 6 13 0.01853891 7 8
node -1 0 -0.24513048 -1 -1
node -1 0 0.32521152 -1 -1
node 19 6 -0.5293629 10 13
node 66 5 0.36936507 11 12
node -1 0 1.0701367 -1 -1
node -1 0 -0.08019511 -1 -1
node 30 22 -0.5862626 14 15
node -1 0 -0.7498313 -1 -1
node -1 0 -0.2757009 -1 -1
node 70 2 0.014047101 17 24
node 35 3 -0.08828463 18 21
node 78 23 0.19877942 19 20
node -1 0 -0.014507895 -1 -1
node -1 0 1.0466276 -1 -1
node 30 11 -0.13510488 22 23
node -1 0 -0.2437182 -1 -1
node -1 0 -0.044874903 -1 -1
node 46 6 0.04657952 25 28
node 80 25 0.16451266 26 27
node -1 0 0.11563694 -1 -1
node -1 0 0.646029 -1 -1
node 73 0 0.010528023 29 30
node -1 0 0.18798162 -1 -1
node -1 0 -0.023584131 -1 -1
tree 31
node 38 0 0.0010044568 1 16
node 26 20 -0.42732316 2 9
node 78 11 -0.6236263 3 6
node 80 9 -0.34831262 4 5
node -1 0 -0.6270714 -1 -1
node -1 0 0.23859173 -1 -1
node 46 0 -0.8303814 7 8
node -1 0 -0.14116548 -1 -1
node -1 0 -0.9295716 -1 -1
node 72 11 -0.0101402 10 13
node 64 3 0.36251178 11 12
node -1 0 0.8585717 -1 -1
node -1 0 -0.18484247 -1 -1
node 66 13 -0.53979564 14 15
node -1 0 -1.0548612 -1 -1
node -1 0 -0.109696545 -1 -1
node 36 0 0.009174212 17 24
node 34 6 -0.4269634 18 21
node 48 13 -0.05844196 19 20
node -1 0 -0.6034206 -1 -1
node -1 0 0.2487783 -1 -1
node 66 9 -0.58510196 22 23
node -1 0 -0.26983523 -1 -1
node -1 0 -0.77165365 -1 -1
node 12 26 0.016655333 25 28
node 55 13 0.03335212 26 27
node -1 0 0.11796812 -1 -1
node -1 0 -0.010739652 -1 -1
node 17 16 -0.18164356 29 30
node -1 0 1.5675693 -1 -1
node -1 0 -0.21343051 -1 -1
tree 31
node 79 19 0.0018671785 1 16
node 80 25 -0.051042117 2 9
node 80 16 -0.076511435 3 6
node 4 18 0.002102273 4 5
node -1 0 0.09101923 -1 -1
node -1 0 -0.08042545 -1 -1
node 46 15 -0.4187393 7 8
node -1 0 -0.55120265 -1 -1
node -1 0 -0.22926103 -1 -1
node 75 6 0.31642032 10 13
node 34 1 -0.50455266 11 12
node -1 0 -1.5398903 -1 -1
node -1 0 -0.17169628 -1 -1
node 4 22 0.47339895 14 15
node -1 0 0.579088 -1 -1
node -1 0 -0.4863047 -1 -1
node 80 22 0.066732526 17 24
node 37 12 0.20277944 18 21
node 77 2 0.03287725 19 20
node -1 0 0.4249945 -1 -1
node -1 0 -0.024095044 -1 -1
node 31 18 0.3283773 22 23
node -1 0 0.43488643 -1 -1
node -1 0 0.12506835 -1 -1
node 35 4 -0.044082634 25 28
node 80 25 0.3237663 26 27
node -1 0 -0.53333205 -1 -1
node -1 0 0.76399803 -1 -1
node 32 11 -0.06948723 29 30
node -1 0 -0.16714661 -1 -1
node -1 0 0.042972956 -1 -1
tree 31
node 53 1 0.008271666 1 16
node 57 5 -0.12854029 2 9
node 1 18 -0.37609622 3 6
node 12 24 -0.6216243 4 5
node -1 0 -0.7856682 -1 -1
node -1 0 -0.3125253 -1 -1
node 7 24 -0.12259667 7 8
node -1 0 -0.3981785 -1 -1
node -1 0 0.17917602 -1 -1
node 60 1 -0.033187754 10 13
node 79 13 0.13335027 11 12
node -1 0 -0.06962484 -1 -1
node -1 0 0.4185026 -1 -1
node 46 6 -0.16804662 14 15
node -1 0 0.08376334 -1 -1
node -1 0 -0.35031706 -1 -1
node 70 13 0.034218356 17 24
node 39 4 -0.015387065 18 21
node 61 11 0.14583972 19 20
node -1 0 0.029492522 -1 -1
node -1 0 0.49474436 -1 -1
node 32 8 -0.042716693 22 23
node -1 0 -0.13509113 -1 -1
node -1 0 0.008757653 -1 -1
node 79 29 0.11085071 25 28
node 20 0 0.12599339 26 27
node -1 0 -0.33510658 -1 -1
node -1 0 0.14219871 -1 -1
node 11 1 -0.3517653 29 30
node -1 0 0.9903183 -1 -1
node -1 0 -0.49713647 -1 -1
tree 31
node 37 0 -0.0061852913 1 16
node 68 15 -0.4008842 2 9
node 75 18 -0.5987447 3 6
node 30 23 -0.8969217 4 5
node -1 0 -1.111879 -1 -1
node -1 0 -0.32498243 -1 -1
node 38 0 -0.26108256 7 8
node -1 0 -0.84930044 -1 -1
node -1 0 -0.0013993654 -1 -1
node 80 18 -0.21032007 10 13
node 79 21 -0.044524923 11 12
node -1 0 -0.18803453 -1 -1
node -1 0 0.85630786 -1 -1
node 79 26 -0.7877225 14 15
node -1 0 -1.00778 -1 -1
node -1 0 0.15678732 -1 -1
node 79 13 0.0023865043 17 24
node 78 12 -0.070281714 18 21
node 78 2 0.043916725 19 20
node -1 0 -0.20436102 -1 -1
node -1 0 0.110451266 -1 -1
node 80 23 -0.36872935 22 23
node -1 0 -0.48648873 -1 -1
node -1 0 0.0056590736 -1 -1
node 78 9 0.035224162 25 28
node 19 11 -0.3678172 26 27
node -1 0 0.09887931 -1 -1
node -1 0 -0.55097955 -1 -1
node 78 16 0.056127083 29 30
node -1 0 0.26897252 -1 -1
node -1 0 -0.023440335 -1 -1
tree 31
node 9 17 -0.0054431064 1 16
node 25 1 0.031799924 2 9
node 30 23 -0.26025203 3 6
node 78 5 -0.18422374 4 5
node -1 0 -0.7577534 -1 -1
node -1 0 -0.083939604 -1 -1
node 45 9 -1.3472327 7 8
node -1 0 -1.6681567 -1 -1
node -1 0 -0.0032069052 -1 -1
node 78 15 0.052487873 10 13
node 79 13 0.17734899 11 12
node -1 0 0.01602056 -1 -1
node -1 0 0.41090292 -1 -1
node 79 20 -0.002062573 14 15
node -1 0 -0.1622019 -1 -1
node -1 0 0.053232927 -1 -1
node 79 0 -0.07625989 17 24
node 31 12 0.32414505 18 21
node 20 11 0.85229486 19 20
node -1 0 1.4390367 -1 -1
node -1 0 -0.33023134 -1 -1
node 75 12 0.09009356 22 23
node -1 0 0.45002788 -1 -1
node -1 0 -0.3712628 -1 -1
node 78 0 -0.08982012 25 28
node 1 13 -0.6001159 26 27
node -1 0 0.6721168 -1 -1
node -1 0 -0.7140873 -1 -1
node 31 8 -0.07615323 29 30
node -1 0 -0.22841814 -1 -1
node -1 0 -0.028175201 -1 -1
tree 31
node 0 17 0.0024683333 1 16
node 78 19 0.043358766 2 9
node 79 19 0.12211361 3 6
node 78 15 0.034447905 4 5
node -1 0 0.115757585 -1 -1
node -1 0 -0.35919425 -1 -1
node 50 13 0.38741606 7 8
node -1 0 0.2980496 -1 -1
node -1 0 0.73617524 -1 -1
node 39 2 -0.028107366 10 13
node 78 22 0.3838456 11 12
node -1 0 -0.56710905 -1 -1
node -1 0 0.6959367 -1 -1
node 5 1 -0.048589114 14 15
node -1 0 -0.5872076 -1 -1
node -1 0 -0.03000279 -1 -1
node 53 4 -0.07620077 17 24
node 11 25 -0.22270337 18 21
node 2 12 -0.16385192 19 20
node -1 0 -0.38839042 -1 -1
node -1 0 -0.07005796 -1 -1
node 16 17 -0.48438528 22 23
node -1 0 1.0970931 -1 -1
node -1 0 -0.5244086 -1 -1
node 28 16 -0.025074376 25 28
node 27 18 -0.110435486 26 27
node -1 0 -0.07631328 -1 -1
node -1 0 -0.8369782 -1 -1
node 51 0 0.11704792 29 30
node -1 0 0.36992568 -1 -1
node -1 0 -0.038507137 -1 -1
tree 29
node 37 0 9.214555E-05 1 14
node 38 1 -0.35808682 2 7
node 31 2 -0.19018719 3 4
node -1 0 1.183191 -1 -1
node 38 0 -0.27103412 5 6
node -1 0 -0.5602558 -1 -1
node -1 0 0.15521193 -1 -1
node 4 23 -0.7198994 8 11
node 24 5 -0.83521456 9 10
node -1 0 -0.25431097 -1 -1
node -1 0 -1.0766152 -1 -1
node 30 20 0.025795586 12 13
node -1 0 -0.50665784 -1 -1
node -1 0 0.66970116 -1 -1
node 67 2 0.008012031 15 22
node 29 1 -0.09175353 16 19
node 36 18 -0.4256055 17 18
node -1 0 -0.17750765 -1 -1
node -1 0 -0.8436568 -1 -1
node 45 6 -0.06306576 20 21
node -1 0 0.11352907 -1 -1
node -1 0 -0.113853395 -1 -1
node 12 26 0.033474218 23 26
node 78 25 0.049245488 24 25
node -1 0 0.024131475 -1 -1
node -1 0 0.18772887 -1 -1
node 32 14 -0.15616177 27 28
node -1 0 0.31549042 -1 -1
node -1 0 -0.3410145 -1 -1
tree 29
node 69 16 -0.0028254471 1 14
node 44 6 -0.038249675 2 7
node 39 20 -0.15747322 3 6
node 60 11 -0.16853559 4 5
node -1 0 -0.2757759 -1 -1
node -1 0 0.026785301 -1 -1
node -1 0 1.5195165 -1 -1
node 39 7 -0.0066837426 8 11
node 71 4 0.22348364 9 10
node -1 0 0.39629087 -1 -1
node -1 0 0.022843352 -1 -1
node 48 4 -0.030640148 12 13
node -1 0 0.19128501 -1 -1
node -1 0 -0.057283673 -1 -1
node 63 0 0.0627727 15 22
node 67 20 0.2162855 16 19
node 13 18 0.07431475 17 18
node -1 0 0.22381651 -1 -1
node -1 0 -0.12494882 -1 -1
node 75 3 0.39250198 20 21
node -1 0 -0.03174331 -1 -1
node -1 0 0.48821285 -1 -1
node 12 26 0.02118803 23 26
node 56 12 0.043401096 24 25
node -1 0 0.14364226 -1 -1
node -1 0 -0.030451268 -1 -1
node 32 19 -0.1931103 27 28
node -1 0 0.18661049 -1 -1
node -1 0 -0.42880458 -1 -1
tree 31
node 2 9 -0.006488016 1 16
node 78 9 -0.07600706 2 9
node 79 11 -0.2725061 3 6
node 66 12 -0.12038853 4 5
node -1 0 -0.30123326 -1 -1
node -1 0 0.10629502 -1 -1
node 75 22 -0.51509595 7 8
node -1 0 -0.6389925 -1 -1
node -1 0 -0.12137085 -1 -1
node 78 15 -0.041649405 10 13
node 79 11 0.12260098 11 12
node -1 0 -0.21410108 -1 -1
node -1 0 0.2519054 -1 -1
node 0 15 -0.10256229 14 15
node -1 0 -0.06580013 -1 -1
node -1 0 -0.37864155 -1 -1
node 44 12 0.03241472 17 24
node 79 0 -0.04274659 18 21
node 66 5 0.44876236 19 20
node -1 0 -0.44044796 -1 -1
node -1 0 0.7959932 -1 -1
node 78 27 -0.06108662 22 23
node -1 0 -0.09536738 -1 -1
node -1 0 0.21403119 -1 -1
node 39 5 0.08284651 25 28
node 78 4 0.40838143 26 27
node -1 0 -0.17214684 -1 -1
node -1 0 0.48624557 -1 -1
node 3 6 0.057711124 29 30
node -1 0 -0.30884448 -1 -1
node -1 0 0.07650766 -1 -1
tree 29
node 36 0 -0.0022825908 1 14
node 1 11 -0.39888763 2 7
node 77 1 -0.6784635 3 4
node -1 0 0.15553191 -1 -1
node 0 5 -0.7843943 5 6
node -1 0 -0.39543554 -1 -1
node -1 0 -0.9543414 -1 -1
node 34 9 -0.19908166 8 11
node 80 8 0.24403243 9 10
node -1 0 -0.35649714 -1 -1
node -1 0 0.6982167 -1 -1
node 28 20 -0.38960284 12 13
node -1 0 -0.70006573 -1 -1
node -1 0 0.025163852 -1 -1
node 35 3 0.0061032036 15 22
node 78 6 0.17427316 16 19
node 56 6 -0.2956605 17 18
node -1 0 -0.71031165 -1 -1
node -1 0 -0.06680199 -1 -1
node 78 24 0.31072596 20 21
node -1 0 0.21741763 -1 -1
node -1 0 0.8400749 -1 -1
node 67 12 -0.013591206 23 26
node 26 0 -0.06831957 24 25
node -1 0 -0.36824083 -1 -1
node -1 0 -0.056765284 -1 -1
node 10 16 0.047738947 27 28
node -1 0 0.116809815 -1 -1
node -1 0 -0.04210429 -1 -1
tree 31
node 55 4 -0.015469281 1 16
node 32 19 -0.15797672 2 9
node 73 18 0.00027716474 3 6
node 55 0 -0.07425356 4 5
node -1 0 -0.37746024 -1 -1
node -1 0 0.0021313 -1 -1
node 48 15 0.3646796 7 8
node -1 0 0.059772342 -1 -1
node -1 0 0.7274296 -1 -1
node 12 26 -0.38862225 10 13
node 80 13 0.0166747 11 12
node -1 0 -0.3818323 -1 -1
node -1 0 0.3024289 -1 -1
node 2 25 -0.6611184 14 15
node -1 0 -0.9589351 -1 -1
node -1 0 -0.22831121 -1 -1
node 22 20 0.00059010135 17 24
node 26 21 -0.030543042 18 21
node 76 19 -0.012303358 19 20
node -1 0 0.06351669 -1 -1
node -1 0 -0.07450253 -1 -1
node 21 9 -0.31135377 22 23
node -1 0 0.21327347 -1 -1
node -1 0 -0.44309306 -1 -1
node 56 12 0.09700283 25 28
node 28 17 0.1242336 26 27
node -1 0 -0.34110555 -1 -1
node -1 0 0.15063712 -1 -1
node 78 24 -0.54879105 29 30
node -1 0 -0.740873 -1 -1
node -1 0 0.34823856 -1 -1
tree 31
node 12 26 0.007836552 1 16
node 36 0 0.023331538 2 9
node 52 4 -0.35665506 3 6
node 28 20 -0.056209162 4 5
node -1 0 -0.43572345 -1 -1
node -1 0 0.35369268 -1 -1
node 34 9 -0.50225633 7 8
node -1 0 -0.15463385 -1 -1
node -1 0 -0.73911166 -1 -1
node 38 0 0.031061098 10 13
node 30 4 -0.3968833 11 12
node -1 0 0.14998436 -1 -1
node -1 0 -0.59130913 -1 -1
node 28 0 0.037129402 14 15
node -1 0 -0.22122906 -1 -1
node -1 0 0.04714678 -1 -1
node 75 8 -0.18252844 17 24
node 39 15 0.1603951 18 21
node 13 27 0.3942057 19 20
node -1 0 0.08132358 -1 -1
node -1 0 0.7699221 -1 -1
node 63 13 -0.11374043 22 23
node -1 0 -0.4004581 -1 -1
node -1 0 0.19869284 -1 -1
node 27 16 -0.30981964 25 28
node 78 12 0.3466461 26 27
node -1 0 0.89146096 -1 -1
node -1 0 -0.0624168 -1 -1
node 33 20 -0.47216302 29 30
node -1 0 -0.23876242 -1 -1
node -1 0 -0.66413325 -1 -1
tree 31
node 79 9 0.0026808667 1 16
node 78 12 -0.100708604 2 9
node 66 2 0.0025297953 3 6
node 80 8 -0.2324509 4 5
node -1 0 -0.40807775 -1 -1
node -1 0 0.031977676 -1 -1
node 7 12 0.06061102 7 8
node -1 0 -0.16597031 -1 -1
node -1 0 0.15086682 -1 -1
node 78 22 -0.32224113 10 13
node 41 6 -0.4649227 11 12
node -1 0 -0.07808148 -1 -1
node -1 0 -0.57511306 -1 -1
node 39 0 -0.024264984 14 15
node -1 0 1.0408871 -1 -1
node -1 0 -0.22087395 -1 -1
node 5 18 0.03154966 17 24
node 78 17 0.06837132 18 21
node 26 0 0.19601509 19 20
node -1 0 -0.62630045 -1 -1
node -1 0 0.23135482 -1 -1
node 79 23 0.010850354 22 23
node -1 0 -0.1253837 -1 -1
node -1 0 0.08864266 -1 -1
node 78 25 -0.061135277 25 28
node 49 1 -0.10286639 26 27
node -1 0 0.026959157 -1 -1
node -1 0 -0.26226416 -1 -1
node 79 26 0.30177867 29 30
node -1 0 0.6438699 -1 -1
node -1 0 -0.44044253 -1 -1
tree 31
node 78 16 0.0025597773 1 16
node 78 10 0.055996086 2 9
node 12 10 -0.04397113 3 6
node 53 6 -0.21138915 4 5
node -1 0 -0.39961314 -1 -1
node -1 0 -0.094421834 -1 -1
node 32 14 0.039162852 7 8
node -1 0 0.18784547 -1 -1
node -1 0 -0.07537612 -1 -1
node 25 1 0.16352752 10 13
node 78 13 -0.29280934 11 12
node -1 0 0.29272196 -1 -1
node -1 0 -0.7994366 -1 -1
node 6 19 0.19579254 14 15
node -1 0 0.25676474 -1 -1
node -1 0 -0.009214524 -1 -1
node 78 23 -0.04739039 17 24
node 45 4 -0.13634454 18 21
node 78 18 -0.6551005 19 20
node -1 0 -0.18006684 -1 -1
node -1 0 -0.89487433 -1 -1
node 9 18 -0.080943376 22 23
node -1 0 -0.0017458684 -1 -1
node -1 0 -0.4107129 -1 -1
node 45 5 0.039304424 25 28
node 29 1 0.559081 26 27
node -1 0 -0.08500247 -1 -1
node -1 0 0.670258 -1 -1
node 46 6 -0.024149457 29 30
node -1 0 0.4482179 -1 -1
node -1 0 -0.100980625 -1 -1
tree 31
node 37 0 -0.006555737 1 16
node 1 13 -0.34018448 2 9
node 31 22 -0.5425613 3 6
node 63 3 -0.72246295 4 5
node -1 0 -0.4556346 -1 -1
node -1 0 -0.94690853 -1 -1
node 26 24 -0.19940968 7 8
node -1 0 0.22913088 -1 -1
node -1 0 -0.6490634 -1 -1
node 34 10 -0.15112856 10 13
node 63 2 0.3817258 11 12
node -1 0 0.8764856 -1 -1
node -1 0 -0.11161727 -1 -1
node 80 12 -0.33861393 14 15
node -1 0 -0.07494034 -1 -1
node -1 0 -0.59035677 -1 -1
node 56 5 0.00054707617 17 24
node 30 18 -0.09942891 18 21
node 58 12 0.008365047 19 20
node -1 0 0.10357598 -1 -1
node -1 0 -0.43227452 -1 -1
node 76 4 -0.1921412 22 23
node -1 0 0.04788386 -1 -1
node -1 0 -0.29370207 -1 -1
node 17 21 0.021515967 25 28
node 16 21 -0.0153119285 26 27
node -1 0 -0.0031996395 -1 -1
node -1 0 -0.4002723 -1 -1
node 31 6 0.18336545 29 30
node -1 0 -0.3204014 -1 -1
node -1 0 0.21342549 -1 -1
tree 31
node 77 17 -0.0027046339 1 16
node 79 19 0.040023636 2 9
node 78 15 -0.019416815 3 6
node 10 13 0.045526285 4 5
node -1 0 0.18239173 -1 -1
node -1 0 -0.03625718 -1 -1
node 80 24 -0.25299355 7 8
node -1 0 -0.35264498 -1 -1
node -1 0 0.058972776 -1 -1
node 78 19 0.12502004 10 13
node 55 5 0.3632887 11 12
node -1 0 0.0031344064 -1 -1
node -1 0 0.4343832 -1 -1
node 79 23 0.024387438 14 15
node -1 0 -0.19042335 -1 -1
node -1 0 0.10910566 -1 -1
node 30 24 -0.05174841 17 24
node 30 12 -0.027666774 18 21
node 37 18 -0.081502534 19 20
node -1 0 -0.16250761 -1 -1
node -1 0 0.023223367 -1 -1
node 43 13 0.057993475 22 23
node -1 0 0.23258638 -1 -1
node -1 0 -0.073464066 -1 -1
node 26 15 -0.25470847 25 28
node 20 8 -0.7380533 26 27
node -1 0 -1.1175104 -1 -1
node -1 0 -0.41739196 -1 -1
node 14 1 -0.07195007 29 30
node -1 0 -0.71480584 -1 -1
node -1 0 -0.014578188 -1 -1
tree 31
node 36 0 0.007686934 1 16
node 48 13 -0.3385281 2 9
node 6 27 -0.61795706 3 6
node 46 4 -0.7186246 4 5
node -1 0 -0.22490825 -1 -1
node -1 0 -0.8988542 -1 -1
node 30 13 0.4661575 7 8
node -1 0 -0.38495287 -1 -1
node -1 0 1.2611219 -1 -1
node 24 4 -0.18003927 10 13
node 69 10 0.33737326 11 12
node -1 0 0.807354 -1 -1
node -1 0 -0.032833863 -1 -1
node 14 15 -0.37016425 14 15
node -1 0 -0.607241 -1 -1
node -1 0 0.009977943 -1 -1
node 61 0 0.014735412 17 24
node 78 25 0.06888276 18 21
node 50 0 0.035445835 19 20
node -1 0 0.16195749 -1 -1
node -1 0 -0.09172463 -1 -1
node 79 19 0.48153836 22 23
node -1 0 -0.11806594 -1 -1
node -1 0 0.7490933 -1 -1
node 46 5 -0.026022214 25 28
node 80 25 0.14509515 26 27
node -1 0 0.08021067 -1 -1
node -1 0 0.6276298 -1 -1
node 14 16 -0.0656691 29 30
node -1 0 -0.008148557 -1 -1
node -1 0 -0.18451287 -1 -1
tree 31
node 38 0 -0.0070195287 1 16
node 60 3 -0.32505614 2 9
node 49 3 -0.07704246 3 6
node 57 14 0.044644814 4 5
node -1 0 -0.16320428 -1 -1
node -1 0 0.6368424 -1 -1
node 35 3 -0.4577482 7 8
node -1 0 0.1322517 -1 -1
node -1 0 -0.8130928 -1 -1
node 23 23 -0.61208075 10 13
node 43 0 -0.7820532 11 12
node -1 0 -0.47490978 -1 -1
node -1 0 -0.9761455 -1 -1
node 35 11 -0.061322924 14 15
node -1 0 -0.86027074 -1 -1
node -1 0 0.3477939 -1 -1
node 39 4 -0.0009849083 17 24
node 80 8 0.12226785 18 21
node 52 9 -0.22986603 19 20
node -1 0 -0.37040952 -1 -1
node -1 0 0.09611462 -1 -1
node 78 25 0.24940923 22 23
node -1 0 0.17202754 -1 -1
node -1 0 0.7509376 -1 -1
node 78 16 -0.02132231 25 28
node 43 8 0.037828665 26 27
node -1 0 0.23691392 -1 -1
node -1 0 -0.011075962 -1 -1
node 79 20 -0.06834787 29 30
node -1 0 -0.2672117 -1 -1
node -1 0 -0.003818018 -1 -1
tree 31
node 52 2 -0.004484113 1 16
node 11 24 -0.08058965 2 9
node 4 0 -0.040722173 3 6
node 43 18 -0.56947374 4 5
node -1 0 -0.92254055 -1 -1
node -1 0 -0.21709096 -1 -1
node 78 24 -0.022072682 7 8
node -1 0 -0.052906197 -1 -1
node -1 0 0.3155399 -1 -1
node 77 10 -0.3438789 10 13
node 33 17 -0.57642186 11 12
node -1 0 -0.091288246 -1 -1
node -1 0 -0.7091851 -1 -1
node 34 16 -0.13753808 14 15
node -1 0 -0.54515743 -1 -1
node -1 0 0.09116246 -1 -1
node 49 1 0.025960477 17 24
node 78 24 0.11823132 18 21
node 78 21 0.07715889 19 20
node -1 0 0.14129703 -1 -1
node -1 0 -0.39143232 -1 -1
node 50 0 0.42964762 22 23
node -1 0 0.6899834 -1 -1
node -1 0 0.015338108 -1 -1
node 45 4 -0.013155176 25 28
node 79 10 0.2580141 26 27
node -1 0 0.008511446 -1 -1
node -1 0 0.4171162 -1 -1
node 5 19 -0.060371842 29 30
node -1 0 -0.016773332 -1 -1
node -1 0 -0.24787052 -1 -1
tree 31
node 44 8 -0.010011004 1 16
node 75 15 -0.09321154 2 9
node 75 11 -0.009540421 3 6
node 50 4 -0.09391787 4 5
node -1 0 0.009919221 -1 -1
node -1 0 -0.29879284 -1 -1
node 79 28 0.26290607 7 8
node -1 0 0.18766126 -1 -1
node -1 0 1.975492 -1 -1
node 31 15 -0.16620581 10 13
node 78 7 -0.095769115 11 12
node -1 0 -0.37458864 -1 -1
node -1 0 -0.044208366 -1 -1
node 80 17 -0.5340685 14 15
node -1 0 -0.6958032 -1 -1
node -1 0 -0.15387055 -1 -1
node 46 6 0.02113769 17 24
node 43 9 0.17321534 18 21
node 47 4 0.55009556 19 20
node -1 0 1.2804197 -1 -1
node -1 0 0.28120616 -1 -1
node 45 15 0.067628555 22 23
node -1 0 -0.10034081 -1 -1
node -1 0 0.30885354 -1 -1
node 60 3 -0.009413844 25 28
node 58 3 0.06638201 26 27
node -1 0 -0.02161238 -1 -1
node -1 0 0.25765553 -1 -1
node 79 16 -0.07642591 29 30
node -1 0 -0.25517574 -1 -1
node -1 0 -0.015312225 -1 -1
tree 31
node 38 0 -0.0031437615 1 16
node 30 3 -0.33545613 2 9
node 4 22 0.34577358 3 6
node 71 10 -0.4006742 4 5
node -1 0 -0.81898236 -1 -1
node -1 0 0.26137084 -1 -1
node 20 9 0.93976474 7 8
node -1 0 1.3324289 -1 -1
node -1 0 0.043955136 -1 -1
node 60 10 -0.4692776 10 13
node 27 22 -0.3136353 11 12
node -1 0 -0.5252888 -1 -1
node -1 0 -0.072777264 -1 -1
node 70 0 -0.8482412 14 15
node -1 0 0.04008251 -1 -1
node -1 0 -1.0314639 -1 -1
node 39 4 0.0030023395 17 24
node 80 9 0.12093313 18 21
node 35 4 -0.17805344 19 20
node -1 0 0.35572013 -1 -1
node -1 0 -0.3061455 -1 -1
node 0 16 0.24479462 22 23
node -1 0 0.33197746 -1 -1
node -1 0 -0.078052714 -1 -1
node 60 10 -0.016309008 25 28
node 20 12 0.018147927 26 27
node -1 0 0.14603667 -1 -1
node -1 0 -0.02342022 -1 -1
node 21 15 -0.090074174 29 30
node -1 0 -0.12611689 -1 -1
node -1 0 0.34042114 -1 -1
tree 29
node 42 17 0.0076870257 1 14
node 44 6 -0.033762027 2 7
node 39 20 -0.13699834 3 6
node 61 10 -0.15041061 4 5
node -1 0 -0.20870137 -1 -1
node -1 0 0.08320621 -1 -1
node -1 0 2.1776993 -1 -1
node 48 4 -0.004334493 8 11
node 34 20 0.29135317 9 10
node -1 0 0.47595564 -1 -1
node -1 0 -0.29600027 -1 -1
node 32 25 -0.035165567 12 13
node -1 0 -0.067868724 -1 -1
node -1 0 0.124139555 -1 -1
node 79 13 0.05789298 15 22
node 80 14 -0.040596753 16 19
node 38 23 0.046641454 17 18
node -1 0 0.1509189 -1 -1
node -1 0 -0.11666672 -1 -1
node 46 15 -0.33379734 20 21
node -1 0 -0.53530735 -1 -1
node -1 0 0.012987127 -1 -1
node 35 4 0.10466895 23 26
node 34 14 0.37384784 24 25
node -1 0 0.5271044 -1 -1
node -1 0 0.04143628 -1 -1
node 39 6 0.06684218 27 28
node -1 0 0.26243457 -1 -1
node -1 0 0.020373732 -1 -1
tree 31
node 77 17 -0.0021414915 1 16
node 56 6 0.038354613 2 9
node 3 10 -0.050957248 3 6
node 31 14 -0.17558596 4 5
node -1 0 0.17400403 -1 -1
node -1 0 -0.295512 -1 -1
node 28 5 0.030544845 7 8
node -1 0 0.9837356 -1 -1
node -1 0 0.009493401 -1 -1
node 73 4 0.071839474 10 13
node 78 11 0.18050475 11 12
node -1 0 0.018454103 -1 -1
node -1 0 0.2691455 -1 -1
node 10 15 0.025914738 14 15
node -1 0 0.07001184 -1 -1
node -1 0 -0.08086793 -1 -1
node 28 8 -0.04835724 17 24
node 56 17 -0.11877928 18 21
node 78 14 -0.27404302 19 20
node -1 0 0.028956445 -1 -1
node -1 0 -0.4144583 -1 -1
node 42 13 -0.056939617 22 23
node -1 0 -0.20351687 -1 -1
node -1 0 0.011331461 -1 -1
node 24 17 0.004816158 25 28
node 12 23 0.066417545 26 27
node -1 0 -0.0023798542 -1 -1
node -1 0 0.38143826 -1 -1
node 38 5 -0.10607808 29 30
node -1 0 0.30147952 -1 -1
node -1 0 -0.17025566 -1 -1
tree 31
node 9 18 0.0034430788 1 16
node 36 0 0.034241088 2 9
node 45 1 -0.33388016 3 6
node 37 17 0.037879664 4 5
node -1 0 -0.20233688 -1 -1
node -1 0 0.57738715 -1 -1
node 67 15 -0.5508856 7 8
node -1 0 -0.89917463 -1 -1
node -1 0 -0.22438748 -1 -1
node 78 14 0.042465743 10 13
node 41 8 0.13326941 11 12
node -1 0 0.3397317 -1 -1
node -1 0 0.041053753 -1 -1
node 35 4 0.006685318 14 15
node -1 0 0.2476954 -1 -1
node -1 0 -0.01982929 -1 -1
node 12 12 -0.063340075 17 24
node 64 0 -0.17617393 18 21
node 60 0 0.016625684 19 20
node -1 0 0.23061568 -1 -1
node -1 0 -0.16324343 -1 -1
node 75 20 -0.29459792 22 23
node -1 0 -0.21018834 -1 -1
node -1 0 -0.55112904 -1 -1
node 12 20 0.0038975778 25 28
node 18 24 0.1276171 26 27
node -1 0 0.030324548 -1 -1
node -1 0 0.41602015 -1 -1
node 28 11 -0.10272569 29 30
node -1 0 0.27694058 -1 -1
node -1 0 -0.15409689 -1 -1
tree 31
node 14 14 0.0013447696 1 16
node 34 0 0.04301549 2 9
node 80 8 -0.5072689 3 6
node 30 12 0.36606207 4 5
node -1 0 0.8024386 -1 -1
node -1 0 -0.89889765 -1 -1
node 8 21 -0.69469553 7 8
node -1 0 -0.8133251 -1 -1
node -1 0 0.84846795 -1 -1
node 50 3 0.052847177 10 13
node 45 8 0.16242635 11 12
node -1 0 -0.010922828 -1 -1
node -1 0 0.33279106 -1 -1
node 35 4 0.010103432 14 15
node -1 0 0.19717352 -1 -1
node -1 0 -0.025327658 -1 -1
node 12 9 -0.05174583 17 24
node 57 5 -0.2101351 18 21
node 62 19 -0.4690847 19 20
node -1 0 -0.51211345 -1 -1
node -1 0 0.313789 -1 -1
node 16 17 -0.14143202 22 23
node -1 0 -0.23683633 -1 -1
node -1 0 0.13818134 -1 -1
node 79 28 -0.0074887904 25 28
node 47 4 0.010815992 26 27
node -1 0 0.2955723 -1 -1
node -1 0 -0.0058936416 -1 -1
node 17 13 -0.38853332 29 30
node -1 0 1.9299318 -1 -1
node -1 0 -0.5022475 -1 -1
tree 31
node 12 26 0.0032141716 1 16
node 70 13 0.016667584 2 9
node 3 10 -0.03090067 3 6
node 27 0 -0.09040757 4 5
node -1 0 -0.43518665 -1 -1
node -1 0 -0.07323183 -1 -1
node 21 6 0.011403306 7 8
node -1 0 -0.12434951 -1 -1
node -1 0 0.04543048 -1 -1
node 73 5 0.08496474 10 13
node 78 25 0.23737742 11 12
node -1 0 0.1838449 -1 -1
node -1 0 0.78513604 -1 -1
node 75 9 0.045578223 14 15
node -1 0 -0.048063822 -1 -1
node -1 0 0.104796536 -1 -1
node 55 5 -0.16668956 17 24
node 33 14 -0.24290578 18 21
node 55 1 0.029422937 19 20
node -1 0 -0.50772375 -1 -1
node -1 0 0.23912728 -1 -1
node 22 18 -0.40358227 22 23
node -1 0 0.5028163 -1 -1
node -1 0 -0.47199956 -1 -1
node 77 4 0.49373105 25 28
node 47 18 -0.5561345 26 27
node -1 0 -1.0134935 -1 -1
node -1 0 0.13804355 -1 -1
node 77 9 0.7269897 29 30
node -1 0 1.3126961 -1 -1
node -1 0 0.16143128 -1 -1
tree 31
node 27 8 -0.00089876144 1 16
node 30 22 -0.06437752 2 9
node 42 14 -0.03513018 3 6
node 30 18 -0.13271056 4 5
node -1 0 -0.17600231 -1 -1
node -1 0 0.34387395 -1 -1
node 33 8 0.036832914 7 8
node -1 0 0.10974246 -1 -1
node -1 0 -0.14535859 -1 -1
node 46 12 -0.40350437 10 13
node 7 12 -0.8939216 11 12
node -1 0 -1.0683128 -1 -1
node -1 0 0.015293151 -1 -1
node 24 12 -0.19109274 14 15
node -1 0 0.00018671769 -1 -1
node -1 0 -0.61169946 -1 -1
node 76 0 0.032402877 17 24
node 67 25 -0.26390782 18 21
node 72 19 -0.18855545 19 20
node -1 0 -0.3199817 -1 -1
node -1 0 0.7026323 -1 -1
node 41 14 -1.0096931 22 23
node -1 0 -1.3529646 -1 -1
node -1 0 -0.21187076 -1 -1
node 3 25 0.04407141 25 28
node 0 0 0.06281638 26 27
node -1 0 -0.24826355 -1 -1
node -1 0 0.07339806 -1 -1
node 78 28 -0.10458495 29 30
node -1 0 -0.12400743 -1 -1
node -1 0 0.80017745 -1 -1
tree 31
node 14 0 0.005995187 1 16
node 1 24 -0.2107318 2 9
node 64 0 -0.29881445 3 6
node 35 1 -0.58472496 4 5
node -1 0 -0.04373532 -1 -1
node -1 0 -0.7388609 -1 -1
node 47 0 -0.13777052 7 8
node -1 0 -0.4418895 -1 -1
node -1 0 0.048484445 -1 -1
node 55 23 0.29197153 10 13
node 53 5 0.5993066 11 12
node -1 0 -0.61289096 -1 -1
node -1 0 0.8512035 -1 -1
node 8 12 -0.4442527 14 15
node -1 0 0.30855787 -1 -1
node -1 0 -0.89534086 -1 -1
node 44 13 0.013842055 17 24
node 39 21 -0.034705836 18 21
node 77 14 -0.042910453 19 20
node -1 0 0.035353635 -1 -1
node -1 0 -0.111082636 -1 -1
node 79 28 1.0075165 22 23
node -1 0 0.39850476 -1 -1
node -1 0 2.6133213 -1 -1
node 48 7 0.050074086 25 28
node 79 22 0.19845611 26 27
node -1 0 0.0652416 -1 -1
node -1 0 0.54707414 -1 -1
node 48 12 0.022165146 29 30
node -1 0 -0.17890191 -1 -1
node -1 0 0.052852504 -1 -1
tree 31
node 54 1 -0.0044350564 1 16
node 1 9 -0.1458619 2 9
node 16 17 -0.35153383 3 6
node 70 4 -0.5446154 4 5
node -1 0 0.13677926 -1 -1
node -1 0 -0.6397711 -1 -1
node 75 6 -0.12605143 7 8
node -1 0 0.20580074 -1 -1
node -1 0 -0.40569824 -1 -1
node 20 0 -0.03512368 10 13
node 3 27 0.99619865 11 12
node -1 0 -0.13296607 -1 -1
node -1 0 1.7293285 -1 -1
node 12 12 -0.071937494 14 15
node -1 0 -0.38648933 -1 -1
node -1 0 0.040373687 -1 -1
node 36 0 0.007631989 17 24
node 65 0 -0.28704658 18 21
node 53 6 0.05410427 19 20
node -1 0 -0.6270174 -1 -1
node -1 0 0.36174497 -1 -1
node 52 3 -0.37808707 22 23
node -1 0 -0.037946038 -1 -1
node -1 0 -0.5013291 -1 -1
node 15 0 0.013642538 25 28
node 47 3 -0.20117211 26 27
node -1 0 0.1495723 -1 -1
node -1 0 -0.3036439 -1 -1
node 79 0 0.02152476 29 30
node -1 0 0.3855002 -1 -1
node -1 0 0.015769456 -1 -1
tree 29
node 76 0 0.0042192745 1 14
node 75 9 -0.21743394 2 9
node 73 18 -0.34636527 3 6
node 17 13 -0.44701996 4 5
node -1 0 -0.2335516 -1 -1
node -1 0 -0.6809993 -1 -1
node 41 14 0.18954027 7 8
node -1 0 -0.47075805 -1 -1
node -1 0 0.830359 -1 -1
node 56 25 0.24416496 10 13
node 79 8 0.41271156 11 12
node -1 0 -0.34275386 -1 -1
node -1 0 0.70430046 -1 -1
node -1 0 -0.7239239 -1 -1
node 10 16 0.0114490185 15 22
node 61 3 0.041818257 16 19
node 46 9 0.12782344 17 18
node -1 0 -0.019449553 -1 -1
node -1 0 0.28543308 -1 -1
node 46 4 -0.007793887 20 21
node -1 0 0.21952231 -1 -1
node -1 0 -0.05766973 -1 -1
node 79 2 -0.04084972 23 26
node 30 15 0.2420846 24 25
node -1 0 0.7081468 -1 -1
node -1 0 0.06466561 -1 -1
node 25 10 -0.0646295 27 28
node -1 0 0.3044593 -1 -1
node -1 0 -0.08589639 -1 -1
tree 31
node 13 24 -0.004986983 1 16
node 18 16 0.01143414 2 9
node 17 18 -0.02171884 3 6
node 35 4 -0.0051826905 4 5
node -1 0 0.14391734 -1 -1
node -1 0 -0.03332672 -1 -1
node 22 20 -0.32674682 7 8
node -1 0 -0.64262295 -1 -1
node -1 0 -0.07568889 -1 -1
node 16 16 0.091094114 10 13
node 34 14 -0.12196953 11 12
node -1 0 0.22247286 -1 -1
node -1 0 -0.29735118 -1 -1
node 17 17 0.13468772 14 15
node -1 0 -0.48876607 -1 -1
node -1 0 0.15364183 -1 -1
node 58 1 -0.12910123 17 24
node 79 1 -0.41707885 18 21
node 54 14 0.08909228 19 20
node -1 0 -0.12113011 -1 -1
node -1 0 1.5269017 -1 -1
node 16 0 -0.48199198 22 23
node -1 0 0.7381026 -1 -1
node -1 0 -0.5045693 -1 -1
node 75 8 -0.026673926 25 28
node 16 19 0.17831844 26 27
node -1 0 -0.17172326 -1 -1
node -1 0 0.41411006 -1 -1
node 33 20 -0.14218691 29 30
node -1 0 0.10556436 -1 -1
node -1 0 -0.49697646 -1 -1
tree 29
node 76 0 -0.004142404 1 14
node 75 14 -0.26309413 2 9
node 73 18 -0.35734558 3 6
node 17 13 -0.4774359 4 5
node -1 0 -0.26174515 -1 -1
node -1 0 -0.6976481 -1 -1
node 36 17 0.25892603 7 8
node -1 0 -0.32206088 -1 -1
node -1 0 0.954148 -1 -1
node 54 25 0.28494433 10 13
node 54 16 0.55393976 11 12
node -1 0 -0.14598797 -1 -1
node -1 0 1.0195589 -1 -1
node -1 0 -0.5956328 -1 -1
node 54 1 0.0047054878 15 22
node 11 5 -0.15016657 16 19
node 53 2 -0.4540116 17 18
node -1 0 -0.5417902 -1 -1
node -1 0 0.024502292 -1 -1
node 44 1 -0.056721687 20 21
node -1 0 -0.5541986 -1 -1
node -1 0 0.003819356 -1 -1
node 76 1 0.0178749 23 26
node 44 8 0.27984676 24 25
node -1 0 -0.123635635 -1 -1
node -1 0 0.40735725 -1 -1
node 56 1 0.00953818 27 28
node -1 0 -0.1711292 -1 -1
node -1 0 0.022418048 -1 -1
tree 31
node 0 19 0.0055583445 1 16
node 1 24 0.031346068 2 9
node 80 22 0.040204745 3 6
node 79 23 0.08700044 4 5
node -1 0 0.03844057 -1 -1
node -1 0 0.32117 -1 -1
node 50 10 -0.030641982 7 8
node -1 0 0.054221474 -1 -1
node -1 0 -0.14314625 -1 -1
node 48 5 -0.32169116 10 13
node 4 3 -0.6355488 11 12
node -1 0 0.063028365 -1 -1
node -1 0 -0.7249607 -1 -1
node 10 11 -0.047544915 14 15
node -1 0 0.4018335 -1 -1
node -1 0 -0.34598756 -1 -1
node 79 1 -0.062227122 17 24
node 11 17 0.29219717 18 21
node 60 4 -0.32974365 19 20
node -1 0 -0.56028044 -1 -1
node -1 0 0.48933554 -1 -1
node 80 0 0.52883166 22 23
node -1 0 1.4159555 -1 -1
node -1 0 0.33357614 -1 -1
node 80 0 -0.08818883 25 28
node 36 3 -0.6931353 26 27
node -1 0 0.3243297 -1 -1
node -1 0 -0.7669129 -1 -1
node 33 18 -0.07090748 29 30
node -1 0 -0.1633496 -1 -1
node -1 0 0.051119864 -1 -1
tree 31
node 79 9 -0.00062794687 1 16
node 78 12 -0.08543417 2 9
node 55 0 -0.00888605 3 6
node 15 19 -0.51171124 4 5
node -1 0 -0.7590208 -1 -1
node -1 0 -0.13967137 -1 -1
node 80 8 0.018566055 7 8
node -1 0 -0.08102853 -1 -1
node -1 0 0.1683136 -1 -1
node 78 22 -0.2475149 10 13
node 78 14 -0.3875157 11 12
node -1 0 -0.1648329 -1 -1
node -1 0 -0.5336096 -1 -1
node 35 3 0.044789106 14 15
node -1 0 0.73853153 -1 -1
node -1 0 -0.16831923 -1 -1
node 78 9 0.023121038 17 24
node 79 13 -0.11947024 18 21
node 40 4 0.015225227 19 20
node -1 0 -0.28805196 -1 -1
node -1 0 0.11307137 -1 -1
node 34 15 -0.3728948 22 23
node -1 0 -0.09561958 -1 -1
node -1 0 -0.6159789 -1 -1
node 78 15 0.043033347 25 28
node 34 14 0.19644774 26 27
node -1 0 0.3341818 -1 -1
node -1 0 0.1011621 -1 -1
node 79 14 -0.006996881 29 30
node -1 0 -0.6281262 -1 -1
node -1 0 0.005988668 -1 -1
tree 29
node 37 0 -0.004211475 1 14
node 35 19 -0.33591232 2 7
node 34 1 -0.19601959 3 4
node -1 0 0.88995546 -1 -1
node 38 3 -0.24685048 5 6
node -1 0 -0.10950422 -1 -1
node -1 0 -0.65022606 -1 -1
node 20 23 -0.7757965 8 11
node 75 23 -1.0161806 9 10
node -1 0 -1.2187458 -1 -1
node -1 0 -0.004368515 -1 -1
node 67 17 -0.2532207 12 13
node -1 0 0.6045504 -1 -1
node -1 0 -0.6386267 -1 -1
node 78 16 0.0025973818 15 22
node 40 4 0.04245725 16 19
node 35 7 -0.13286549 17 18
node -1 0 -0.15742385 -1 -1
node -1 0 1.2176706 -1 -1
node 41 6 0.08682341 20 21
node -1 0 0.38335 -1 -1
node -1 0 0.04968124 -1 -1
node 79 23 -0.033425923 23 26
node 78 24 -0.11991897 24 25
node -1 0 -0.36284518 -1 -1
node -1 0 0.46510118 -1 -1
node 78 23 0.043103226 27 28
node -1 0 0.38782662 -1 -1
node -1 0 -0.16364415 -1 -1
tree 29
node 53 0 0.007817371 1 14
node 39 0 -0.0887781 2 7
node 0 22 -0.79290956 3 6
node 58 20 -0.8501972 4 5
node -1 0 -0.90782505 -1 -1
node -1 0 -0.20862867 -1 -1
node -1 0 0.99028313 -1 -1
node 75 5 -0.06229612 8 11
node 4 28 0.11818044 9 10
node -1 0 0.024405401 -1 -1
node -1 0 0.5033089 -1 -1
node 46 4 -0.14832999 12 13
node -1 0 0.10777621 -1 -1
node -1 0 -0.220996 -1 -1
node 5 0 0.024742167 15 22
node 30 14 -0.2254676 16 19
node 56 22 -0.0921764 17 18
node -1 0 0.16613458 -1 -1
node -1 0 -0.44873708 -1 -1
node 1 22 -0.5360135 20 21
node -1 0 -0.7857608 -1 -1
node -1 0 -0.02637741 -1 -1
node 46 4 0.033300165 23 26
node 41 8 0.14867806 24 25
node -1 0 0.5532259 -1 -1
node -1 0 0.048138756 -1 -1
node 61 2 0.015198161 27 28
node -1 0 0.085841335 -1 -1
node -1 0 -0.04457784 -1 -1
tree 31
node 9 18 -0.000682259 1 16
node 38 0 0.02643134 2 9
node 50 3 -0.40316713 3 6
node 42 15 0.031924687 4 5
node -1 0 0.35355616 -1 -1
node -1 0 -0.7112642 -1 -1
node 2 3 -0.7273479 7 8
node -1 0 0.0439175 -1 -1
node -1 0 -0.8719803 -1 -1
node 39 4 0.03232718 10 13
node 48 8 0.16173373 11 12
node -1 0 0.010210343 -1 -1
node -1 0 0.4542577 -1 -1
node 41 11 0.013948879 14 15
node -1 0 0.07976261 -1 -1
node -1 0 -0.029260881 -1 -1
node 79 0 -0.060219802 17 24
node 59 14 0.40106222 18 21
node 45 18 0.19464606 19 20
node -1 0 0.537262 -1 -1
node -1 0 -0.22289112 -1 -1
node 64 1 1.6813796 22 23
node -1 0 -0.24953814 -1 -1
node -1 0 2.7144034 -1 -1
node 31 8 -0.077194445 25 28
node 78 29 -0.21499838 26 27
node -1 0 -0.23606081 -1 -1
node -1 0 1.044463 -1 -1
node 64 4 -0.03275009 29 30
node -1 0 0.068261996 -1 -1
node -1 0 -0.10829348 -1 -1
tree 31
node 54 0 0.002660999 1 16
node 11 9 -0.1600181 2 9
node 9 16 -0.3500534 3 6
node 34 15 0.3183731 4 5
node -1 0 -0.3927496 -1 -1
node -1 0 0.9740404 -1 -1
node 75 10 -0.43802395 7 8
node -1 0 -0.2256943 -1 -1
node -1 0 -0.6233563 -1 -1
node 45 6 -0.036980182 10 13
node 10 13 -0.49037445 11 12
node -1 0 0.18080428 -1 -1
node -1 0 -0.78171897 -1 -1
node 39 1 0.046474554 14 15
node -1 0 -0.6279187 -1 -1
node -1 0 0.11300869 -1 -1
node 42 14 0.013808851 17 24
node 50 10 -0.033641443 18 21
node 78 27 0.013232239 19 20
node -1 0 -0.019465394 -1 -1
node -1 0 0.25979635 -1 -1
node 73 21 -0.16031991 22 23
node -1 0 -0.13414145 -1 -1
node -1 0 -0.8284205 -1 -1
node 39 4 0.053462323 25 28
node 25 2 0.21225248 26 27
node -1 0 -0.11856128 -1 -1
node -1 0 0.32155854 -1 -1
node 46 15 0.022027928 29 30
node -1 0 -0.044105608 -1 -1
node -1 0 0.08798225 -1 -1
tree 31
node 0 19 -0.006441463 1 16
node 60 0 0.01679131 2 9
node 80 25 0.12142555 3 6
node 80 20 0.06577865 4 5
node -1 0 0.14108607 -1 -1
node -1 0 -0.30878505 -1 -1
node 34 2 0.64533085 7 8
node -1 0 -0.5273408 -1 -1
node -1 0 0.7495261 -1 -1
node 48 4 -0.015608264 10 13
node 1 24 0.13891284 11 12
node -1 0 0.16863967 -1 -1
node -1 0 -0.5260003 -1 -1
node 39 4 -0.048958097 14 15
node -1 0 0.2206939 -1 -1
node -1 0 -0.07573235 -1 -1
node 51 0 -0.067896634 17 24
node 31 17 0.01716047 18 21
node 42 4 -0.18335219 19 20
node -1 0 0.34219414 -1 -1
node -1 0 -0.3068915 -1 -1
node 54 6 0.14890322 22 23
node -1 0 -0.14349627 -1 -1
node -1 0 0.28309733 -1 -1
node 45 4 -0.12862901 25 28
node 62 1 0.07530724 26 27
node -1 0 -0.29692614 -1 -1
node -1 0 0.24945004 -1 -1
node 80 26 -0.19754052 29 30
node -1 0 -0.23990086 -1 -1
node -1 0 0.37735355 -1 -1
tree 31
node 76 0 -0.015686544 1 16
node 71 19 -0.23158257 2 9
node 50 3 -0.3185992 3 6
node 54 9 -0.14981374 4 5
node -1 0 -0.53785473 -1 -1
node -1 0 0.11713375 -1 -1
node 65 13 -0.5138004 7 8
node -1 0 -0.25548893 -1 -1
node -1 0 -0.7824257 -1 -1
node 35 21 0.09419184 10 13
node 78 20 -0.2131863 11 12
node -1 0 -0.4662226 -1 -1
node -1 0 0.39646837 -1 -1
node 39 21 0.80682844 14 15
node -1 0 1.3015634 -1 -1
node -1 0 0.045021016 -1 -1
node 37 0 -0.008637519 17 24
node 38 1 -0.30194625 18 21
node 47 6 -0.13918619 19 20
node -1 0 0.51084805 -1 -1
node -1 0 -0.2693384 -1 -1
node 7 15 -0.66685903 22 23
node -1 0 -0.95459765 -1 -1
node -1 0 -0.19034705 -1 -1
node 78 19 -0.0030481645 25 28
node 79 19 0.029403206 26 27
node -1 0 -0.017875565 -1 -1
node -1 0 0.22482891 -1 -1
node 78 24 -0.04673134 29 30
node -1 0 -0.12980701 -1 -1
node -1 0 0.031254586 -1 -1
tree 29
node 36 0 0.0024639426 1 14
node 7 29 -0.27045786 2 9
node 34 7 -0.31812775 3 6
node 11 20 0.03033887 4 5
node -1 0 0.20375465 -1 -1
node -1 0 -0.7432272 -1 -1
node 65 20 -0.4689469 7 8
node -1 0 -0.34416008 -1 -1
node -1 0 -1.0245552 -1 -1
node 80 9 0.78325033 10 11
node -1 0 -0.64566404 -1 -1
node 4 21 1.2624477 12 13
node -1 0 0.39325127 -1 -1
node -1 0 1.782728 -1 -1
node 35 2 0.007943147 15 22
node 78 23 0.15826042 16 19
node 80 4 0.058674335 17 18
node -1 0 -0.45898336 -1 -1
node -1 0 0.15810466 -1 -1
node 62 5 0.81701344 20 21
node -1 0 1.0811939 -1 -1
node -1 0 0.32353434 -1 -1
node 79 28 -0.004665859 23 26
node 79 23 0.005668977 24 25
node -1 0 -0.031246353 -1 -1
node -1 0 0.111103475 -1 -1
node 12 1 -0.17829287 27 28
node -1 0 0.68392795 -1 -1
node -1 0 -0.24884368 -1 -1
tree 31
node 78 16 0.007712151 1 16
node 35 9 0.059553143 2 9
node 55 16 -0.04860096 3 6
node 22 20 -0.16449326 4 5
node -1 0 -0.37796137 -1 -1
node -1 0 -0.015949024 -1 -1
node 35 3 0.07965193 7 8
node -1 0 0.2418055 -1 -1
node -1 0 -0.09719426 -1 -1
node 41 8 0.119131796 10 13
node 19 3 0.40715617 11 12
node -1 0 1.1634473 -1 -1
node -1 0 0.2798374 -1 -1
node 49 2 0.06482826 14 15
node -1 0 0.13760446 -1 -1
node -1 0 -0.09979782 -1 -1
node 80 12 -0.04039416 17 24
node 77 3 -0.34632972 18 21
node 45 17 0.44540766 19 20
node -1 0 -0.3750257 -1 -1
node -1 0 0.9818051 -1 -1
node 55 25 -0.4925966 22 23
node -1 0 -0.6130249 -1 -1
node -1 0 0.089668036 -1 -1
node 35 4 -0.025643468 25 28
node 78 23 0.19163205 26 27
node -1 0 -0.08220413 -1 -1
node -1 0 0.45200846 -1 -1
node 45 15 -0.04663182 29 30
node -1 0 -0.13191724 -1 -1
node -1 0 0.00942887 -1 -1
tree 31
node 14 0 0.0016568212 1 16
node 11 15 -0.2333097 2 9
node 78 5 -0.40393358 3 6
node 64 8 -0.831944 4 5
node -1 0 -1.0451448 -1 -1
node -1 0 -0.45331016 -1 -1
node 30 12 -0.29349518 7 8
node -1 0 -0.03397074 -1 -1
node -1 0 -0.5239709 -1 -1
node 40 0 0.14209561 10 13
node 33 12 -0.55170214 11 12
node -1 0 -0.06333067 -1 -1
node -1 0 -0.92880565 -1 -1
node 1 21 0.2720894 14 15
node -1 0 -0.2671495 -1 -1
node -1 0 0.51840246 -1 -1
node 78 20 0.009955666 17 24
node 79 21 0.040528372 18 21
node 80 19 0.0010305756 19 20
node -1 0 0.029766753 -1 -1
node -1 0 -0.4269637 -1 -1
node 42 3 0.27364188 22 23
node -1 0 -0.27405107 -1 -1
node -1 0 0.34562808 -1 -1
node 78 23 -0.036771122 25 28
node 79 24 -0.1792982 26 27
node -1 0 -0.8755886 -1 -1
node -1 0 0.6197683 -1 -1
node 79 24 0.029506868 29 30
node -1 0 0.41558614 -1 -1
node -1 0 -0.26046374 -1 -1
tree 31
node 52 3 -0.0036351671 1 16
node 11 25 -0.06470656 2 9
node 38 8 -0.030740727 3 6
node 55 28 0.09662046 4 5
node -1 0 0.04733129 -1 -1
node -1 0 1.0815758 -1 -1
node 21 17 -0.08236888 7 8
node -1 0 -0.16964495 -1 -1
node -1 0 0.028946709 -1 -1
node 33 20 -0.3246266 10 13
node 41 9 -0.1092283 11 12
node -1 0 -0.585401 -1 -1
node -1 0 0.06168186 -1 -1
node 56 4 -0.5184619 14 15
node -1 0 -0.6871046 -1 -1
node -1 0 -0.07576927 -1 -1
node 49 3 0.02444329 17 24
node 78 27 0.09974604 18 21
node 78 21 0.07022603 19 20
node -1 0 0.12542856 -1 -1
node -1 0 -0.15882644 -1 -1
node 63 16 0.6239105 22 23
node -1 0 0.7806159 -1 -1
node -1 0 -0.037949063 -1 -1
node 35 4 -0.013539584 25 28
node 78 7 0.21277107 26 27
node -1 0 -0.20808175 -1 -1
node -1 0 0.32692438 -1 -1
node 45 5 -0.047409065 29 30
node -1 0 0.1608626 -1 -1
node -1 0 -0.07790634 -1 -1
tree 31
node 34 20 0.0040261527 1 16
node 50 9 0.03300709 2 9
node 29 11 0.08684104 3 6
node 40 6 0.18839298 4 5
node -1 0 -0.012271684 -1 -1
node -1 0 0.29668593 -1 -1
node 28 5 0.010092387 7 8
node -1 0 -0.24975935 -1 -1
node -1 0 0.034222357 -1 -1
node 52 11 -0.023818314 10 13
node 47 12 0.21186693 11 12
node -1 0 0.03236539 -1 -1
node -1 0 0.54532826 -1 -1
node 43 17 -0.05304789 14 15
node -1 0 -0.14642341 -1 -1
node -1 0 0.039640952 -1 -1
node 26 17 -0.06249406 17 24
node 22 18 -0.24050194 18 21
node 76 16 -0.17081292 19 20
node -1 0 0.015118752 -1 -1
node -1 0 -0.40451908 -1 -1
node 28 16 -0.5809211 22 23
node -1 0 0.6616676 -1 -1
node -1 0 -0.6581151 -1 -1
node 55 4 0.003269754 25 28
node 13 25 -0.24511781 26 27
node -1 0 0.05873249 -1 -1
node -1 0 -0.6676619 -1 -1
node 76 0 0.03880502 29 30
node -1 0 -0.32161883 -1 -1
node -1 0 0.062750585 -1 -1
tree 29
node 34 0 -0.008616071 1 14
node 13 17 -0.26082146 2 9
node 65 7 -0.5729781 3 6
node 3 11 -0.23814498 4 5
node -1 0 -0.58962154 -1 -1
node -1 0 0.07082349 -1 -1
node 47 8 -0.8577217 7 8
node -1 0 -1.3445413 -1 -1
node -1 0 -0.5856641 -1 -1
node 79 27 0.05215253 10 13
node 27 16 -0.04077743 11 12
node -1 0 0.14784695 -1 -1
node -1 0 -0.7256269 -1 -1
node -1 0 1.7013792 -1 -1
node 69 0 -0.001705529 15 22
node 44 10 -0.09694292 16 19
node 29 1 -0.24258119 17 18
node -1 0 -0.81261474 -1 -1
node -1 0 -0.18603607 -1 -1
node 48 18 -0.029495144 20 21
node -1 0 -0.12745872 -1 -1
node -1 0 0.10756563 -1 -1
node 2 9 0.01704317 23 26
node 54 6 -0.044852592 24 25
node -1 0 -0.20942411 -1 -1
node -1 0 -0.0008951522 -1 -1
node 79 0 0.051569354 27 28
node -1 0 0.38931084 -1 -1
node -1 0 0.04044554 -1 -1
tree 27
node 44 8 -0.0008363666 1 12
node 39 21 -0.06167164 2 9
node 78 6 -0.06923679 3 6
node 48 3 -0.26345932 4 5
node -1 0 -0.47100136 -1 -1
node -1 0 -0.07186187 -1 -1
node 38 8 -0.031197881 7 8
node -1 0 0.048914574 -1 -1
node -1 0 -0.118863866 -1 -1
node 43 8 0.93563795 10 11
node -1 0 2.0360055 -1 -1
node -1 0 -0.060146634 -1 -1
node 39 6 0.021841288 13 20
node 80 9 0.21233836 14 17
node 72 21 -0.06217552 15 16
node -1 0 0.019573774 -1 -1
node -1 0 -0.9995019 -1 -1
node 68 2 0.29164562 18 19
node -1 0 0.064695515 -1 -1
node -1 0 0.39164075 -1 -1
node 43 3 0.00575421 21 24
node 6 18 0.27506512 22 23
node -1 0 0.03294839 -1 -1
node -1 0 0.7568859 -1 -1
node 61 0 -0.0056523145 25 26
node -1 0 0.060146876 -1 -1
node -1 0 -0.054216746 -1 -1
tree 31
node 2 10 -0.002487364 1 16
node 30 1 -0.053792216 2 9
node 47 9 -0.3312495 3 6
node 55 18 -0.7947796 4 5
node -1 0 -1.3886334 -1 -1
node -1 0 -0.076633744 -1 -1
node 9 16 -0.0779589 7 8
node -1 0 0.24907605 -1 -1
node -1 0 -0.426161 -1 -1
node 6 26 -0.038631 10 13
node 37 0 -0.024703525 11 12
node -1 0 -0.48473725 -1 -1
node -1 0 -0.016507475 -1 -1
node 79 12 -0.3512995 14 15
node -1 0 -0.60121465 -1 -1
node -1 0 -0.12744805 -1 -1
node 53 20 0.02991983 17 24
node 78 16 0.05199777 18 21
node 2 28 0.102934256 19 20
node -1 0 0.12875436 -1 -1
node -1 0 -0.16099751 -1 -1
node 79 20 -0.0074151936 22 23
node -1 0 -0.18872589 -1 -1
node -1 0 0.05712743 -1 -1
node 79 30 -0.07606226 25 28
node 79 20 -0.09755443 26 27
node -1 0 -0.20751728 -1 -1
node -1 0 0.042096592 -1 -1
node 7 15 1.2112759 29 30
node -1 0 3.1063933 -1 -1
node -1 0 -0.049526334 -1 -1
tree 31
node 5 17 0.004131184 1 16
node 46 15 0.028202172 2 9
node 46 10 -0.018151566 3 6
node 32 15 0.043448247 4 5
node -1 0 0.12090867 -1 -1
node -1 0 -0.09722027 -1 -1
node 61 1 -0.24238846 7 8
node -1 0 0.1424411 -1 -1
node -1 0 -0.38217247 -1 -1
node 49 5 0.09135713 10 13
node 78 24 0.18104106 11 12
node -1 0 0.076790005 -1 -1
node -1 0 0.4113581 -1 -1
node 80 28 -0.0035719187 14 15
node -1 0 0.0904122 -1 -1
node -1 0 -0.29739285 -1 -1
node 57 18 -0.043485258 17 24
node 39 13 -0.01450365 18 21
node 8 11 -0.10273365 19 20
node -1 0 -0.28635642 -1 -1
node -1 0 -0.01807601 -1 -1
node 79 26 0.039802287 22 23
node -1 0 0.060313687 -1 -1
node -1 0 -0.3894494 -1 -1
node 36 8 -0.26131588 25 28
node 43 1 0.118114986 26 27
node -1 0 1.2901556 -1 -1
node -1 0 -0.009514483 -1 -1
node 78 23 -0.3689921 29 30
node -1 0 -0.4423108 -1 -1
node -1 0 0.18469454 -1 -1
tree 31
node 3 9 0.003750287 1 16
node 33 1 -0.04555553 2 9
node 78 11 -0.3534655 3 6
node 3 7 -0.7330813 4 5
node -1 0 -0.5274552 -1 -1
node -1 0 -1.4665737 -1 -1
node 34 0 -0.14251113 7 8
node -1 0 -0.4494425 -1 -1
node -1 0 0.07154448 -1 -1
node 55 7 -0.02537066 10 13
node 79 30 -0.19400439 11 12
node -1 0 -0.21224086 -1 -1
node -1 0 1.1135796 -1 -1
node 79 28 0.009970177 14 15
node -1 0 0.02864999 -1 -1
node -1 0 -0.27296364 -1 -1
node 1 5 0.031284947 17 24
node 72 8 -0.1658052 18 21
node 4 1 0.0011399734 19 20
node -1 0 -0.6298151 -1 -1
node -1 0 0.083892554 -1 -1
node 46 2 -0.33491468 22 23
node -1 0 0.26558033 -1 -1
node -1 0 -0.43921542 -1 -1
node 79 0 0.04496916 25 28
node 31 2 0.3426631 26 27
node -1 0 1.4966855 -1 -1
node -1 0 0.1874939 -1 -1
node 78 0 0.03601762 29 30
node -1 0 -0.48854032 -1 -1
node -1 0 0.043941654 -1 -1
tree 31
node 43 5 0.00062815205 1 16
node 19 1 0.09075559 2 9
node 25 8 0.59517914 3 6
node 47 13 -0.021913048 4 5
node -1 0 -0.32576257 -1 -1
node -1 0 0.6509984 -1 -1
node 14 0 1.0078915 7 8
node -1 0 -0.047136392 -1 -1
node -1 0 1.4369842 -1 -1
node 55 28 0.06354362 10 13
node 49 8 0.036891263 11 12
node -1 0 0.11806259 -1 -1
node -1 0 -0.114619195 -1 -1
node 80 8 0.59513724 14 15
node -1 0 -0.7819342 -1 -1
node -1 0 0.8612963 -1 -1
node 79 30 -0.01834768 17 24
node 58 19 -0.024241626 18 21
node 37 18 -0.009407059 19 20
node -1 0 -0.050448194 -1 -1
node -1 0 0.04199196 -1 -1
node 54 23 -0.1332358 22 23
node -1 0 -0.37858382 -1 -1
node -1 0 -0.07713671 -1 -1
node 80 29 0.3821333 25 28
node 5 15 0.94220644 26 27
node -1 0 1.2567241 -1 -1
node -1 0 -0.83207357 -1 -1
node 61 3 -0.10917536 29 30
node -1 0 1.0678684 -1 -1
node -1 0 -0.28361216 -1 -1
tree 31
node 79 9 -0.0075651794 1 16
node 78 12 -0.08900406 2 9
node 55 8 -0.0033737072 3 6
node 70 21 -0.1827384 4 5
node -1 0 -0.26297405 -1 -1
node -1 0 0.22169435 -1 -1
node 55 23 0.053154916 7 8
node -1 0 0.14063054 -1 -1
node -1 0 -0.15050597 -1 -1
node 35 1 -0.27851948 10 13
node 48 9 0.12336653 11 12
node -1 0 -0.7297952 -1 -1
node -1 0 0.34170696 -1 -1
node 39 0 -0.34739968 14 15
node -1 0 0.14542201 -1 -1
node -1 0 -0.43357095 -1 -1
node 78 20 0.01523701 17 24
node 79 22 0.059311375 18 21
node 78 16 0.016318051 19 20
node -1 0 0.07078954 -1 -1
node -1 0 -0.22172163 -1 -1
node 70 3 0.32540864 22 23
node -1 0 0.73455006 -1 -1
node -1 0 0.18716118 -1 -1
node 78 24 -0.03585784 25 28
node 79 24 -0.12157817 26 27
node -1 0 -0.6306592 -1 -1
node -1 0 0.38840064 -1 -1
node 79 24 0.03499785 29 30
node -1 0 0.54822636 -1 -1
node -1 0 -0.26256287 -1 -1
tree 31
node 76 0 0.00021024299 1 16
node 75 9 -0.20539595 2 9
node 72 19 -0.31556147 3 6
node 21 5 -0.41904998 4 5
node -1 0 0.10533641 -1 -1
node -1 0 -0.513814 -1 -1
node 80 12 0.21040317 7 8
node -1 0 1.1402683 -1 -1
node -1 0 -0.21190615 -1 -1
node 64 8 0.16823159 10 13
node 68 5 0.68088365 11 12
node -1 0 -0.44623753 -1 -1
node -1 0 1.0142665 -1 -1
node 78 13 -0.21448937 14 15
node -1 0 -0.6542015 -1 -1
node -1 0 0.14137113 -1 -1
node 0 19 0.0068993247 17 24
node 46 15 0.02976436 18 21
node 78 12 -0.019766573 19 20
node -1 0 0.11040101 -1 -1
node -1 0 -0.08469654 -1 -1
node 79 26 0.09478874 22 23
node -1 0 0.15931071 -1 -1
node -1 0 -0.10240546 -1 -1
node 50 0 -0.05315393 25 28
node 78 12 0.018435474 26 27
node -1 0 -0.09297369 -1 -1
node -1 0 0.27968192 -1 -1
node 45 4 -0.12175357 29 30
node -1 0 0.12542422 -1 -1
node -1 0 -0.19805577 -1 -1
tree 31
node 38 0 0.0069699697 1 16
node 30 4 -0.2911968 2 9
node 13 14 0.18631977 3 6
node 70 18 -0.23150556 4 5
node -1 0 -0.6665953 -1 -1
node -1 0 0.5615895 -1 -1
node 36 12 0.66312045 7 8
node -1 0 -0.38330597 -1 -1
node -1 0 1.0832494 -1 -1
node 58 2 -0.42215604 10 13
node 17 24 0.073332235 11 12
node -1 0 -0.26560664 -1 -1
node -1 0 0.6732774 -1 -1
node 70 0 -0.6377937 14 15
node -1 0 -0.1201453 -1 -1
node -1 0 -0.7311201 -1 -1
node 58 1 0.0125975665 17 24
node 53 5 -0.04903248 18 21
node 1 5 -0.21084534 19 20
node -1 0 -0.5210048 -1 -1
node -1 0 -0.14469925 -1 -1
node 50 1 0.023333857 22 23
node -1 0 0.19047259 -1 -1
node -1 0 -0.09695409 -1 -1
node 39 4 0.033338804 25 28
node 80 9 0.15934415 26 27
node -1 0 -0.14498615 -1 -1
node -1 0 0.26736253 -1 -1
node 57 10 0.012377301 29 30
node -1 0 0.10045883 -1 -1
node -1 0 -0.03244166 -1 -1
tree 31
node 79 9 -0.0072063864 1 16
node 78 13 -0.077629186 2 9
node 12 22 -0.0077704648 3 6
node 78 3 0.041070413 4 5
node -1 0 -0.13112044 -1 -1
node -1 0 0.101927966 -1 -1
node 31 11 -0.18464695 7 8
node -1 0 0.16217406 -1 -1
node -1 0 -0.3183249 -1 -1
node 21 17 -0.28501153 10 13
node 78 23 -0.15989903 11 12
node -1 0 -0.36805087 -1 -1
node -1 0 0.16546546 -1 -1
node 39 0 -0.65112 14 15
node -1 0 0.44988483 -1 -1
node -1 0 -0.7205339 -1 -1
node 42 14 0.01244225 17 24
node 63 20 -0.04016654 18 21
node 33 9 -0.0074004675 19 20
node -1 0 -0.12855257 -1 -1
node -1 0 0.057295043 -1 -1
node 5 12 -0.2995445 22 23
node -1 0 -0.14371976 -1 -1
node -1 0 -0.42978182 -1 -1
node 78 8 0.05815083 25 28
node 64 1 -0.16673695 26 27
node -1 0 -0.40302625 -1 -1
node -1 0 -0.06365221 -1 -1
node 78 18 0.08015337 29 30
node -1 0 0.1644973 -1 -1
node -1 0 0.011400448 -1 -1
tree 31
node 76 0 -0.0075474735 1 16
node 73 18 -0.25226635 2 9
node 75 9 -0.37727144 3 6
node 27 23 -0.47335866 4 5
node -1 0 -0.6369658 -1 -1
node -1 0 -0.12723462 -1 -1
node 10 21 -0.017096795 7 8
node -1 0 -0.2723946 -1 -1
node -1 0 0.552502 -1 -1
node 35 11 0.3984732 10 13
node 32 22 -0.20367502 11 12
node -1 0 -0.6848153 -1 -1
node -1 0 0.29504696 -1 -1
node 65 4 0.71265906 14 15
node -1 0 -0.3765676 -1 -1
node -1 0 1.0244081 -1 -1
node 37 0 0.00017881129 17 24
node 75 18 -0.3125605 18 21
node 6 10 -0.5007578 19 20
node -1 0 -0.75862527 -1 -1
node -1 0 -0.34617907 -1 -1
node 25 17 0.03908739 22 23
node -1 0 -0.16625506 -1 -1
node -1 0 0.86508614 -1 -1
node 23 7 0.0063622645 25 28
node 34 1 -0.050218355 26 27
node -1 0 -0.35455856 -1 -1
node -1 0 -0.028187532 -1 -1
node 25 16 0.032580923 29 30
node -1 0 0.08282473 -1 -1
node -1 0 -0.018461276 -1 -1
tree 31
node 14 0 0.008687772 1 16
node 32 10 -0.18443622 2 9
node 6 21 0.06457686 3 6
node 80 6 -0.05774968 4 5
node -1 0 -0.46963915 -1 -1
node -1 0 0.09517091 -1 -1
node 63 0 0.56964266 7 8
node -1 0 -0.23465101 -1 -1
node -1 0 1.0074781 -1 -1
node 47 2 -0.36621282 10 13
node 33 2 -0.56424636 11 12
node -1 0 0.790656 -1 -1
node -1 0 -0.6363052 -1 -1
node 63 0 -0.15199713 14 15
node -1 0 -0.63193935 -1 -1
node -1 0 0.017589021 -1 -1
node 66 13 0.015670035 17 24
node 3 11 -0.01618347 18 21
node 80 3 -0.08411095 19 20
node -1 0 -0.73133355 -1 -1
node -1 0 -0.070417486 -1 -1
node 78 27 0.034885947 22 23
node -1 0 0.010280534 -1 -1
node -1 0 0.23006505 -1 -1
node 33 0 0.06041695 25 28
node 6 29 -0.354612 26 27
node -1 0 -0.44254714 -1 -1
node -1 0 1.3902942 -1 -1
node 79 29 0.073568024 29 30
node -1 0 0.08316717 -1 -1
node -1 0 -0.31640106 -1 -1
tree 27
node 38 0 -0.0068569556 1 12
node 6 29 -0.32965946 2 9
node 43 10 -0.3782258 3 6
node 72 10 -0.20241977 4 5
node -1 0 0.061483625 -1 -1
node -1 0 -0.5400018 -1 -1
node 70 16 -0.71270555 7 8
node -1 0 -0.9963776 -1 -1
node -1 0 -0.25845334 -1 -1
node 67 11 1.4690859 10 11
node -1 0 2.515005 -1 -1
node -1 0 -0.27829292 -1 -1
node 10 16 -0.0011808403 13 20
node 75 20 0.027795125 14 17
node 75 7 0.07795688 15 16
node -1 0 0.0033437123 -1 -1
node -1 0 0.13576603 -1 -1
node 9 18 -0.039166808 18 19
node -1 0 0.0029866914 -1 -1
node -1 0 -0.24612844 -1 -1
node 12 12 -0.050242957 21 24
node 52 5 -0.16313684 22 23
node -1 0 -0.30954674 -1 -1
node -1 0 -0.078492224 -1 -1
node 25 10 0.00027412476 25 26
node -1 0 0.34864917 -1 -1
node -1 0 -0.022673095 -1 -1
tree 29
node 15 0 0.0076557957 1 14
node 3 27 -0.18716943 2 9
node 47 3 -0.2583292 3 6
node 80 8 0.1608192 4 5
node -1 0 -0.69253445 -1 -1
node -1 0 1.0048796 -1 -1
node 49 7 -0.37691107 7 8
node -1 0 -0.22774366 -1 -1
node -1 0 -0.5918168 -1 -1
node 42 4 0.71390253 10 11
node -1 0 2.418292 -1 -1
node 25 0 0.29794744 12 13
node -1 0 1.3589569 -1 -1
node -1 0 -0.37007907 -1 -1
node 42 17 0.015006673 15 22
node 48 0 -0.017584981 16 19
node 36 11 0.36037362 17 18
node -1 0 0.9308227 -1 -1
node -1 0 -0.09827305 -1 -1
node 44 4 -0.02421623 20 21
node -1 0 -0.14288713 -1 -1
node -1 0 -0.0065723127 -1 -1
node 79 8 0.05541622 23 26
node 78 12 -0.06032499 24 25
node -1 0 0.025153045 -1 -1
node -1 0 -0.29003197 -1 -1
node 31 25 0.082830474 27 28
node -1 0 0.11521423 -1 -1
node -1 0 -0.06897738 -1 -1
tree 31
node 76 7 -0.005241775 1 16
node 79 24 -0.07418944 2 9
node 78 24 -0.120949574 3 6
node 80 21 -0.15446842 4 5
node -1 0 -0.0955396 -1 -1
node -1 0 -0.66672945 -1 -1
node 41 10 0.28379223 7 8
node -1 0 -0.37451646 -1 -1
node -1 0 0.592786 -1 -1
node 78 21 0.12140598 10 13
node 80 19 0.6071824 11 12
node -1 0 -0.024215022 -1 -1
node -1 0 0.95586807 -1 -1
node 54 23 -0.019187791 14 15
node -1 0 0.0703015 -1 -1
node -1 0 -0.6918744 -1 -1
node 78 14 0.015852043 17 24
node 78 11 0.08492684 18 21
node 54 19 0.021412332 19 20
node -1 0 0.12094583 -1 -1
node -1 0 -0.15984854 -1 -1
node 79 10 0.24286862 22 23
node -1 0 -0.0013242133 -1 -1
node -1 0 0.3557671 -1 -1
node 79 19 -0.027339337 25 28
node 80 24 -0.17489992 26 27
node -1 0 -0.27893648 -1 -1
node -1 0 0.08372777 -1 -1
node 80 22 0.026812617 29 30
node -1 0 0.15097915 -1 -1
node -1 0 -0.056457274 -1 -1
tree 31
node 77 14 -0.001260821 1 16
node 75 22 0.039924685 2 9
node 74 0 0.011108838 3 6
node 26 6 0.1394811 4 5
node -1 0 0.4182298 -1 -1
node -1 0 0.08544681 -1 -1
node 5 14 -0.04204225 7 8
node -1 0 0.040341076 -1 -1
node -1 0 -0.13889183 -1 -1
node 32 14 0.21318737 10 13
node 77 8 0.1451122 11 12
node -1 0 0.010550756 -1 -1
node -1 0 0.39007002 -1 -1
node 75 23 0.6678846 14 15
node -1 0 1.3299606 -1 -1
node -1 0 0.3676801 -1 -1
node 39 16 -0.034870606 17 24
node 78 29 -0.08584108 18 21
node 40 17 -0.10419426 19 20
node -1 0 -0.16491035 -1 -1
node -1 0 -0.02352492 -1 -1
node 79 26 0.18808104 22 23
node -1 0 0.60541576 -1 -1
node -1 0 -0.15379861 -1 -1
node 22 1 0.017672492 25 28
node 55 14 0.2819293 26 27
node -1 0 1.6450233 -1 -1
node -1 0 0.21814947 -1 -1
node 28 2 -0.00812942 29 30
node -1 0 -0.31891954 -1 -1
node -1 0 0.016959447 -1 -1
tree 29
node 36 0 0.0030237187 1 14
node 45 20 -0.25915912 2 9
node 61 13 -0.15152861 3 6
node 56 7 -0.06825939 4 5
node -1 0 -0.39583653 -1 -1
node -1 0 0.066459246 -1 -1
node 63 0 -0.81995565 7 8
node -1 0 -0.05968142 -1 -1
node -1 0 -1.0500376 -1 -1
node 77 1 -0.7098402 10 11
node -1 0 0.19618389 -1 -1
node 8 18 -0.988784 12 13
node -1 0 -1.1040032 -1 -1
node -1 0 -0.1952435 -1 -1
node 36 7 0.008086622 15 22
node 11 24 0.08481646 16 19
node 16 16 0.11352403 17 18
node -1 0 0.062213052 -1 -1
node -1 0 0.24863862 -1 -1
node 13 28 -0.12709886 20 21
node -1 0 -0.20706618 -1 -1
node -1 0 0.52420986 -1 -1
node 34 3 -0.0140762655 23 26
node 79 30 -0.15100628 24 25
node -1 0 -0.16639538 -1 -1
node -1 0 0.93802255 -1 -1
node 37 0 0.0024042143 27 28
node -1 0 -0.6050674 -1 -1
node -1 0 0.006044634 -1 -1
tree 31
node 34 0 0.0024122486 1 16
node 3 22 -0.26214162 2 9
node 48 16 -0.4500896 3 6
node 68 6 -0.7029004 4 5
node -1 0 -0.30018118 -1 -1
node -1 0 -0.95323443 -1 -1
node 50 7 -0.19566572 7 8
node -1 0 -0.5285654 -1 -1
node -1 0 0.3589639 -1 -1
node 68 6 0.1646086 10 13
node 78 4 0.7998124 11 12
node -1 0 -0.33734 -1 -1
node -1 0 1.133674 -1 -1
node 57 16 -0.08515946 14 15
node -1 0 -0.3356776 -1 -1
node -1 0 0.8601353 -1 -1
node 79 20 0.009514586 17 24
node 80 25 -0.022798676 18 21
node 80 17 -0.04159753 19 20
node -1 0 0.008733582 -1 -1
node -1 0 -0.31325284 -1 -1
node 19 15 0.26570663 22 23
node -1 0 0.4543166 -1 -1
node -1 0 -0.16479999 -1 -1
node 78 21 0.054654375 25 28
node 79 24 0.20776123 26 27
node -1 0 0.044326656 -1 -1
node -1 0 0.64792126 -1 -1
node 79 22 -0.022278741 29 30
node -1 0 0.2184515 -1 -1
node -1 0 -0.05927493 -1 -1
tree 29
node 36 0 0.0040768893 1 14
node 64 18 -0.23784035 2 7
node 70 24 -0.12029229 3 6
node 55 2 -0.19065753 4 5
node -1 0 0.6105762 -1 -1
node -1 0 -0.2574695 -1 -1
node -1 0 0.65775883 -1 -1
node 29 4 -0.7622288 8 11
node 43 14 -0.0019578256 9 10
node -1 0 -0.63484263 -1 -1
node -1 0 0.47190002 -1 -1
node 3 20 -1.06864 12 13
node -1 0 -1.1672167 -1 -1
node -1 0 -0.34387723 -1 -1
node 34 20 0.008698264 15 22
node 33 25 0.031348534 16 19
node 31 16 0.024318142 17 18
node -1 0 0.048875622 -1 -1
node -1 0 -0.06583766 -1 -1
node 47 3 0.36968777 20 21
node -1 0 -0.32556304 -1 -1
node -1 0 0.6248175 -1 -1
node 26 17 -0.04441323 23 26
node 76 17 -0.20135124 24 25
node -1 0 -0.086511984 -1 -1
node -1 0 -0.40996528 -1 -1
node 24 5 0.015379087 27 28
node -1 0 0.60716 -1 -1
node -1 0 -7.180797E-05 -1 -1
tree 31
node 78 16 0.0059567275 1 16
node 78 10 0.046367835 2 9
node 79 14 -0.014043362 3 6
node 32 15 0.04378318 4 5
node -1 0 0.13053821 -1 -1
node -1 0 -0.048319627 -1 -1
node 9 18 -0.4089334 7 8
node -1 0 -0.10680131 -1 -1
node -1 0 -0.5875941 -1 -1
node 79 10 0.111445546 10 13
node 78 12 -0.09928273 11 12
node -1 0 0.271816 -1 -1
node -1 0 -0.3708066 -1 -1
node 75 1 0.19547372 14 15
node -1 0 -0.18516047 -1 -1
node -1 0 0.22957203 -1 -1
node 80 15 -0.0322749 17 24
node 77 5 -0.26817703 18 21
node 16 23 0.1419512 19 20
node -1 0 -0.29815716 -1 -1
node -1 0 0.7028892 -1 -1
node 54 15 -0.38692868 22 23
node -1 0 -0.59526324 -1 -1
node -1 0 -0.13798474 -1 -1
node 75 7 -0.012477725 25 28
node 10 21 -0.13908155 26 27
node -1 0 -0.087822974 -1 -1
node -1 0 -0.46934375 -1 -1
node 30 2 0.022667224 29 30
node -1 0 0.28816786 -1 -1
node -1 0 0.0051766993 -1 -1
tree 31
node 38 23 -0.008736906 1 16
node 78 15 0.012800564 2 9
node 2 28 0.06676153 3 6
node 3 10 0.088886 4 5
node -1 0 -0.007065721 -1 -1
node -1 0 0.13791649 -1 -1
node 7 29 -0.30299488 7 8
node -1 0 -0.43126035 -1 -1
node -1 0 0.13961475 -1 -1
node 61 16 -0.027127022 10 13
node 26 5 -0.037897483 11 12
node -1 0 -0.1414618 -1 -1
node -1 0 -0.0055796495 -1 -1
node 79 25 0.30207798 14 15
node -1 0 -0.11756607 -1 -1
node -1 0 0.9931586 -1 -1
node 9 17 -0.07008091 17 24
node 0 0 -0.010054094 18 21
node 8 10 -0.6373772 19 20
node -1 0 -0.2869953 -1 -1
node -1 0 -0.97832316 -1 -1
node 45 15 0.009889639 22 23
node -1 0 -0.06667438 -1 -1
node -1 0 0.1743277 -1 -1
node 23 7 -0.19717072 25 28
node 79 18 -0.49248776 26 27
node -1 0 -0.66750836 -1 -1
node -1 0 -0.13690437 -1 -1
node 60 1 -0.13692698 29 30
node -1 0 -0.00809735 -1 -1
node -1 0 -0.27578202 -1 -1
tree 31
node 67 12 -0.018231142 1 16
node 67 8 -0.052570853 2 9
node 26 0 -0.025592398 3 6
node 33 12 -0.33014154 4 5
node -1 0 -0.052787207 -1 -1
node -1 0 -0.78905195 -1 -1
node 45 6 -0.01307194 7 8
node -1 0 0.105010316 -1 -1
node -1 0 -0.05550893 -1 -1
node 69 9 -0.14246894 10 13
node 76 0 -0.28209144 11 12
node -1 0 1.5122955 -1 -1
node -1 0 -0.3104292 -1 -1
node 2 26 -0.06677855 14 15
node -1 0 -0.02947225 -1 -1
node -1 0 -0.4846887 -1 -1
node 38 23 0.020106243 17 24
node 55 28 0.054416515 18 21
node 14 5 0.04181192 19 20
node -1 0 0.1788659 -1 -1
node -1 0 0.0097742425 -1 -1
node 78 28 0.39888084 22 23
node -1 0 0.47092372 -1 -1
node -1 0 -0.8470403 -1 -1
node 30 9 -0.09171745 25 28
node 79 1 0.09142351 26 27
node -1 0 0.90183216 -1 -1
node -1 0 0.047591504 -1 -1
node 56 19 -0.16841188 29 30
node -1 0 -0.08023324 -1 -1
node -1 0 -0.49374002 -1 -1
tree 29
node 23 23 -0.0027065093 1 16
node 26 22 -0.01951251 2 9
node 46 15 -0.0006326598 3 6
node 46 12 -0.044720504 4 5
node -1 0 -0.003867268 -1 -1
node -1 0 -0.27019843 -1 -1
node 79 25 0.051645193 7 8
node -1 0 0.109964035 -1 -1
node -1 0 -0.1378399 -1 -1
node 79 27 -0.15933134 10 13
node 73 9 -0.19565439 11 12
node -1 0 -0.06424161 -1 -1
node -1 0 -0.40824494 -1 -1
node 46 12 0.39513248 14 15
node -1 0 -0.65684706 -1 -1
node -1 0 0.94878644 -1 -1
node 49 14 0.06317819 17 24
node 56 4 0.05023506 18 21
node 12 27 -0.15999208 19 20
node -1 0 -0.0121297855 -1 -1
node -1 0 -0.40524843 -1 -1
node 80 18 0.10264276 22 23
node -1 0 0.18855086 -1 -1
node -1 0 -0.04161796 -1 -1
node 15 9 0.7238705 25 26
node -1 0 -0.28033486 -1 -1
node 20 14 0.9490921 27 28
node -1 0 1.6343966 -1 -1
node -1 0 0.2548965 -1 -1
tree 31
node 73 6 -0.009545987 1 16
node 74 3 0.02366716 2 9
node 70 3 -0.0082546845 3 6
node 62 0 -0.06511126 4 5
node -1 0 -0.1522954 -1 -1
node -1 0 0.022005476 -1 -1
node 78 24 0.06850115 7 8
node -1 0 0.027464451 -1 -1
node -1 0 0.35922885 -1 -1
node 79 30 0.12290579 10 13
node 44 17 0.10440382 11 12
node -1 0 -0.017374806 -1 -1
node -1 0 0.24223056 -1 -1
node 38 5 1.2036434 14 15
node -1 0 -0.06074273 -1 -1
node -1 0 1.4617959 -1 -1
node 58 1 -0.04189273 17 24
node 78 15 -0.15253547 18 21
node 36 22 -0.089567706 19 20
node -1 0 0.0030596077 -1 -1
node -1 0 -0.2995666 -1 -1
node 69 16 -0.41131723 22 23
node -1 0 -0.710959 -1 -1
node -1 0 -0.122775905 -1 -1
node 47 16 -0.015402835 25 28
node 38 8 0.041740946 26 27
node -1 0 0.19554357 -1 -1
node -1 0 -0.015909193 -1 -1
node 31 9 -0.08017284 29 30
node -1 0 -0.18312377 -1 -1
node -1 0 -0.027661381 -1 -1
tree 31
node 55 4 -0.0014520139 1 16
node 27 19 -0.11241444 2 9
node 47 7 0.054324847 3 6
node 19 6 0.27246082 4 5
node -1 0 -0.440518 -1 -1
node -1 0 0.5493811 -1 -1
node 43 17 -0.04825746 7 8
node -1 0 0.10046386 -1 -1
node -1 0 -0.256811 -1 -1
node 13 25 -0.30170533 10 13
node 47 18 -0.12977682 11 12
node -1 0 -0.43102792 -1 -1
node -1 0 0.23237275 -1 -1
node 17 16 -0.53202754 14 15
node -1 0 1.3802866 -1 -1
node -1 0 -0.60261995 -1 -1
node 9 0 0.010348616 17 24
node 45 2 -0.181739 18 21
node 46 1 -0.2884643 19 20
node -1 0 -0.85637105 -1 -1
node -1 0 -0.21851921 -1 -1
node 47 7 0.45767704 22 23
node -1 0 0.9648236 -1 -1
node -1 0 0.20383818 -1 -1
node 12 23 0.017609779 25 28
node 50 4 0.0074439454 26 27
node -1 0 0.052174967 -1 -1
node -1 0 -0.028364735 -1 -1
node 46 6 0.14917189 29 30
node -1 0 0.51650786 -1 -1
node -1 0 0.048373807 -1 -1
tree 31
node 40 12 -0.008420245 1 16
node 4 26 -0.051572606 2 9
node 24 0 -0.031826045 3 6
node 6 27 -0.28464153 4 5
node -1 0 -0.3465227 -1 -1
node -1 0 0.7055858 -1 -1
node 35 18 -0.016111901 7 8
node -1 0 -0.02185868 -1 -1
node -1 0 0.87035495 -1 -1
node 76 19 -0.2583423 10 13
node 79 1 -0.10370437 11 12
node -1 0 0.58920133 -1 -1
node -1 0 -0.17987786 -1 -1
node 79 19 -0.7832465 14 15
node -1 0 -0.92189944 -1 -1
node -1 0 -0.13359326 -1 -1
node 35 3 0.019110005 17 24
node 78 3 0.3043884 18 21
node 62 1 -0.4492702 19 20
node -1 0 0.35453573 -1 -1
node -1 0 -0.66361725 -1 -1
node 36 10 0.3905671 22 23
node -1 0 0.14290373 -1 -1
node -1 0 0.64153606 -1 -1
node 49 3 0.005960956 25 28
node 79 30 0.05611463 26 27
node -1 0 0.05143502 -1 -1
node -1 0 1.2845883 -1 -1
node 46 12 -0.04563442 29 30
node -1 0 0.0290997 -1 -1
node -1 0 -0.117834 -1 -1
tree 31
node 44 7 -0.0033777754 1 16
node 75 15 -0.06474715 2 9
node 75 11 0.026284236 3 6
node 76 7 -0.07166879 4 5
node -1 0 -0.25668415 -1 -1
node -1 0 0.078736365 -1 -1
node 79 0 0.32334888 7 8
node -1 0 1.4003686 -1 -1
node -1 0 0.25627393 -1 -1
node 59 9 -0.14610738 10 13
node 78 25 -0.32216698 11 12
node -1 0 -0.37451276 -1 -1
node -1 0 0.08948805 -1 -1
node 48 4 -0.035595324 14 15
node -1 0 0.14843202 -1 -1
node -1 0 -0.17107877 -1 -1
node 39 6 0.01616315 17 24
node 38 1 0.17048566 18 21
node 55 0 -0.2603566 19 20
node -1 0 1.4104623 -1 -1
node -1 0 -0.34162948 -1 -1
node 57 8 0.24874693 22 23
node -1 0 0.45309806 -1 -1
node -1 0 0.14543812 -1 -1
node 61 2 0.0026773731 25 28
node 78 27 0.053714544 26 27
node -1 0 0.034653544 -1 -1
node -1 0 0.39851627 -1 -1
node 48 8 -0.047044057 29 30
node -1 0 0.09720814 -1 -1
node -1 0 -0.10094921 -1 -1
tree 31
node 34 20 -0.0048500225 1 16
node 78 13 0.020014077 2 9
node 78 10 0.08899845 3 6
node 27 18 0.014281583 4 5
node -1 0 0.08453354 -1 -1
node -1 0 -0.23460795 -1 -1
node 63 2 0.25922483 7 8
node -1 0 0.4706236 -1 -1
node -1 0 0.14702667 -1 -1
node 79 16 -0.0152796805 10 13
node 78 23 -0.153664 11 12
node -1 0 -0.2823076 -1 -1
node -1 0 0.11996807 -1 -1
node 46 10 0.021613028 14 15
node -1 0 0.1330585 -1 -1
node -1 0 -0.030335551 -1 -1
node 26 17 -0.06274315 17 24
node 78 23 -0.22208975 18 21
node 29 1 -0.2879585 19 20
node -1 0 -1.1612978 -1 -1
node -1 0 -0.2594578 -1 -1
node 28 18 0.19805394 22 23
node -1 0 0.53937674 -1 -1
node -1 0 -0.87212384 -1 -1
node 27 17 -0.0037277422 25 28
node 20 11 -0.6091539 26 27
node -1 0 0.9577071 -1 -1
node -1 0 -0.7490499 -1 -1
node 12 20 0.014211888 29 30
node -1 0 0.06635383 -1 -1
node -1 0 -0.13449049 -1 -1
tree 31
node 52 1 -0.003555468 1 16
node 57 5 -0.059418105 2 9
node 13 12 -0.20305005 3 6
node 53 2 -0.4459652 4 5
node -1 0 -0.7546763 -1 -1
node -1 0 -0.2320183 -1 -1
node 7 27 -0.08788633 7 8
node -1 0 -0.17049968 -1 -1
node -1 0 0.2619788 -1 -1
node 59 0 0.0014861439 10 13
node 56 12 0.18731757 11 12
node -1 0 0.39743316 -1 -1
node -1 0 -0.05258786 -1 -1
node 48 4 -0.08429917 14 15
node -1 0 0.17561781 -1 -1
node -1 0 -0.18293251 -1 -1
node 49 1 0.01540028 17 24
node 78 21 0.08962003 18 21
node 78 10 0.13747458 19 20
node -1 0 -0.057137016 -1 -1
node -1 0 0.2322367 -1 -1
node 78 24 -0.07269118 22 23
node -1 0 -0.40872335 -1 -1
node -1 0 0.23556915 -1 -1
node 45 5 -0.017880851 25 28
node 80 5 0.1324316 26 27
node -1 0 -0.26828292 -1 -1
node -1 0 0.2090751 -1 -1
node 45 15 -0.052819695 29 30
node -1 0 -0.1360851 -1 -1
node -1 0 0.011747623 -1 -1
tree 31
node 79 23 0.0015855817 1 16
node 78 24 -0.021012781 2 9
node 78 18 -0.062169626 3 6
node 79 20 0.007825733 4 5
node -1 0 -0.013784119 -1 -1
node -1 0 0.21584554 -1 -1
node 80 25 -0.41601056 7 8
node -1 0 -0.50002825 -1 -1
node -1 0 0.35494745 -1 -1
node 79 19 0.33624157 10 13
node 0 17 0.101960614 11 12
node -1 0 0.24367045 -1 -1
node -1 0 -0.3568069 -1 -1
node 43 2 0.6409776 14 15
node -1 0 -0.4853143 -1 -1
node -1 0 0.7481595 -1 -1
node 78 22 0.06107431 17 24
node 79 24 0.37046257 18 21
node 78 20 -0.011445592 19 20
node -1 0 0.31363264 -1 -1
node -1 0 -0.7724976 -1 -1
node 59 3 0.5417116 22 23
node -1 0 0.110742405 -1 -1
node -1 0 0.66241825 -1 -1
node 79 24 -0.069449835 25 28
node 78 23 0.3588081 26 27
node -1 0 -1.292689 -1 -1
node -1 0 0.5980178 -1 -1
node 78 23 -0.13020262 29 30
node -1 0 0.3092994 -1 -1
node -1 0 -0.1942676 -1 -1
tree 31
node 55 4 0.0072692866 1 16
node 32 20 -0.091754235 2 9
node 75 12 0.031290893 3 6
node 77 1 0.14445275 4 5
node -1 0 -0.59476924 -1 -1
node -1 0 0.19823249 -1 -1
node 27 16 -0.18430366 7 8
node -1 0 0.21956478 -1 -1
node -1 0 -0.33924684 -1 -1
node 12 26 -0.32110596 10 13
node 47 18 0.06802992 11 12
node -1 0 -0.39913183 -1 -1
node -1 0 0.4320866 -1 -1
node 17 20 -0.6322424 14 15
node -1 0 1.6606658 -1 -1
node -1 0 -0.7479301 -1 -1
node 12 23 0.017762244 17 24
node 32 21 0.005871501 18 21
node 55 18 -0.019537318 19 20
node -1 0 -0.11742762 -1 -1
node -1 0 0.025658246 -1 -1
node 26 0 0.0793757 22 23
node -1 0 -0.76461285 -1 -1
node -1 0 0.09614048 -1 -1
node 77 4 0.1715119 25 28
node 76 13 -0.25265732 26 27
node -1 0 -0.41471216 -1 -1
node -1 0 0.2892748 -1 -1
node 4 25 0.2620592 29 30
node -1 0 0.327156 -1 -1
node -1 0 -0.2664266 -1 -1
tree 31
node 15 0 0.0042152815 1 16
node 42 8 -0.19388208 2 9
node 46 12 0.20679514 3 6
node 55 15 -0.08323703 4 5
node -1 0 -0.70682883 -1 -1
node -1 0 0.2617376 -1 -1
node 55 14 1.00173 7 8
node -1 0 2.098092 -1 -1
node -1 0 0.1844008 -1 -1
node 41 18 -0.29139218 10 13
node 37 22 -0.53883046 11 12
node -1 0 -0.3016968 -1 -1
node -1 0 -0.86387235 -1 -1
node 43 6 -0.14660057 14 15
node -1 0 0.27971244 -1 -1
node -1 0 -0.25610444 -1 -1
node 79 30 0.011721844 17 24
node 79 29 0.007029222 18 21
node 2 11 0.012895377 19 20
node -1 0 -0.029103644 -1 -1
node -1 0 0.043701097 -1 -1
node 46 8 -0.35607374 22 23
node -1 0 0.88830096 -1 -1
node -1 0 -0.48634288 -1 -1
node 12 19 0.2934748 25 28
node 52 20 0.5860431 26 27
node -1 0 0.41205952 -1 -1
node -1 0 1.8695554 -1 -1
node 62 20 -0.37754047 29 30
node -1 0 -0.52752423 -1 -1
node -1 0 1.1682208 -1 -1
