gbdt 1
bias -2.7473192
shrink 0.08
threshold 0.42500007
features 81
bins 0 30 0.468 0.534 0.581 0.618 0.627 0.632 0.643 0.654 0.667 0.677 0.688 0.699 0.71 0.722 0.734 0.745 0.749 0.773 0.823 0.933 1.115 1.396 1.721 2.122 2.635 3.225 3.979 4.834 5.98 6
bins 1 31 0.336 0.358 0.362 0.364 0.368 0.373 0.377 0.382 0.388 0.391 0.396 0.4 0.405 0.409 0.414 0.418 0.423 0.428 0.431 0.433 0.441 0.455 0.484 0.55 0.639 0.777 0.958 1.367 2.531 4.489 6
bins 2 31 0.294 0.311 0.313 0.315 0.319 0.323 0.326 0.33 0.334 0.338 0.341 0.344 0.347 0.351 0.354 0.357 0.36 0.363 0.366 0.37 0.373 0.374 0.375 0.382 0.391 0.406 0.43 0.49 0.673 1.13 4.63
bins 3 31 0.337 0.357 0.362 0.364 0.368 0.373 0.377 0.382 0.387 0.391 0.396 0.4 0.405 0.409 0.414 0.418 0.423 0.428 0.431 0.433 0.441 0.455 0.484 0.55 0.655 0.805 1.009 1.452 2.657 4.592 6
bins 4 30 0.47 0.535 0.582 0.618 0.627 0.632 0.642 0.652 0.665 0.675 0.686 0.697 0.708 0.72 0.731 0.744 0.749 0.768 0.82 0.938 1.132 1.38 1.704 2.126 2.636 3.276 3.988 4.804 5.99 6
bins 5 29 0.49 0.561 0.606 0.626 0.631 0.643 0.655 0.669 0.679 0.691 0.703 0.715 0.727 0.741 0.749 0.766 0.808 0.869 0.997 1.187 1.415 1.655 1.98 2.414 2.929 3.545 4.338 5.215 6
bins 6 31 0.345 0.361 0.363 0.366 0.372 0.377 0.382 0.388 0.392 0.397 0.402 0.407 0.411 0.416 0.421 0.426 0.431 0.433 0.443 0.458 0.484 0.542 0.624 0.722 0.849 0.975 1.246 1.903 3.252 5.374 6
bins 7 31 0.3 0.313 0.315 0.318 0.322 0.326 0.331 0.335 0.338 0.342 0.346 0.35 0.353 0.356 0.359 0.363 0.366 0.37 0.373 0.375 0.38 0.388 0.399 0.418 0.45 0.525 0.68 0.812 1.098 2.38 6
bins 8 31 0.344 0.361 0.363 0.366 0.372 0.377 0.383 0.388 0.393 0.398 0.402 0.407 0.412 0.417 0.421 0.427 0.431 0.433 0.445 0.461 0.487 0.549 0.645 0.752 0.869 1.001 1.29 1.989 3.445 5.426 6
bins 9 29 0.491 0.558 0.605 0.626 0.631 0.642 0.654 0.667 0.678 0.69 0.702 0.714 0.725 0.739 0.748 0.763 0.799 0.864 0.992 1.178 1.391 1.623 1.953 2.388 2.943 3.61 4.335 5.171 6
bins 10 28 0.485 0.559 0.608 0.627 0.636 0.651 0.667 0.68 0.695 0.709 0.724 0.741 0.75 0.792 0.88 1.024 1.141 1.246 1.397 1.617 1.86 2.177 2.588 3.104 3.711 4.427 5.239 6
bins 11 30 0.336 0.36 0.363 0.368 0.375 0.381 0.388 0.393 0.399 0.405 0.411 0.417 0.423 0.43 0.433 0.448 0.481 0.557 0.624 0.679 0.732 0.816 0.924 1.042 1.253 1.621 2.46 3.675 5.286 6
bins 12 30 0.294 0.312 0.315 0.319 0.324 0.329 0.334 0.338 0.343 0.348 0.352 0.356 0.361 0.365 0.369 0.373 0.376 0.386 0.402 0.439 0.518 0.582 0.629 0.703 0.812 0.931 1.199 1.759 3.334 6
bins 13 30 0.338 0.36 0.363 0.368 0.375 0.381 0.388 0.393 0.399 0.405 0.411 0.417 0.424 0.43 0.433 0.45 0.482 0.557 0.629 0.682 0.741 0.831 0.937 1.078 1.307 1.71 2.651 3.84 5.341 6
bins 14 28 0.485 0.557 0.608 0.627 0.635 0.649 0.665 0.678 0.692 0.707 0.722 0.739 0.749 0.785 0.869 1.012 1.129 1.227 1.361 1.577 1.793 2.128 2.558 3.085 3.68 4.386 5.16 6
bins 15 25 0.497 0.576 0.625 0.634 0.652 0.674 0.694 0.714 0.732 0.749 0.804 0.919 1.084 1.263 1.404 1.526 1.769 2.034 2.345 2.751 3.229 3.866 4.527 5.231 6
bins 16 27 0.341 0.362 0.367 0.375 0.384 0.393 0.403 0.411 0.419 0.428 0.433 0.459 0.534 0.638 0.735 0.81 0.866 0.993 1.15 1.359 1.6 2.027 2.731 3.597 4.692 5.763 6
bins 17 27 0.297 0.313 0.318 0.325 0.332 0.339 0.346 0.353 0.359 0.365 0.372 0.375 0.391 0.427 0.523 0.648 0.707 0.753 0.877 1.02 1.235 1.513 1.985 2.793 3.899 5.161 6
bins 18 27 0.343 0.362 0.367 0.376 0.385 0.394 0.403 0.411 0.419 0.429 0.434 0.463 0.541 0.645 0.749 0.813 0.871 1.003 1.165 1.367 1.646 2.055 2.841 3.655 4.634 5.675 6
bins 19 26 0.496 0.575 0.625 0.633 0.651 0.672 0.692 0.712 0.731 0.748 0.795 0.91 1.075 1.25 1.382 1.5 1.74 2.023 2.34 2.74 3.238 3.8 4.441 5.112 5.92 6
bins 20 25 0.483 0.574 0.625 0.635 0.656 0.68 0.703 0.724 0.746 0.782 0.888 1.065 1.263 1.405 1.527 1.762 2.032 2.363 2.728 3.183 3.771 4.42 5.099 5.887 6
bins 21 26 0.337 0.362 0.368 0.377 0.388 0.398 0.408 0.416 0.426 0.433 0.458 0.541 0.659 0.784 0.849 0.931 1.076 1.265 1.497 1.8 2.301 2.962 3.717 4.698 5.705 6
bins 22 26 0.294 0.313 0.319 0.326 0.335 0.343 0.351 0.358 0.364 0.372 0.375 0.395 0.442 0.591 0.689 0.749 0.844 0.984 1.194 1.435 1.792 2.401 3.148 4.097 5.277 6
bins 23 26 0.339 0.362 0.368 0.377 0.388 0.398 0.407 0.416 0.426 0.433 0.458 0.534 0.659 0.778 0.841 0.917 1.062 1.253 1.486 1.783 2.285 3.029 3.791 4.667 5.623 6
bins 24 25 0.478 0.568 0.625 0.634 0.655 0.678 0.7 0.722 0.745 0.771 0.872 1.047 1.234 1.379 1.5 1.718 1.982 2.316 2.708 3.165 3.734 4.352 4.97 5.688 6
bins 25 25 0.444 0.542 0.613 0.63 0.648 0.671 0.695 0.717 0.739 0.758 0.85 0.992 1.096 1.204 1.419 1.666 1.975 2.308 2.672 3.121 3.706 4.36 5.002 5.756 6
bins 26 26 0.317 0.361 0.365 0.374 0.384 0.395 0.405 0.414 0.424 0.432 0.447 0.506 0.593 0.645 0.72 0.866 1.04 1.245 1.473 1.774 2.271 2.939 3.682 4.625 5.581 6
bins 27 26 0.282 0.313 0.317 0.325 0.332 0.341 0.349 0.356 0.363 0.37 0.374 0.388 0.425 0.501 0.555 0.617 0.765 0.965 1.179 1.436 1.794 2.375 3.1 4.038 5.141 6
bins 28 26 0.318 0.361 0.365 0.375 0.384 0.395 0.405 0.414 0.424 0.432 0.448 0.5 0.584 0.641 0.71 0.858 1.035 1.239 1.477 1.785 2.281 3.007 3.732 4.617 5.579 6
bins 29 25 0.445 0.538 0.611 0.629 0.647 0.67 0.693 0.715 0.737 0.751 0.835 0.988 1.09 1.198 1.388 1.645 1.953 2.297 2.698 3.162 3.73 4.354 4.955 5.641 6
bins 30 26 0.16 0.302 0.453 0.541 0.607 0.627 0.637 0.655 0.679 0.701 0.722 0.744 0.75 0.83 0.976 1.156 1.385 1.667 1.985 2.325 2.723 3.253 3.931 4.659 5.385 6
bins 31 27 0.162 0.303 0.357 0.362 0.367 0.376 0.387 0.397 0.407 0.416 0.426 0.432 0.442 0.492 0.609 0.759 0.915 1.078 1.271 1.525 1.873 2.383 3.082 3.894 4.943 5.925 6
bins 32 27 0.215 0.299 0.313 0.316 0.323 0.331 0.34 0.349 0.356 0.363 0.37 0.374 0.381 0.409 0.477 0.66 0.854 1.007 1.219 1.48 1.821 2.374 3.049 3.899 4.874 5.964 6
bins 33 27 0.153 0.3 0.354 0.362 0.367 0.376 0.386 0.396 0.406 0.415 0.426 0.432 0.441 0.484 0.591 0.74 0.901 1.067 1.271 1.537 1.888 2.444 3.168 3.989 4.934 5.887 6
bins 34 26 0.157 0.297 0.448 0.535 0.603 0.626 0.634 0.653 0.676 0.699 0.719 0.742 0.749 0.809 0.956 1.155 1.371 1.663 1.982 2.349 2.777 3.28 3.942 4.65 5.327 6
bins 35 23 0.623 0.862 1.127 1.348 1.563 1.775 1.988 2.194 2.33 2.46 2.657 2.885 3.082 3.3 3.517 3.753 4.009 4.297 4.62 4.922 5.271 5.64 6
bins 36 25 0.865 1.093 1.281 1.351 1.438 1.612 1.778 1.941 2.079 2.247 2.41 2.589 2.793 2.948 3.143 3.399 3.611 3.893 4.148 4.46 4.767 4.935 5.303 5.692 6
bins 37 24 0.859 1.1 1.165 1.232 1.419 1.585 1.742 1.896 2.077 2.219 2.423 2.583 2.74 2.974 3.225 3.465 3.694 4.072 4.185 4.42 4.779 5.173 5.664 6
bins 38 25 0.843 1.08 1.276 1.348 1.429 1.607 1.776 1.927 2.075 2.24 2.407 2.582 2.793 2.963 3.145 3.413 3.642 3.929 4.184 4.476 4.769 4.948 5.294 5.697 6
bins 39 23 0.651 0.873 1.12 1.352 1.58 1.785 2.001 2.208 2.339 2.47 2.675 2.887 3.089 3.307 3.511 3.743 3.992 4.262 4.571 4.892 5.207 5.553 6
bins 40 19 0.776 1.115 1.438 1.725 2.004 2.251 2.458 2.733 2.987 3.173 3.433 3.692 3.998 4.329 4.665 5.005 5.36 5.766 6
bins 41 20 1.003 1.298 1.449 1.684 1.803 2.001 2.184 2.42 2.654 2.942 3.223 3.508 3.806 4.114 4.476 4.786 5.06 5.303 5.649 6
bins 42 19 1.085 1.206 1.472 1.574 1.784 1.995 2.235 2.514 2.733 3.029 3.376 3.661 4.058 4.211 4.503 4.78 5.201 5.646 6
bins 43 20 1.001 1.294 1.433 1.666 1.802 1.997 2.184 2.415 2.653 2.926 3.2 3.512 3.815 4.126 4.472 4.784 5.046 5.286 5.666 6
bins 44 19 0.802 1.143 1.474 1.754 2.05 2.289 2.502 2.767 3 3.186 3.453 3.706 3.993 4.326 4.662 5.022 5.351 5.768 6
bins 45 23 0.468 0.596 0.72 0.882 1.013 1.202 1.384 1.557 1.747 1.964 2.178 2.405 2.647 2.918 3.177 3.449 3.744 4.052 4.4 4.801 5.214 5.674 6
bins 46 23 0.468 0.613 0.722 0.873 0.995 1.161 1.321 1.502 1.716 1.923 2.136 2.352 2.589 2.845 3.119 3.422 3.717 4.01 4.362 4.76 5.177 5.649 6
bins 47 20 0.484 0.689 0.885 1.089 1.296 1.528 1.77 2.054 2.322 2.591 2.899 3.224 3.536 3.883 4.222 4.606 5.056 5.508 5.981 6
bins 48 20 0.491 0.704 0.888 1.059 1.269 1.503 1.762 2.018 2.271 2.563 2.871 3.183 3.521 3.868 4.231 4.609 5.048 5.534 5.992 6
bins 49 18 0 0.169 0.506 0.675 0.834 0.966 1.069 1.434 1.941 2.1 2.259 2.428 2.466 2.494 2.719 2.934 2.991 3.778
bins 50 19 0 0.263 0.525 0.694 0.844 0.956 1.031 1.313 1.884 2.063 2.184 2.353 2.438 2.484 2.559 2.747 2.944 3.084 3.9
bins 51 20 0 0.394 0.591 0.713 0.853 0.947 1.013 1.172 1.706 1.988 2.109 2.259 2.419 2.447 2.494 2.653 2.822 2.963 3.197 3.9
bins 52 22 0 0.347 0.544 0.675 0.797 0.891 0.966 1.013 1.153 1.556 1.931 2.063 2.184 2.344 2.438 2.466 2.494 2.7 2.906 2.972 3.328 3.9
bins 53 25 0 0.281 0.497 0.638 0.722 0.825 0.909 0.966 1.003 1.088 1.284 1.744 1.941 2.063 2.184 2.316 2.428 2.447 2.484 2.578 2.747 2.934 2.981 3.441 3.9
bins 54 28 0 0.375 0.497 0.619 0.694 0.778 0.853 0.919 0.956 0.994 1.031 1.134 1.322 1.734 1.931 2.053 2.119 2.269 2.4 2.438 2.475 2.494 2.681 2.813 2.944 2.991 3.534 3.9
bins 55 30 0 0.384 0.488 0.609 0.675 0.75 0.825 0.881 0.928 0.966 0.994 1.031 1.106 1.238 1.491 1.884 1.969 2.072 2.213 2.325 2.428 2.447 2.484 2.522 2.7 2.859 2.953 3 3.6 3.9
bins 56 28 0 0.384 0.497 0.619 0.694 0.769 0.853 0.919 0.956 0.994 1.031 1.125 1.294 1.706 1.922 2.044 2.119 2.269 2.391 2.438 2.475 2.494 2.681 2.813 2.944 2.991 3.534 3.9
bins 57 25 0 0.338 0.488 0.628 0.713 0.816 0.9 0.956 0.994 1.078 1.209 1.669 1.931 2.063 2.184 2.306 2.428 2.456 2.484 2.559 2.747 2.934 2.981 3.431 3.9
bins 58 22 0 0.375 0.534 0.675 0.778 0.881 0.956 1.013 1.144 1.453 1.922 2.063 2.194 2.344 2.428 2.466 2.494 2.691 2.888 2.972 3.281 3.9
bins 59 20 0 0.384 0.572 0.703 0.834 0.947 1.003 1.153 1.622 1.95 2.1 2.25 2.419 2.447 2.494 2.634 2.794 2.963 3.188 3.9
bins 60 19 0 0.206 0.497 0.666 0.816 0.938 1.003 1.2 1.791 2.034 2.175 2.316 2.438 2.475 2.522 2.747 2.934 3 3.778
bins 61 17 0 0.459 0.647 0.806 0.938 1.022 1.35 1.913 2.072 2.25 2.419 2.466 2.494 2.719 2.934 2.991 3.741
bins 62 22 0 0.087 0.197 0.25 0.298 0.436 0.543 0.704 0.81 1 1.189 1.456 1.725 2.098 2.445 2.889 3.363 3.796 4.195 4.613 5.006 5.395
bins 63 23 0 0.026 0.164 0.25 0.278 0.391 0.501 0.642 0.757 0.946 1.082 1.307 1.569 1.936 2.265 2.656 3.127 3.567 3.965 4.311 4.699 5.058 5.412
bins 64 23 0 0.143 0.25 0.261 0.37 0.499 0.625 0.75 0.907 1.055 1.265 1.511 1.83 2.214 2.523 2.996 3.42 3.778 4.146 4.478 4.793 5.116 5.426
bins 65 24 0 0.146 0.25 0.26 0.38 0.5 0.627 0.75 0.907 1.048 1.263 1.528 1.826 2.186 2.48 2.85 3.268 3.682 3.979 4.287 4.598 4.9 5.19 5.453
bins 66 26 0 0.053 0.177 0.25 0.279 0.424 0.531 0.692 0.775 0.962 1.098 1.325 1.58 1.861 2.199 2.489 2.835 3.236 3.576 3.918 4.208 4.5 4.752 5.001 5.248 5.464
bins 67 27 0 0.083 0.2 0.25 0.295 0.455 0.569 0.75 0.839 1 1.169 1.401 1.613 1.929 2.233 2.5 2.837 3.208 3.523 3.843 4.122 4.38 4.662 4.902 5.123 5.303 5.487
bins 68 27 0 0.167 0.25 0.278 0.454 0.552 0.742 0.81 1 1.142 1.366 1.59 1.865 2.174 2.445 2.738 3.088 3.432 3.736 4.011 4.28 4.55 4.785 5.001 5.219 5.365 5.5
bins 69 27 0 0.1 0.214 0.25 0.307 0.462 0.574 0.75 0.83 1 1.15 1.387 1.612 1.938 2.237 2.505 2.843 3.214 3.548 3.863 4.155 4.42 4.684 4.924 5.14 5.311 5.491
bins 70 26 0 0.094 0.2 0.25 0.288 0.442 0.53 0.694 0.776 0.958 1.087 1.302 1.546 1.846 2.2 2.478 2.848 3.245 3.587 3.911 4.223 4.503 4.783 5.023 5.259 5.473
bins 71 24 0 0.164 0.25 0.26 0.365 0.499 0.624 0.75 0.903 1.05 1.253 1.501 1.811 2.166 2.466 2.861 3.275 3.686 3.981 4.309 4.607 4.909 5.21 5.446
bins 72 23 0 0.142 0.25 0.255 0.353 0.491 0.611 0.75 0.901 1.034 1.25 1.5 1.82 2.185 2.492 2.925 3.366 3.749 4.146 4.459 4.783 5.113 5.419
bins 73 22 0 0.141 0.25 0.259 0.357 0.498 0.619 0.75 0.911 1.047 1.261 1.525 1.884 2.25 2.612 3.092 3.516 3.932 4.3 4.683 5.021 5.395
bins 74 22 0 0.073 0.176 0.25 0.279 0.396 0.507 0.664 0.788 0.994 1.143 1.391 1.665 2.039 2.425 2.851 3.356 3.786 4.209 4.576 4.985 5.345
bins 75 25 -1.334 -1.175 -1.084 -1.009 -0.968 -0.926 -0.86 -0.797 -0.719 -0.657 -0.56 -0.471 -0.401 -0.108 0 0.004 0.014 0.032 0.039 0.055 0.062 0.104 0.26 0.718 5
bins 76 21 -1.168 -1.022 -0.952 -0.853 -0.742 -0.635 -0.394 -0.031 0.001 0.002 0.01 0.022 0.034 0.044 0.054 0.061 0.064 0.173 0.56 1.45 5
bins 77 19 -1.053 -0.936 -0.697 -0.395 -0.019 0.001 0.002 0.006 0.012 0.032 0.037 0.049 0.057 0.062 0.068 0.25 0.969 2.555 5
bins 78 31 0.225 0.313 0.375 0.4 0.442 0.5 0.576 0.688 0.75 0.85 0.938 1.018 1.153 1.253 1.388 1.563 1.75 1.939 2.188 2.354 2.585 2.813 3.126 3.5 4.125 4.705 5.444 6.438 7.504 9.813 12.065
bins 79 31 0.095 0.105 0.11 0.113 0.115 0.119 0.123 0.125 0.126 0.13 0.135 0.141 0.156 0.182 0.344 0.357 0.375 0.379 0.398 0.552 0.609 0.627 0.677 0.863 0.905 1.125 1.346 1.604 1.909 2.594 3.625
bins 80 31 0.225 0.313 0.354 0.38 0.419 0.451 0.5 0.563 0.637 0.699 0.783 0.875 0.938 1.017 1.149 1.256 1.414 1.564 1.75 1.994 2.188 2.375 2.626 2.876 3.25 3.626 4.243 4.938 5.563 6.313 7.751
trees 150
tree 29
node 79 23 -0.016402412 1 16
node 79 22 -0.8696822 2 9
node 42 3 -0.9035558 3 6
node 78 26 -0.46154648 4 5
node -1 0 -0.56114954 -1 -1
node -1 0 0.7853687 -1 -1
node 49 9 -0.955831 7 8
node -1 0 -1.007802 -1 -1
node -1 0 -0.7764558 -1 -1
node 58 10 -0.047828067 10 13
node 47 4 -0.92135096 11 12
node -1 0 -0.27707893 -1 -1
node -1 0 -0.9768813 -1 -1
node 78 23 1.0682343 14 15
node -1 0 0.030325936 -1 -1
node -1 0 3.6809716 -1 -1
node 27 17 2.565764 17 24
node 79 28 4.1789875 18 21
node 78 21 6.6623335 19 20
node -1 0 1.3634453 -1 -1
node -1 0 8.15793 -1 -1
node 79 29 0.43770373 22 23
node -1 0 1.2997164 -1 -1
node -1 0 0.005734693 -1 -1
node 44 0 -0.730385 25 26
node -1 0 4.9329863 -1 -1
node 52 10 -0.8156769 27 28
node -1 0 -0.8826379 -1 -1
node -1 0 1.0840262 -1 -1
tree 31
node 78 21 -0.019167705 1 16
node 80 21 -0.8271056 2 9
node 42 2 -0.90022737 3 6
node 78 17 -0.42290094 4 5
node -1 0 -0.5950654 -1 -1
node -1 0 0.9411707 -1 -1
node 59 9 -0.94370717 7 8
node -1 0 -1.0108806 -1 -1
node -1 0 -0.74487484 -1 -1
node 32 12 0.27198204 10 13
node 48 8 1.2288169 11 12
node -1 0 3.1322029 -1 -1
node -1 0 0.2836731 -1 -1
node 26 7 -0.91473746 14 15
node -1 0 0.4419311 -1 -1
node -1 0 -0.99843436 -1 -1
node 29 16 1.4324578 17 24
node 59 8 2.2341175 18 21
node 25 16 0.7649179 19 20
node -1 0 1.4069631 -1 -1
node -1 0 -0.38849348 -1 -1
node 47 3 2.6448705 22 23
node -1 0 -0.29041922 -1 -1
node -1 0 2.8267126 -1 -1
node 50 9 -0.78573674 25 28
node 21 16 -0.8790304 26 27
node -1 0 -0.43947896 -1 -1
node -1 0 -1.0020791 -1 -1
node 75 12 3.8320174 29 30
node -1 0 5.910147 -1 -1
node -1 0 0.6715584 -1 -1
tree 31
node 79 23 -0.011840689 1 16
node 79 22 -0.853266 2 9
node 42 3 -0.89296997 3 6
node 80 19 -0.49207258 4 5
node -1 0 -0.66436404 -1 -1
node -1 0 0.11102575 -1 -1
node 50 9 -0.94235784 7 8
node -1 0 -1.0016092 -1 -1
node -1 0 -0.76756734 -1 -1
node 80 25 0.005831393 10 13
node 50 8 -0.4095449 11 12
node -1 0 -0.9204866 -1 -1
node -1 0 0.3724453 -1 -1
node 32 13 2.0817883 14 15
node -1 0 3.6001627 -1 -1
node -1 0 -0.7866562 -1 -1
node 22 17 1.6791661 17 24
node 79 28 2.3238957 18 21
node 79 25 3.2354043 19 20
node -1 0 1.8360573 -1 -1
node -1 0 4.092912 -1 -1
node 80 28 0.30576602 22 23
node -1 0 0.9397437 -1 -1
node -1 0 -0.13203306 -1 -1
node 28 16 -0.6723684 25 28
node 37 11 0.93691134 26 27
node -1 0 -0.42968863 -1 -1
node -1 0 1.7641383 -1 -1
node 33 12 -0.9323381 29 30
node -1 0 -0.10088213 -1 -1
node -1 0 -0.9916668 -1 -1
tree 31
node 79 23 -0.025429487 1 16
node 79 22 -0.8276324 2 9
node 42 3 -0.8691198 3 6
node 38 5 -0.4360136 4 5
node -1 0 -0.13935691 -1 -1
node -1 0 -0.88473886 -1 -1
node 49 10 -0.9254009 7 8
node -1 0 -0.9830413 -1 -1
node -1 0 -0.7185387 -1 -1
node 51 9 0.009341413 10 13
node 49 7 -0.8143915 11 12
node -1 0 -0.92882645 -1 -1
node -1 0 0.04134661 -1 -1
node 80 25 0.95779836 14 15
node -1 0 0.2162573 -1 -1
node -1 0 2.8905947 -1 -1
node 21 17 1.3522129 17 24
node 79 28 1.8152814 18 21
node 79 25 2.4374387 19 20
node -1 0 1.3881998 -1 -1
node -1 0 3.019139 -1 -1
node 10 0 0.19640563 22 23
node -1 0 3.573946 -1 -1
node -1 0 0.13095677 -1 -1
node 52 13 -0.7446154 25 28
node 30 16 -0.8861746 26 27
node -1 0 -0.3274117 -1 -1
node -1 0 -1.0211638 -1 -1
node 44 11 1.4093212 29 30
node -1 0 -0.45076135 -1 -1
node -1 0 2.0366933 -1 -1
tree 31
node 79 23 -0.046075717 1 16
node 51 9 -0.82517457 2 9
node 42 2 -0.930808 3 6
node 62 18 -0.52306694 4 5
node -1 0 -0.62879944 -1 -1
node -1 0 0.4413913 -1 -1
node 0 0 -0.9773705 7 8
node -1 0 -0.62662524 -1 -1
node -1 0 -0.99145937 -1 -1
node 79 22 -0.5751568 10 13
node 59 3 -0.67719865 11 12
node -1 0 -0.91852283 -1 -1
node -1 0 -0.45239648 -1 -1
node 78 23 0.61563694 14 15
node -1 0 -0.0031049554 -1 -1
node -1 0 1.6112938 -1 -1
node 27 17 1.1160063 17 24
node 79 28 1.4911698 18 21
node 80 24 1.9569063 19 20
node -1 0 1.2173716 -1 -1
node -1 0 2.4019845 -1 -1
node 2 21 0.110408805 22 23
node -1 0 -0.095157035 -1 -1
node -1 0 1.1549913 -1 -1
node 51 9 -0.69034326 25 28
node 30 17 -0.8783367 26 27
node -1 0 -0.39326414 -1 -1
node -1 0 -0.9677354 -1 -1
node 51 10 1.6804633 29 30
node -1 0 4.1582866 -1 -1
node -1 0 0.51766783 -1 -1
tree 29
node 79 23 -0.024450496 1 16
node 79 22 -0.8157189 2 9
node 42 3 -0.85770464 3 6
node 36 5 -0.464025 4 5
node -1 0 -0.20828557 -1 -1
node -1 0 -0.8547888 -1 -1
node 51 9 -0.9117741 7 8
node -1 0 -0.98638594 -1 -1
node -1 0 -0.7325674 -1 -1
node 51 7 -0.04371062 10 13
node 32 5 -0.90514535 11 12
node -1 0 -0.30378526 -1 -1
node -1 0 -1.000029 -1 -1
node 61 6 0.6189669 14 15
node -1 0 -0.22053821 -1 -1
node -1 0 1.2080222 -1 -1
node 29 16 1.028249 17 24
node 79 28 1.3306451 18 21
node 78 19 1.6964836 19 20
node -1 0 -0.4737579 -1 -1
node -1 0 1.8241122 -1 -1
node 80 26 0.14925094 22 23
node -1 0 1.1791232 -1 -1
node -1 0 -0.091382705 -1 -1
node 51 9 -0.70093775 25 28
node 21 16 -0.81805056 26 27
node -1 0 -0.26517683 -1 -1
node -1 0 -0.973861 -1 -1
node -1 0 2.3468 -1 -1
tree 31
node 79 22 -0.026803011 1 16
node 42 4 -0.8188369 2 9
node 36 5 -0.38819736 3 6
node 37 0 -0.08553324 4 5
node -1 0 -0.9992086 -1 -1
node -1 0 0.20623086 -1 -1
node 53 13 -0.7768261 7 8
node -1 0 -0.9080167 -1 -1
node -1 0 -0.32636356 -1 -1
node 51 9 -0.89326894 10 13
node 0 0 -0.9742805 11 12
node -1 0 -0.5513524 -1 -1
node -1 0 -0.99187845 -1 -1
node 60 0 -0.70467466 14 15
node -1 0 -0.96631217 -1 -1
node -1 0 -0.48803207 -1 -1
node 34 17 0.82212037 17 24
node 79 29 1.1212032 18 21
node 78 20 1.3214588 19 20
node -1 0 -0.13994116 -1 -1
node -1 0 1.4717221 -1 -1
node 80 22 -0.16398184 22 23
node -1 0 1.9475393 -1 -1
node -1 0 -0.3016704 -1 -1
node 23 17 -0.61495906 25 28
node 27 7 -0.09565451 26 27
node -1 0 -0.8454935 -1 -1
node -1 0 0.27522668 -1 -1
node 60 13 -0.977365 29 30
node -1 0 -0.99886394 -1 -1
node -1 0 0.38036156 -1 -1
tree 31
node 79 22 -0.03551742 1 16
node 42 5 -0.8099591 2 9
node 32 14 -0.4516544 3 6
node 78 15 -0.08152411 4 5
node -1 0 -0.6322806 -1 -1
node -1 0 0.41027084 -1 -1
node 28 23 -0.6977777 7 8
node -1 0 -0.85448927 -1 -1
node -1 0 -0.42251137 -1 -1
node 59 10 -0.89106977 10 13
node 22 17 -0.9789169 11 12
node -1 0 -0.9083417 -1 -1
node -1 0 -1.0273353 -1 -1
node 50 1 -0.6716638 14 15
node -1 0 -0.9608588 -1 -1
node -1 0 -0.44945967 -1 -1
node 22 17 0.7152049 17 24
node 79 28 0.95594716 18 21
node 80 21 1.1710571 19 20
node -1 0 0.13199858 -1 -1
node -1 0 1.3872962 -1 -1
node 2 21 0.16277324 22 23
node -1 0 -0.0028125565 -1 -1
node -1 0 0.9412262 -1 -1
node 33 13 -0.685954 25 28
node 43 2 0.00238773 26 27
node -1 0 2.211013 -1 -1
node -1 0 -0.13194792 -1 -1
node 26 15 -0.9130618 29 30
node -1 0 0.20205918 -1 -1
node -1 0 -0.96119165 -1 -1
tree 31
node 79 23 -0.029487407 1 16
node 51 8 -0.7353919 2 9
node 41 4 -0.88559395 3 6
node 19 20 -0.5166468 4 5
node -1 0 -0.8237887 -1 -1
node -1 0 -0.073498264 -1 -1
node 20 0 -0.9491108 7 8
node -1 0 -0.3373727 -1 -1
node -1 0 -0.9674477 -1 -1
node 59 3 -0.4598899 10 13
node 38 4 -0.8660158 11 12
node -1 0 -0.3629818 -1 -1
node -1 0 -0.9346836 -1 -1
node 42 3 -0.1370369 14 15
node -1 0 1.0667787 -1 -1
node -1 0 -0.30259487 -1 -1
node 30 17 0.68571913 17 24
node 79 29 0.8981293 18 21
node 60 3 1.0685319 19 20
node -1 0 0.13408512 -1 -1
node -1 0 1.1962067 -1 -1
node 45 11 -0.21234646 22 23
node -1 0 1.3795209 -1 -1
node -1 0 -0.3286099 -1 -1
node 24 16 -0.5364579 25 28
node 10 0 -0.0736547 26 27
node -1 0 1.8091924 -1 -1
node -1 0 -0.19811767 -1 -1
node 44 3 -0.9931046 29 30
node -1 0 0.31171298 -1 -1
node -1 0 -1.0155482 -1 -1
tree 29
node 79 22 -0.038181216 1 14
node 37 3 -0.77963674 2 7
node 37 0 -0.29328707 3 4
node -1 0 -1.0101594 -1 -1
node 41 5 0.06723451 5 6
node -1 0 0.6025054 -1 -1
node -1 0 -0.7946712 -1 -1
node 51 9 -0.84585166 8 11
node 0 0 -0.9415957 9 10
node -1 0 -0.50580955 -1 -1
node -1 0 -0.9613837 -1 -1
node 60 0 -0.6325899 12 13
node -1 0 -0.9315826 -1 -1
node -1 0 -0.3942469 -1 -1
node 23 17 0.5758397 15 22
node 79 28 0.7504173 16 19
node 79 25 0.91120297 17 18
node -1 0 0.37112945 -1 -1
node -1 0 1.2556907 -1 -1
node 78 25 0.12450081 20 21
node -1 0 1.7033486 -1 -1
node -1 0 0.052751385 -1 -1
node 59 9 -0.73033816 23 26
node 43 2 -0.8783948 24 25
node -1 0 0.18002687 -1 -1
node -1 0 -0.919094 -1 -1
node 70 10 0.24970151 27 28
node -1 0 1.0019996 -1 -1
node -1 0 -0.22400224 -1 -1
tree 31
node 79 23 -0.036486752 1 16
node 49 8 -0.7169882 2 9
node 42 4 -0.84399754 3 6
node 41 5 -0.42655388 4 5
node -1 0 -0.16370647 -1 -1
node -1 0 -0.9092732 -1 -1
node 32 17 -0.9294873 7 8
node -1 0 -0.8397731 -1 -1
node -1 0 -1.0009009 -1 -1
node 59 0 -0.40413913 10 13
node 43 5 -0.8535809 11 12
node -1 0 -0.45784292 -1 -1
node -1 0 -0.94983697 -1 -1
node 45 4 -0.13617001 14 15
node -1 0 -0.82740384 -1 -1
node -1 0 0.064595655 -1 -1
node 22 17 0.5608027 17 24
node 79 28 0.71029305 18 21
node 60 1 0.87542385 19 20
node -1 0 -0.19108394 -1 -1
node -1 0 0.9726551 -1 -1
node 27 10 0.10004054 22 23
node -1 0 -0.22468095 -1 -1
node -1 0 0.49740678 -1 -1
node 26 16 -0.6308376 25 28
node 3 4 0.18259001 26 27
node -1 0 1.201223 -1 -1
node -1 0 -0.18017022 -1 -1
node 61 12 -0.8614448 29 30
node -1 0 -0.91236657 -1 -1
node -1 0 0.4604358 -1 -1
tree 31
node 79 22 -0.031732906 1 16
node 37 3 -0.7515681 2 9
node 37 1 -0.2634063 3 6
node 37 0 -0.6498027 4 5
node -1 0 -0.94965595 -1 -1
node -1 0 -0.32027185 -1 -1
node 43 7 0.33331746 7 8
node -1 0 0.8677824 -1 -1
node -1 0 -0.860263 -1 -1
node 60 8 -0.822498 10 13
node 24 0 -0.9249913 11 12
node -1 0 -0.406143 -1 -1
node -1 0 -0.94308597 -1 -1
node 50 1 -0.5896764 14 15
node -1 0 -0.8782381 -1 -1
node -1 0 -0.36580718 -1 -1
node 51 9 0.48367193 17 24
node 28 17 -0.1729431 18 21
node 78 24 0.15424992 19 20
node -1 0 -0.4886207 -1 -1
node -1 0 0.52610403 -1 -1
node 60 14 -0.82966065 22 23
node -1 0 -0.8707666 -1 -1
node -1 0 0.4644425 -1 -1
node 79 28 0.74578226 25 28
node 60 2 0.91520923 26 27
node -1 0 -0.09535682 -1 -1
node -1 0 1.0205352 -1 -1
node 60 9 0.116216615 29 30
node -1 0 0.95230037 -1 -1
node -1 0 -0.052697886 -1 -1
tree 31
node 79 22 -0.0379511 1 16
node 42 3 -0.7335718 2 9
node 43 5 -0.23403579 3 6
node 39 3 0.020802101 4 5
node -1 0 -0.86630696 -1 -1
node -1 0 0.3565985 -1 -1
node 20 2 -0.8799349 7 8
node -1 0 0.059898768 -1 -1
node -1 0 -0.9272861 -1 -1
node 49 10 -0.82117313 10 13
node 0 0 -0.91060776 11 12
node -1 0 -0.40108207 -1 -1
node -1 0 -0.93341666 -1 -1
node 75 1 -0.55078745 14 15
node -1 0 0.6436222 -1 -1
node -1 0 -0.62579256 -1 -1
node 51 9 0.43003523 17 24
node 21 17 -0.19749825 18 21
node 24 7 0.10055002 19 20
node -1 0 -0.58565027 -1 -1
node -1 0 0.40808153 -1 -1
node 50 12 -0.88140523 22 23
node -1 0 -0.92625344 -1 -1
node -1 0 0.13711113 -1 -1
node 79 29 0.67004544 25 28
node 36 0 0.7869887 26 27
node -1 0 -1.3856988 -1 -1
node -1 0 0.82927656 -1 -1
node 47 9 -0.15869771 29 30
node -1 0 1.6468356 -1 -1
node -1 0 -0.32695708 -1 -1
tree 31
node 79 22 -0.027645009 1 16
node 37 6 -0.70549095 2 9
node 43 7 -0.3732864 3 6
node 48 5 -0.11177223 4 5
node -1 0 -0.91306067 -1 -1
node -1 0 0.09830567 -1 -1
node 20 12 -0.8305659 7 8
node -1 0 -0.40793723 -1 -1
node -1 0 -0.9682329 -1 -1
node 57 14 -0.8096202 10 13
node 75 1 -0.94557494 11 12
node -1 0 -0.59129065 -1 -1
node -1 0 -0.9755639 -1 -1
node 50 1 -0.5629895 14 15
node -1 0 -0.8433528 -1 -1
node -1 0 -0.37425396 -1 -1
node 29 16 0.39962703 17 24
node 79 29 0.5173792 18 21
node 80 21 0.6048382 19 20
node -1 0 -0.048717402 -1 -1
node -1 0 0.72112983 -1 -1
node 80 23 -0.18064964 22 23
node -1 0 1.1868616 -1 -1
node -1 0 -0.30450132 -1 -1
node 50 9 -0.67159885 25 28
node 30 18 -0.8116332 26 27
node -1 0 -0.5166529 -1 -1
node -1 0 -0.95331526 -1 -1
node 11 9 1.5127633 29 30
node -1 0 2.0410032 -1 -1
node -1 0 -0.32481316 -1 -1
tree 31
node 79 24 -0.050167486 1 16
node 51 8 -0.5697053 2 9
node 42 2 -0.8064099 3 6
node 16 22 -0.34043112 4 5
node -1 0 -0.7174641 -1 -1
node -1 0 0.38136163 -1 -1
node 20 0 -0.8792927 7 8
node -1 0 -0.12066159 -1 -1
node -1 0 -0.90448654 -1 -1
node 59 3 -0.26876402 10 13
node 38 4 -0.83262753 11 12
node -1 0 -0.38000602 -1 -1
node -1 0 -0.900149 -1 -1
node 46 5 0.0014615756 14 15
node -1 0 -0.7114462 -1 -1
node -1 0 0.19452824 -1 -1
node 30 17 0.43445334 17 24
node 79 28 0.5599144 18 21
node 36 0 0.7357444 19 20
node -1 0 -1.3826014 -1 -1
node -1 0 0.7759277 -1 -1
node 45 8 -0.012111828 22 23
node -1 0 1.4594338 -1 -1
node -1 0 -0.09182185 -1 -1
node 24 16 -0.5147997 25 28
node 27 1 -0.19170551 26 27
node -1 0 -1.1786873 -1 -1
node -1 0 -0.0040884367 -1 -1
node 44 4 -0.9616037 29 30
node -1 0 -0.012135982 -1 -1
node -1 0 -0.98459625 -1 -1
tree 31
node 79 21 -0.02366874 1 16
node 37 3 -0.69854003 2 9
node 37 1 -0.22615673 3 6
node 37 0 -0.6299824 4 5
node -1 0 -0.9673339 -1 -1
node -1 0 -0.28334942 -1 -1
node 36 6 0.35264584 7 8
node -1 0 0.746583 -1 -1
node -1 0 -0.62109 -1 -1
node 61 9 -0.7776678 10 13
node 24 0 -0.8900293 11 12
node -1 0 -0.29726055 -1 -1
node -1 0 -0.9125103 -1 -1
node 18 20 -0.4149776 14 15
node -1 0 -0.27669358 -1 -1
node -1 0 -0.91796446 -1 -1
node 25 15 0.3286281 17 24
node 37 0 0.44188774 18 21
node 80 28 -0.9722962 19 20
node -1 0 -1.1243904 -1 -1
node -1 0 -0.21251474 -1 -1
node 79 29 0.47973815 22 23
node -1 0 0.56147635 -1 -1
node -1 0 -0.18535401 -1 -1
node 10 0 -0.5514802 25 28
node 61 3 1.2527139 26 27
node -1 0 -0.74967456 -1 -1
node -1 0 1.6947387 -1 -1
node 76 3 -0.6351775 29 30
node -1 0 -0.07038045 -1 -1
node -1 0 -0.74304074 -1 -1
tree 31
node 78 21 -0.03500487 1 16
node 49 7 -0.6245527 2 9
node 42 4 -0.824491 3 6
node 76 5 -0.49058336 4 5
node -1 0 0.11573581 -1 -1
node -1 0 -0.65770835 -1 -1
node 0 0 -0.90357876 7 8
node -1 0 -0.41633052 -1 -1
node -1 0 -0.925163 -1 -1
node 60 1 -0.2555244 10 13
node 47 0 -0.8186775 11 12
node -1 0 0.081348024 -1 -1
node -1 0 -0.8669263 -1 -1
node 45 8 0.035946146 14 15
node -1 0 -0.46747246 -1 -1
node -1 0 0.4566953 -1 -1
node 21 18 0.3257356 17 24
node 36 0 0.41674754 18 21
node 9 0 -1.2224028 19 20
node -1 0 -0.5639934 -1 -1
node -1 0 -1.2996757 -1 -1
node 45 10 0.4456264 22 23
node -1 0 0.81125635 -1 -1
node -1 0 0.34360415 -1 -1
node 32 12 -0.6592293 25 28
node 37 2 0.014975195 26 27
node -1 0 1.8497866 -1 -1
node -1 0 -0.203463 -1 -1
node 42 1 -0.89370143 29 30
node -1 0 0.18579927 -1 -1
node -1 0 -0.9359396 -1 -1
tree 31
node 80 21 -0.047535382 1 16
node 49 8 -0.5685588 2 9
node 41 4 -0.7628575 3 6
node 24 18 -0.3808979 4 5
node -1 0 -0.75245005 -1 -1
node -1 0 0.112647355 -1 -1
node 22 0 -0.8515181 7 8
node -1 0 -0.089368105 -1 -1
node -1 0 -0.87657845 -1 -1
node 61 1 -0.18654859 10 13
node 73 19 -0.6496869 11 12
node -1 0 -0.72309214 -1 -1
node -1 0 0.7893241 -1 -1
node 45 7 0.10257433 14 15
node -1 0 -0.45847604 -1 -1
node -1 0 0.40100342 -1 -1
node 22 17 0.26985916 17 24
node 51 0 0.36134604 18 21
node 11 19 -0.66515595 19 20
node -1 0 -0.9054104 -1 -1
node -1 0 0.12090668 -1 -1
node 38 0 0.39994967 22 23
node -1 0 -0.98330843 -1 -1
node -1 0 0.4236315 -1 -1
node 33 16 -0.59862065 25 28
node 73 9 -0.14455406 26 27
node -1 0 0.3588038 -1 -1
node -1 0 -0.49546564 -1 -1
node 26 10 -0.8915334 29 30
node -1 0 0.8922052 -1 -1
node -1 0 -0.9258912 -1 -1
tree 31
node 79 20 -0.02461811 1 16
node 42 4 -0.66598 2 9
node 37 0 -0.20086154 3 6
node 64 21 -0.92099154 4 5
node -1 0 -0.990646 -1 -1
node -1 0 0.074619904 -1 -1
node 36 5 -0.062078964 7 8
node -1 0 0.2814734 -1 -1
node -1 0 -0.55883557 -1 -1
node 55 18 -0.77628976 10 13
node 22 0 -0.94298375 11 12
node -1 0 -0.11950835 -1 -1
node -1 0 -0.94945216 -1 -1
node 76 0 -0.5322481 14 15
node -1 0 1.2202611 -1 -1
node -1 0 -0.5628509 -1 -1
node 22 18 0.24226065 17 24
node 51 0 0.32900894 18 21
node 79 26 -0.69989324 19 20
node -1 0 -0.89125603 -1 -1
node -1 0 0.86567366 -1 -1
node 79 29 0.36977458 22 23
node -1 0 0.44814792 -1 -1
node -1 0 -0.21945734 -1 -1
node 34 12 -0.681655 25 28
node 52 16 -0.15843424 26 27
node -1 0 -0.38939917 -1 -1
node -1 0 0.83235073 -1 -1
node 42 2 -0.91319805 29 30
node -1 0 -0.022986548 -1 -1
node -1 0 -0.97007036 -1 -1
tree 31
node 79 24 -0.018283524 1 16
node 80 25 -0.49296027 2 9
node 50 7 -0.61572385 3 6
node 42 2 -0.769646 4 5
node -1 0 -0.27281928 -1 -1
node -1 0 -0.86248296 -1 -1
node 59 3 -0.40177548 7 8
node -1 0 -0.83123595 -1 -1
node -1 0 -0.1833336 -1 -1
node 79 19 0.12993775 10 13
node 37 3 -0.55838007 11 12
node -1 0 0.3664247 -1 -1
node -1 0 -0.89951295 -1 -1
node 69 4 0.34502807 14 15
node -1 0 0.89174724 -1 -1
node -1 0 -0.09215806 -1 -1
node 79 28 0.33924973 17 24
node 33 12 0.48665163 18 21
node 36 0 0.64111435 19 20
node -1 0 -1.2458235 -1 -1
node -1 0 0.6683347 -1 -1
node 23 18 -0.04007434 22 23
node -1 0 0.11635501 -1 -1
node -1 0 -0.85629785 -1 -1
node 42 3 -0.11957514 25 28
node 39 13 0.34561273 26 27
node -1 0 0.06736902 -1 -1
node -1 0 1.8846354 -1 -1
node 80 22 -0.2852923 29 30
node -1 0 0.8670037 -1 -1
node -1 0 -0.38233367 -1 -1
tree 31
node 79 24 -0.02229416 1 16
node 80 25 -0.46216914 2 9
node 42 4 -0.57489556 3 6
node 36 5 -0.15966472 4 5
node -1 0 0.09458779 -1 -1
node -1 0 -0.5968715 -1 -1
node 49 8 -0.6729201 7 8
node -1 0 -0.852747 -1 -1
node -1 0 -0.37937608 -1 -1
node 67 4 0.07352629 10 13
node 79 19 0.47702542 11 12
node -1 0 -0.50327474 -1 -1
node -1 0 0.7539252 -1 -1
node 63 6 -0.24933647 14 15
node -1 0 -0.7260979 -1 -1
node -1 0 -0.08063428 -1 -1
node 79 28 0.3015706 17 24
node 75 16 0.44482294 18 21
node 29 1 0.024551613 19 20
node -1 0 -1.3120273 -1 -1
node -1 0 0.13122754 -1 -1
node 60 7 0.61306494 22 23
node -1 0 -0.06577783 -1 -1
node -1 0 0.7102472 -1 -1
node 42 3 -0.13688765 25 28
node 39 13 0.30149078 26 27
node -1 0 0.049766302 -1 -1
node -1 0 1.5826448 -1 -1
node 47 7 -0.30302256 29 30
node -1 0 0.67428833 -1 -1
node -1 0 -0.40072381 -1 -1
tree 31
node 78 19 -0.017014641 1 16
node 49 7 -0.6203707 2 9
node 42 2 -0.77468735 3 6
node 26 21 -0.31992868 4 5
node -1 0 -0.6579748 -1 -1
node -1 0 0.13883801 -1 -1
node 78 1 -0.86039585 7 8
node -1 0 -0.42142516 -1 -1
node -1 0 -0.91247445 -1 -1
node 75 1 -0.3001273 10 13
node 49 17 1.345544 11 12
node -1 0 0.58211154 -1 -1
node -1 0 5.5990324 -1 -1
node 45 10 -0.42476133 14 15
node -1 0 -0.72916114 -1 -1
node -1 0 0.18419346 -1 -1
node 20 16 0.19511083 17 24
node 51 1 0.27597916 18 21
node 35 6 -0.59699374 19 20
node -1 0 0.27605677 -1 -1
node -1 0 -0.7784034 -1 -1
node 37 0 0.31795648 22 23
node -1 0 -0.9457924 -1 -1
node -1 0 0.34823278 -1 -1
node 43 5 -0.5054078 25 28
node 29 11 0.3680973 26 27
node -1 0 -0.6257014 -1 -1
node -1 0 0.87011933 -1 -1
node 52 10 -0.7306176 29 30
node -1 0 -0.94246465 -1 -1
node -1 0 -0.32560262 -1 -1
tree 29
node 79 24 -0.016964559 1 16
node 59 8 -0.4252563 2 9
node 38 4 -0.6860341 3 6
node 0 19 -0.16254759 4 5
node -1 0 -0.69671386 -1 -1
node -1 0 0.4259054 -1 -1
node 75 1 -0.7989284 7 8
node -1 0 -0.2102628 -1 -1
node -1 0 -0.8507336 -1 -1
node 51 0 -0.16218 10 13
node 80 1 -0.8094315 11 12
node -1 0 0.3442256 -1 -1
node -1 0 -0.915364 -1 -1
node 46 14 0.009986287 14 15
node -1 0 -0.28667825 -1 -1
node -1 0 0.41478923 -1 -1
node 30 18 0.26213223 17 24
node 79 28 0.336302 18 21
node 80 24 0.45484033 19 20
node -1 0 0.1853082 -1 -1
node -1 0 0.6120873 -1 -1
node 2 22 -0.06288118 22 23
node -1 0 -0.17575811 -1 -1
node -1 0 0.54641944 -1 -1
node 49 16 -0.5049065 25 28
node 43 0 -0.5802765 26 27
node -1 0 0.54839194 -1 -1
node -1 0 -0.6841664 -1 -1
node -1 0 1.3765907 -1 -1
tree 31
node 79 20 -0.006895001 1 16
node 42 5 -0.5611797 2 9
node 41 13 -0.14208063 3 6
node 37 0 -0.014532396 4 5
node -1 0 -0.8918971 -1 -1
node -1 0 0.13496605 -1 -1
node 61 13 -0.9034447 7 8
node -1 0 -0.97639483 -1 -1
node -1 0 -0.24430326 -1 -1
node 20 16 -0.6989615 10 13
node 39 4 -0.49710062 11 12
node -1 0 -0.9169661 -1 -1
node -1 0 -0.3177291 -1 -1
node 24 0 -0.9422565 14 15
node -1 0 -0.29992247 -1 -1
node -1 0 -0.96535546 -1 -1
node 20 16 0.17649941 17 24
node 36 0 0.24562801 18 21
node 45 4 -1.130876 19 20
node -1 0 -0.08258298 -1 -1
node -1 0 -1.2663634 -1 -1
node 25 8 0.26831907 22 23
node -1 0 0.11828108 -1 -1
node -1 0 0.460419 -1 -1
node 38 4 -0.50594956 25 28
node 76 4 0.17029849 26 27
node -1 0 1.4195412 -1 -1
node -1 0 -0.086721815 -1 -1
node 50 6 -0.6730293 29 30
node -1 0 -0.9221908 -1 -1
node -1 0 -0.32493216 -1 -1
tree 31
node 78 22 -0.036540177 1 16
node 60 9 -0.4222366 2 9
node 42 5 -0.6966915 3 6
node 39 7 -0.35191324 4 5
node -1 0 0.026477499 -1 -1
node -1 0 -0.5883641 -1 -1
node 0 0 -0.8166319 7 8
node -1 0 -0.079569444 -1 -1
node -1 0 -0.84668094 -1 -1
node 49 7 -0.05938878 10 13
node 75 16 -0.50792676 11 12
node -1 0 -0.17295039 -1 -1
node -1 0 -0.72934407 -1 -1
node 39 4 0.1510257 14 15
node -1 0 -0.6798916 -1 -1
node -1 0 0.28471345 -1 -1
node 45 10 0.1836382 17 24
node 42 12 0.6029453 18 21
node 29 1 0.044393536 19 20
node -1 0 -1.1040921 -1 -1
node -1 0 0.233863 -1 -1
node 45 4 0.8768297 22 23
node -1 0 -0.39431283 -1 -1
node -1 0 1.0142921 -1 -1
node 46 10 0.07377351 25 28
node 37 17 0.50187427 26 27
node -1 0 0.076766334 -1 -1
node -1 0 0.86329484 -1 -1
node 41 7 -0.056329716 29 30
node -1 0 0.18628246 -1 -1
node -1 0 -0.24096826 -1 -1
tree 29
node 79 19 -0.026994605 1 14
node 75 1 -0.5563694 2 7
node 49 17 0.12790117 3 6
node 25 0 -0.10246203 4 5
node -1 0 2.8796456 -1 -1
node -1 0 -0.25169036 -1 -1
node -1 0 3.1865842 -1 -1
node 38 5 -0.6066995 8 11
node 46 4 -0.27892458 9 10
node -1 0 -0.9995631 -1 -1
node -1 0 0.059420016 -1 -1
node 56 16 -0.7121412 12 13
node -1 0 -0.8957236 -1 -1
node -1 0 -0.45714557 -1 -1
node 32 17 0.124813095 15 22
node 36 0 0.19645819 16 19
node 79 28 -1.1291696 17 18
node -1 0 -1.2528641 -1 -1
node -1 0 -0.27406287 -1 -1
node 79 28 0.21700963 20 21
node -1 0 0.2955062 -1 -1
node -1 0 -0.12642221 -1 -1
node 49 7 -0.40948787 23 26
node 77 5 -0.7672843 24 25
node -1 0 -0.3940419 -1 -1
node -1 0 -0.90797293 -1 -1
node 25 3 0.06250313 27 28
node -1 0 -1.006555 -1 -1
node -1 0 0.30643955 -1 -1
tree 31
node 80 18 -0.020469807 1 16
node 79 25 -0.55570585 2 9
node 75 1 -0.6175834 3 6
node 25 0 -0.05128966 4 5
node -1 0 3.6583042 -1 -1
node -1 0 -0.27510604 -1 -1
node 38 4 -0.6636188 7 8
node -1 0 -0.32338133 -1 -1
node -1 0 -0.74470645 -1 -1
node 53 15 0.09986126 10 13
node 32 12 -0.6090602 11 12
node -1 0 0.15468279 -1 -1
node -1 0 -1.0978464 -1 -1
node 43 11 0.536961 14 15
node -1 0 -0.39917842 -1 -1
node -1 0 0.86504126 -1 -1
node 23 18 0.13562392 17 24
node 60 0 0.19443747 18 21
node 13 17 -0.38718408 19 20
node -1 0 -0.61498576 -1 -1
node -1 0 0.2971896 -1 -1
node 50 1 0.24188545 22 23
node -1 0 -0.34178147 -1 -1
node -1 0 0.2899988 -1 -1
node 42 3 -0.6605496 25 28
node 14 19 0.06941993 26 27
node -1 0 -0.6659809 -1 -1
node -1 0 0.6226227 -1 -1
node 34 11 -0.7467299 29 30
node -1 0 -0.32591417 -1 -1
node -1 0 -0.9189422 -1 -1
tree 31
node 51 8 -0.0025048885 1 16
node 80 22 -0.41151538 2 9
node 36 7 -0.6285959 3 6
node 43 4 -0.22511187 4 5
node -1 0 0.19905245 -1 -1
node -1 0 -0.54878604 -1 -1
node 20 0 -0.8038324 7 8
node -1 0 0.48336267 -1 -1
node -1 0 -0.8590825 -1 -1
node 21 18 -0.13643394 10 13
node 17 12 0.042254217 11 12
node -1 0 -0.45994523 -1 -1
node -1 0 0.37235072 -1 -1
node 48 12 -0.7826236 14 15
node -1 0 -0.2762202 -1 -1
node -1 0 -0.91948944 -1 -1
node 59 0 0.16044529 17 24
node 8 18 -0.61227626 18 21
node 80 30 -0.899543 19 20
node -1 0 -0.92623895 -1 -1
node -1 0 0.035447404 -1 -1
node 30 11 -0.07685421 22 23
node -1 0 -0.96202666 -1 -1
node -1 0 0.5099457 -1 -1
node 35 3 0.22020462 25 28
node 54 26 -0.68509346 26 27
node -1 0 -0.94831634 -1 -1
node -1 0 0.34150505 -1 -1
node 46 5 0.25911874 29 30
node -1 0 -0.33333647 -1 -1
node -1 0 0.2910028 -1 -1
tree 31
node 80 18 -0.0262172 1 16
node 49 8 -0.49759462 2 9
node 42 2 -0.6248885 3 6
node 21 21 -0.10871626 4 5
node -1 0 -0.5755422 -1 -1
node -1 0 0.52833164 -1 -1
node 0 0 -0.75725055 7 8
node -1 0 0.31588766 -1 -1
node -1 0 -0.8191232 -1 -1
node 75 2 -0.24415848 10 13
node 71 6 0.8367555 11 12
node -1 0 -0.58607537 -1 -1
node -1 0 1.5817722 -1 -1
node 40 8 -0.3632786 14 15
node -1 0 -0.7900451 -1 -1
node -1 0 -0.16629761 -1 -1
node 23 17 0.09959035 17 24
node 37 0 0.1518692 18 21
node 5 2 -0.883262 19 20
node -1 0 0.5049275 -1 -1
node -1 0 -1.0152762 -1 -1
node 45 10 0.17449562 22 23
node -1 0 0.43822184 -1 -1
node -1 0 0.089412265 -1 -1
node 28 17 -0.58029085 25 28
node 3 5 -0.0894624 26 27
node -1 0 0.7403284 -1 -1
node -1 0 -0.38861626 -1 -1
node 43 2 -0.7830639 29 30
node -1 0 0.009655702 -1 -1
node -1 0 -0.8341959 -1 -1
tree 31
node 79 24 -0.010851984 1 16
node 59 0 -0.31018472 2 9
node 37 3 -0.6400661 3 6
node 39 7 -0.07564847 4 5
node -1 0 0.71315634 -1 -1
node -1 0 -0.633592 -1 -1
node 79 0 -0.7919415 7 8
node -1 0 0.43529987 -1 -1
node -1 0 -0.86984366 -1 -1
node 51 2 -0.17211294 10 13
node 41 7 -0.61881006 11 12
node -1 0 -0.1298751 -1 -1
node -1 0 -0.8352241 -1 -1
node 46 5 -0.020064931 14 15
node -1 0 -0.6962485 -1 -1
node -1 0 0.11447685 -1 -1
node 79 29 0.16727647 17 24
node 78 21 0.24386165 18 21
node 33 12 -0.26583603 19 20
node -1 0 -0.019999158 -1 -1
node -1 0 -0.92358214 -1 -1
node 48 7 0.3020407 22 23
node -1 0 0.7374064 -1 -1
node -1 0 0.2254717 -1 -1
node 35 6 -0.2877568 25 28
node 75 23 1.0999433 26 27
node -1 0 2.1113062 -1 -1
node -1 0 -0.25738603 -1 -1
node 39 5 -0.37783998 29 30
node -1 0 1.725329 -1 -1
node -1 0 -0.42649627 -1 -1
tree 31
node 78 22 -0.03491188 1 16
node 61 8 -0.33076188 2 9
node 37 3 -0.53616905 3 6
node 46 11 0.05669747 4 5
node -1 0 -0.78374624 -1 -1
node -1 0 0.40983638 -1 -1
node 78 1 -0.6746497 7 8
node -1 0 -0.022408761 -1 -1
node -1 0 -0.73137975 -1 -1
node 39 4 -0.04223894 10 13
node 15 16 -0.7339173 11 12
node -1 0 -0.88448507 -1 -1
node -1 0 0.7373108 -1 -1
node 51 0 0.06488492 14 15
node -1 0 -0.6972887 -1 -1
node -1 0 0.16863081 -1 -1
node 29 16 0.11090369 17 24
node 29 1 0.15235937 18 21
node 41 18 -0.5203631 19 20
node -1 0 -1.0655903 -1 -1
node -1 0 0.36218983 -1 -1
node 46 10 0.18971238 22 23
node -1 0 0.5502956 -1 -1
node -1 0 0.0976353 -1 -1
node 50 9 -0.48903897 25 28
node 59 14 -0.63837814 26 27
node -1 0 -0.7696897 -1 -1
node -1 0 0.26268452 -1 -1
node 10 0 0.6809986 29 30
node -1 0 1.0629824 -1 -1
node -1 0 -0.23254406 -1 -1
tree 29
node 59 0 -0.024278717 1 14
node 39 9 -0.5842152 2 9
node 7 21 -0.14337753 3 6
node 39 5 -0.48119497 4 5
node -1 0 -0.8144596 -1 -1
node -1 0 0.101576015 -1 -1
node 57 19 0.38338867 7 8
node -1 0 -0.023191331 -1 -1
node -1 0 1.8880914 -1 -1
node 44 5 -0.81240195 10 11
node -1 0 1.2747499 -1 -1
node 61 0 -0.8262565 12 13
node -1 0 -0.88090324 -1 -1
node -1 0 -0.37006864 -1 -1
node 39 3 0.05006242 15 22
node 58 1 -0.8312116 16 19
node 54 21 0.6639068 17 18
node -1 0 -0.5476753 -1 -1
node -1 0 2.6796575 -1 -1
node 78 30 -0.9554185 20 21
node -1 0 -1.0103451 -1 -1
node -1 0 0.8415669 -1 -1
node 50 1 0.09234345 23 26
node 78 24 -0.42278263 24 25
node -1 0 -0.61584383 -1 -1
node -1 0 -0.004593438 -1 -1
node 22 17 0.15580748 27 28
node -1 0 0.19619869 -1 -1
node -1 0 -0.41031283 -1 -1
tree 31
node 60 0 0.012580282 1 16
node 43 7 -0.48511663 2 9
node 15 10 -0.12308627 3 6
node 6 22 -0.6507483 4 5
node -1 0 -0.7245256 -1 -1
node -1 0 0.37086976 -1 -1
node 39 7 0.11715204 7 8
node -1 0 0.5387465 -1 -1
node -1 0 -0.23782408 -1 -1
node 59 7 -0.68045443 10 13
node 79 0 -0.81197673 11 12
node -1 0 0.43652144 -1 -1
node -1 0 -0.87489027 -1 -1
node 41 14 -0.1707161 14 15
node -1 0 -0.78692746 -1 -1
node -1 0 0.18615335 -1 -1
node 51 0 0.10017946 17 24
node 10 0 -0.5839792 18 21
node 62 5 0.621185 19 20
node -1 0 -0.79672974 -1 -1
node -1 0 2.045253 -1 -1
node 42 3 -0.63898206 22 23
node -1 0 -0.25967366 -1 -1
node -1 0 -0.78057885 -1 -1
node 39 3 0.15116416 25 28
node 60 2 -0.78263015 26 27
node -1 0 1.4652039 -1 -1
node -1 0 -0.9532889 -1 -1
node 79 28 0.18669349 29 30
node -1 0 0.28109998 -1 -1
node -1 0 -0.17349763 -1 -1
tree 31
node 32 17 -0.029278917 1 16
node 50 1 0.056522883 2 9
node 80 25 -0.44048035 3 6
node 5 0 -0.6116172 4 5
node -1 0 0.70034206 -1 -1
node -1 0 -0.68497694 -1 -1
node 39 8 0.08028357 7 8
node -1 0 -0.7544483 -1 -1
node -1 0 0.32618138 -1 -1
node 59 0 0.1155945 10 13
node 79 26 -0.5418874 11 12
node -1 0 -0.672219 -1 -1
node -1 0 0.57376343 -1 -1
node 39 3 0.154074 14 15
node -1 0 -0.72377187 -1 -1
node -1 0 0.18585995 -1 -1
node 42 8 -0.50195265 17 24
node 11 3 -0.19210929 18 21
node 49 10 0.5372091 19 20
node -1 0 0.05523349 -1 -1
node -1 0 1.8663578 -1 -1
node 9 11 -0.3156405 22 23
node -1 0 -0.8705288 -1 -1
node -1 0 -0.103713326 -1 -1
node 80 23 -0.7065551 25 28
node 62 21 -0.9310506 26 27
node -1 0 -0.95798886 -1 -1
node -1 0 0.13371553 -1 -1
node 77 5 -0.38995007 29 30
node -1 0 0.4786509 -1 -1
node -1 0 -0.71327025 -1 -1
tree 31
node 22 18 -0.005212002 1 16
node 50 1 0.058906257 2 9
node 78 1 -0.4186352 3 6
node 5 0 0.7023013 4 5
node -1 0 2.813728 -1 -1
node -1 0 -0.16086523 -1 -1
node 78 24 -0.49868032 7 8
node -1 0 -0.72994214 -1 -1
node -1 0 0.033900708 -1 -1
node 35 3 0.116287224 10 13
node 79 29 -0.64575696 11 12
node -1 0 -0.8006208 -1 -1
node -1 0 1.9955813 -1 -1
node 60 1 0.14580178 14 15
node -1 0 -0.3139192 -1 -1
node -1 0 0.19261992 -1 -1
node 37 2 -0.52485716 17 24
node 35 4 0.2527823 18 21
node 38 6 -0.77128655 19 20
node -1 0 -0.9681871 -1 -1
node -1 0 0.061106104 -1 -1
node 41 6 0.8744483 22 23
node -1 0 1.5112927 -1 -1
node -1 0 -0.81797564 -1 -1
node 28 16 -0.687451 25 28
node 33 22 -0.2211907 26 27
node -1 0 -0.29074255 -1 -1
node -1 0 1.792634 -1 -1
node 41 1 -0.84055156 29 30
node -1 0 0.05787411 -1 -1
node -1 0 -0.8648229 -1 -1
tree 29
node 22 18 -0.00917608 1 14
node 35 2 0.050881784 2 7
node 79 29 -0.81686985 3 6
node 4 21 -0.9774226 4 5
node -1 0 -1.0433415 -1 -1
node -1 0 0.229737 -1 -1
node -1 0 1.2260246 -1 -1
node 4 20 0.07608829 8 11
node 42 13 0.11118221 9 10
node -1 0 -0.039113242 -1 -1
node -1 0 0.26091218 -1 -1
node 7 18 -0.46800175 12 13
node -1 0 -0.8214776 -1 -1
node -1 0 -0.14258933 -1 -1
node 41 3 -0.5135112 15 22
node 35 4 0.23883276 16 19
node 4 25 -0.6174218 17 18
node -1 0 -0.8692324 -1 -1
node -1 0 0.31025583 -1 -1
node 48 8 0.9458206 20 21
node -1 0 -0.75647306 -1 -1
node -1 0 1.4390936 -1 -1
node 52 8 -0.6923398 23 26
node 57 11 -0.8141312 24 25
node -1 0 -0.8757527 -1 -1
node -1 0 -0.30907798 -1 -1
node 80 24 -0.19066663 27 28
node -1 0 -0.66964245 -1 -1
node -1 0 0.5147833 -1 -1
tree 31
node 79 25 -0.031669524 1 16
node 80 25 -0.22695187 2 9
node 43 2 -0.38524473 3 6
node 43 0 0.026697822 4 5
node -1 0 -0.8804435 -1 -1
node -1 0 0.36360827 -1 -1
node 55 18 -0.4506685 7 8
node -1 0 -0.65368086 -1 -1
node -1 0 -0.3176814 -1 -1
node 42 13 0.20556173 10 13
node 75 22 -0.15710336 11 12
node -1 0 -0.49957898 -1 -1
node -1 0 0.14207813 -1 -1
node 79 22 0.5661835 14 15
node -1 0 -0.54432523 -1 -1
node -1 0 0.82323956 -1 -1
node 79 27 0.13559541 17 24
node 42 2 0.35352018 18 21
node 78 28 -0.24812493 19 20
node -1 0 -0.52004206 -1 -1
node -1 0 1.0076406 -1 -1
node 33 12 0.44937873 22 23
node -1 0 0.57678884 -1 -1
node -1 0 -0.0788023 -1 -1
node 43 8 -0.030506007 25 28
node 55 25 0.2464305 26 27
node -1 0 0.017037878 -1 -1
node -1 0 0.78997886 -1 -1
node 80 28 -0.21057504 29 30
node -1 0 0.03898657 -1 -1
node -1 0 -0.626711 -1 -1
tree 31
node 79 24 -0.026316546 1 16
node 35 2 -0.2691322 2 9
node 4 28 -0.9761436 3 6
node 68 26 -1.004895 4 5
node -1 0 -1.0200287 -1 -1
node -1 0 -0.3955853 -1 -1
node 72 16 -0.042544845 7 8
node -1 0 -0.6294059 -1 -1
node -1 0 1.0219253 -1 -1
node 41 4 -0.20779666 10 13
node 74 10 0.27464163 11 12
node -1 0 -0.042687647 -1 -1
node -1 0 0.8526807 -1 -1
node 15 18 -0.3236237 14 15
node -1 0 -0.20627004 -1 -1
node -1 0 -0.80242825 -1 -1
node 79 28 0.09902431 17 24
node 39 4 0.20645224 18 21
node 6 17 -0.8017894 19 20
node -1 0 -1.1548153 -1 -1
node -1 0 0.59530413 -1 -1
node 0 0 0.24385759 22 23
node -1 0 -1.8164952 -1 -1
node -1 0 0.26456055 -1 -1
node 54 20 -0.21256487 25 28
node 10 0 -0.38153124 26 27
node -1 0 1.0062279 -1 -1
node -1 0 -0.4389505 -1 -1
node 20 7 0.048615307 29 30
node -1 0 -0.32561925 -1 -1
node -1 0 0.49577597 -1 -1
tree 31
node 32 15 -0.006139336 1 16
node 35 2 0.07570833 2 9
node 4 25 -0.8333957 3 6
node 79 28 -0.93245494 4 5
node -1 0 -1.0338066 -1 -1
node -1 0 0.16909501 -1 -1
node 44 11 0.98631114 7 8
node -1 0 -0.5728721 -1 -1
node -1 0 2.3813841 -1 -1
node 39 3 0.0976761 10 13
node 25 12 -0.56332076 11 12
node -1 0 -0.8747843 -1 -1
node -1 0 0.50824076 -1 -1
node 61 2 0.124761865 14 15
node -1 0 -0.1320528 -1 -1
node -1 0 0.17722774 -1 -1
node 61 16 -0.35878804 17 24
node 42 6 -0.38985208 18 21
node 67 2 -0.095558405 19 20
node -1 0 0.5116149 -1 -1
node -1 0 -0.27054054 -1 -1
node 80 23 -0.5450907 22 23
node -1 0 -0.8327114 -1 -1
node -1 0 -0.22193842 -1 -1
node 16 14 1.4316398 25 28
node 26 14 2.5695834 26 27
node -1 0 0.6872811 -1 -1
node -1 0 3.4178226 -1 -1
node 67 2 -0.46991658 29 30
node -1 0 0.26823828 -1 -1
node -1 0 -0.7545357 -1 -1
tree 31
node 79 24 -0.012109571 1 16
node 35 2 -0.24053785 2 9
node 80 0 -0.93846095 3 6
node 29 23 0.0005468168 4 5
node -1 0 -0.7063795 -1 -1
node -1 0 1.4261487 -1 -1
node 69 26 -0.98906845 7 8
node -1 0 -1.0064453 -1 -1
node -1 0 -0.27493772 -1 -1
node 39 2 -0.18807626 10 13
node 1 24 -0.8764335 11 12
node -1 0 -1.0146472 -1 -1
node -1 0 -0.11934071 -1 -1
node 38 4 -0.13242137 14 15
node -1 0 0.36360314 -1 -1
node -1 0 -0.2353973 -1 -1
node 46 10 0.10141519 17 24
node 42 13 0.39272478 18 21
node 45 13 -0.14894061 19 20
node -1 0 -0.6892924 -1 -1
node -1 0 0.41308096 -1 -1
node 80 23 0.6846702 22 23
node -1 0 0.1824494 -1 -1
node -1 0 0.9747012 -1 -1
node 47 7 0.017590867 25 28
node 30 12 0.5658632 26 27
node -1 0 0.7633806 -1 -1
node -1 0 -0.08734788 -1 -1
node 25 8 -0.08192417 29 30
node -1 0 -0.2629609 -1 -1
node -1 0 0.08457753 -1 -1
tree 31
node 60 0 -0.0003955747 1 16
node 39 7 -0.3857925 2 9
node 39 2 0.070432365 3 6
node 51 16 -0.8328395 4 5
node -1 0 -0.94858205 -1 -1
node -1 0 0.04462358 -1 -1
node 12 18 0.50204873 7 8
node -1 0 -0.08070338 -1 -1
node -1 0 1.1008555 -1 -1
node 76 0 -0.5608995 10 13
node 49 9 0.5237845 11 12
node -1 0 -0.43982917 -1 -1
node -1 0 2.9221537 -1 -1
node 43 7 -0.6056045 14 15
node -1 0 -0.310888 -1 -1
node -1 0 -0.7237297 -1 -1
node 35 2 0.057645842 17 24
node 54 26 -0.8343047 18 21
node 9 27 -1.024284 19 20
node -1 0 -1.0758604 -1 -1
node -1 0 0.5234523 -1 -1
node 80 26 0.07405995 22 23
node -1 0 -0.5838017 -1 -1
node -1 0 0.85499036 -1 -1
node 23 19 0.07786773 25 28
node 25 7 0.11052754 26 27
node -1 0 -0.027939864 -1 -1
node -1 0 0.23895976 -1 -1
node 43 2 -0.43693924 29 30
node -1 0 0.60369056 -1 -1
node -1 0 -0.57968515 -1 -1
tree 31
node 22 18 -0.010313629 1 16
node 38 1 0.035008796 2 9
node 22 13 -0.644818 3 6
node 80 28 -0.96879655 4 5
node -1 0 -1.1226807 -1 -1
node -1 0 -0.4517505 -1 -1
node 23 13 0.6636418 7 8
node -1 0 1.3938907 -1 -1
node -1 0 -0.38203773 -1 -1
node 50 0 0.060036883 10 13
node 79 0 -0.3253785 11 12
node -1 0 1.471355 -1 -1
node -1 0 -0.39216775 -1 -1
node 79 28 0.100555696 14 15
node -1 0 0.16102923 -1 -1
node -1 0 -0.14702159 -1 -1
node 42 5 -0.44134298 17 24
node 4 22 0.24109477 18 21
node 32 4 -0.22842205 19 20
node -1 0 0.8939218 -1 -1
node -1 0 -0.3839564 -1 -1
node 38 0 0.87082434 22 23
node -1 0 -0.8689722 -1 -1
node -1 0 1.3365068 -1 -1
node 28 16 -0.69885254 25 28
node 64 7 -0.2787574 26 27
node -1 0 0.6015749 -1 -1
node -1 0 -0.6118796 -1 -1
node 53 20 -0.8878639 29 30
node -1 0 -0.8960565 -1 -1
node -1 0 0.60203916 -1 -1
tree 31
node 22 17 0.009954305 1 16
node 35 3 0.0646787 2 9
node 66 0 -0.5972936 3 6
node 58 20 0.18609644 4 5
node -1 0 -0.41922802 -1 -1
node -1 0 1.5178888 -1 -1
node 9 24 -0.8807947 7 8
node -1 0 -0.9422438 -1 -1
node -1 0 0.6189831 -1 -1
node 4 20 0.09102523 10 13
node 42 13 0.121587805 11 12
node -1 0 -0.015500229 -1 -1
node -1 0 0.25956595 -1 -1
node 12 16 -0.448701 14 15
node -1 0 -0.80255085 -1 -1
node -1 0 -0.15218744 -1 -1
node 43 4 -0.4581008 17 24
node 35 4 0.083963685 18 21
node 43 3 -0.89108485 19 20
node -1 0 -0.95524466 -1 -1
node -1 0 -0.0029623972 -1 -1
node 21 20 0.37519902 22 23
node -1 0 -0.58652824 -1 -1
node -1 0 0.8593242 -1 -1
node 58 7 -0.62599105 25 28
node 53 18 -0.7943934 26 27
node -1 0 -0.84645784 -1 -1
node -1 0 -0.13404018 -1 -1
node 27 17 -0.13623306 29 30
node -1 0 0.38476124 -1 -1
node -1 0 -0.4889158 -1 -1
tree 29
node 21 18 -0.004681804 1 16
node 39 3 0.038556095 2 9
node 20 11 -0.61055064 3 6
node 11 0 -0.87681407 4 5
node -1 0 1.1109388 -1 -1
node -1 0 -0.92636895 -1 -1
node 52 18 0.3561491 7 8
node -1 0 -0.7042254 -1 -1
node -1 0 1.6573522 -1 -1
node 79 29 0.06760715 10 13
node 21 13 0.10511195 11 12
node -1 0 0.038743477 -1 -1
node -1 0 0.37741593 -1 -1
node 45 12 -0.26389357 14 15
node -1 0 0.51755726 -1 -1
node -1 0 -0.42464262 -1 -1
node 38 3 -0.43990123 17 22
node 38 0 0.34873948 18 19
node -1 0 -0.92991096 -1 -1
node 34 24 0.712369 20 21
node -1 0 1.1676241 -1 -1
node -1 0 -0.17565705 -1 -1
node 41 1 -0.6566266 23 26
node 71 13 0.46503854 24 25
node -1 0 -0.3817076 -1 -1
node -1 0 2.0589833 -1 -1
node 51 6 -0.72636527 27 28
node -1 0 -0.947107 -1 -1
node -1 0 -0.3467802 -1 -1
tree 27
node 59 0 -0.019133031 1 14
node 24 0 -0.45816034 2 7
node 80 4 0.9834089 3 6
node 35 2 2.8664799 4 5
node -1 0 -0.4962896 -1 -1
node -1 0 4.0576806 -1 -1
node -1 0 -0.8414747 -1 -1
node 39 8 -0.50897884 8 11
node 2 14 -0.14772241 9 10
node -1 0 -0.7011685 -1 -1
node -1 0 0.15219909 -1 -1
node 60 1 -0.71320975 12 13
node -1 0 -0.7864993 -1 -1
node -1 0 0.09284531 -1 -1
node 39 3 0.024851602 15 20
node 78 30 -0.5998689 16 19
node 59 6 -0.7073894 17 18
node -1 0 0.37138304 -1 -1
node -1 0 -0.9001386 -1 -1
node -1 0 1.5938556 -1 -1
node 2 27 0.04774543 21 24
node 35 2 0.070522115 22 23
node -1 0 -0.81345004 -1 -1
node -1 0 0.08456484 -1 -1
node 78 30 -0.66557217 25 26
node -1 0 -0.833187 -1 -1
node -1 0 0.5289503 -1 -1
tree 31
node 50 1 -0.0014576005 1 16
node 35 9 -0.35942036 2 9
node 35 2 0.15218903 3 6
node 69 25 -0.79082406 4 5
node -1 0 -0.8781312 -1 -1
node -1 0 0.3532548 -1 -1
node 46 8 0.42239663 7 8
node -1 0 -0.5226241 -1 -1
node -1 0 0.7123824 -1 -1
node 48 0 -0.5858899 10 13
node 78 2 0.9690457 11 12
node -1 0 2.8675294 -1 -1
node -1 0 -0.79723245 -1 -1
node 64 22 -0.6415092 14 15
node -1 0 -0.6909714 -1 -1
node -1 0 0.95741665 -1 -1
node 34 18 0.049321745 17 24
node 36 1 0.08456671 18 21
node 28 14 -0.55637723 19 20
node -1 0 -0.8015436 -1 -1
node -1 0 0.36743975 -1 -1
node 48 3 0.10679458 22 23
node -1 0 -0.46503595 -1 -1
node -1 0 0.12825757 -1 -1
node 48 12 -0.4173162 25 28
node 24 1 -0.07979772 26 27
node -1 0 -1.0990456 -1 -1
node -1 0 0.2554656 -1 -1
node 50 9 -0.7101105 29 30
node -1 0 -0.76914644 -1 -1
node -1 0 0.7564641 -1 -1
tree 31
node 78 24 -0.0034465033 1 16
node 61 3 -0.14464211 2 9
node 44 5 -0.41905323 3 6
node 39 2 0.1076967 4 5
node -1 0 -0.8704539 -1 -1
node -1 0 0.42093593 -1 -1
node 4 2 -0.5718373 7 8
node -1 0 0.057744198 -1 -1
node -1 0 -0.6285484 -1 -1
node 50 6 -0.009659355 10 13
node 80 7 -0.46199164 11 12
node -1 0 0.31470767 -1 -1
node -1 0 -0.60694534 -1 -1
node 45 7 0.10033622 14 15
node -1 0 -0.37473217 -1 -1
node -1 0 0.24402349 -1 -1
node 45 10 0.1198646 17 24
node 67 0 0.45094633 18 21
node 41 3 0.96012956 19 20
node -1 0 -0.5253872 -1 -1
node -1 0 1.0614415 -1 -1
node 39 13 0.20734891 22 23
node -1 0 -0.40240166 -1 -1
node -1 0 0.4557887 -1 -1
node 45 13 0.04775571 25 28
node 25 10 -0.5139507 26 27
node -1 0 -0.8821468 -1 -1
node -1 0 0.31194347 -1 -1
node 46 10 0.12202237 29 30
node -1 0 0.6147234 -1 -1
node -1 0 0.001317691 -1 -1
tree 31
node 32 17 -0.017269025 1 16
node 35 3 0.027204162 2 9
node 79 28 -0.4857989 3 6
node 4 24 -0.6724769 4 5
node -1 0 -0.74630845 -1 -1
node -1 0 0.7516653 -1 -1
node 67 0 0.95224977 7 8
node -1 0 1.9233199 -1 -1
node -1 0 -0.6345947 -1 -1
node 79 29 0.047178213 10 13
node 79 26 0.08026889 11 12
node -1 0 -0.029158495 -1 -1
node -1 0 0.23228419 -1 -1
node 46 13 -0.2644034 14 15
node -1 0 0.9749228 -1 -1
node -1 0 -0.39010283 -1 -1
node 44 8 -0.32129171 17 24
node 45 10 0.011142354 18 21
node 33 13 -0.6502986 19 20
node -1 0 1.0589241 -1 -1
node -1 0 -0.751391 -1 -1
node 31 24 0.19063237 22 23
node -1 0 -0.20388864 -1 -1
node -1 0 0.6325681 -1 -1
node 61 3 -0.5112573 25 28
node 41 4 -0.79305696 26 27
node -1 0 -0.30758563 -1 -1
node -1 0 -0.9260879 -1 -1
node 17 10 -0.26442805 29 30
node -1 0 -0.80930704 -1 -1
node -1 0 0.12022924 -1 -1
tree 21
node 36 0 0.029500645 1 6
node 49 17 -1.0138841 2 3
node -1 0 -1.0873371 -1 -1
node 48 15 -0.12743208 4 5
node -1 0 -0.69375867 -1 -1
node -1 0 0.51625293 -1 -1
node 78 24 0.046185598 7 14
node 49 6 -0.06348957 8 11
node 78 1 -0.30059814 9 10
node -1 0 0.7678703 -1 -1
node -1 0 -0.3744836 -1 -1
node 60 7 0.053149346 12 13
node -1 0 -0.34213272 -1 -1
node -1 0 0.14363739 -1 -1
node 47 7 0.13922802 15 18
node 24 1 0.5475914 16 17
node -1 0 -0.3495346 -1 -1
node -1 0 0.775862 -1 -1
node 46 9 0.07290659 19 20
node -1 0 0.49911243 -1 -1
node -1 0 -0.002631991 -1 -1
tree 31
node 78 24 -0.02674658 1 16
node 79 26 -0.15707058 2 9
node 78 22 -0.2489785 3 6
node 42 5 -0.137991 4 5
node -1 0 0.26134014 -1 -1
node -1 0 -0.26337394 -1 -1
node 80 25 -0.55182505 7 8
node -1 0 -0.79272115 -1 -1
node -1 0 0.23409994 -1 -1
node 1 22 0.21405584 10 13
node 78 23 0.2979085 11 12
node -1 0 0.5376387 -1 -1
node -1 0 0.06360206 -1 -1
node 75 18 -1.2183738 14 15
node -1 0 -1.5636759 -1 -1
node -1 0 -0.29221192 -1 -1
node 79 27 0.08513944 17 24
node 34 4 0.32773522 18 21
node 52 11 -0.3516435 19 20
node -1 0 -0.77544355 -1 -1
node -1 0 -0.011895023 -1 -1
node 39 2 0.43777037 22 23
node -1 0 -0.97960716 -1 -1
node -1 0 0.47092095 -1 -1
node 62 3 -0.12670365 25 28
node 3 21 -0.35746592 26 27
node -1 0 -0.46477464 -1 -1
node -1 0 0.49674737 -1 -1
node 29 9 0.045243245 29 30
node -1 0 -0.12814909 -1 -1
node -1 0 0.302804 -1 -1
tree 31
node 79 25 -0.030388828 1 16
node 78 23 -0.16152915 2 9
node 78 22 -0.29700413 3 6
node 42 3 -0.20570818 4 5
node -1 0 0.19337608 -1 -1
node -1 0 -0.30825812 -1 -1
node 56 24 -0.8623188 7 8
node -1 0 -1.070631 -1 -1
node -1 0 -0.41081312 -1 -1
node 30 4 0.055053916 10 13
node 4 9 -0.66451585 11 12
node -1 0 -0.19762444 -1 -1
node -1 0 -0.9873528 -1 -1
node 42 13 0.19138129 14 15
node -1 0 -0.07066678 -1 -1
node -1 0 0.4205948 -1 -1
node 79 27 0.072860785 17 24
node 79 26 0.28368267 18 21
node 45 10 -0.015622904 19 20
node -1 0 0.35107213 -1 -1
node -1 0 -0.16928397 -1 -1
node 68 13 0.50712293 22 23
node -1 0 0.67513305 -1 -1
node -1 0 0.15495647 -1 -1
node 43 5 -0.08797535 25 28
node 39 14 0.22291628 26 27
node -1 0 0.04752507 -1 -1
node -1 0 0.80892706 -1 -1
node 58 2 -0.22589184 29 30
node -1 0 0.9986496 -1 -1
node -1 0 -0.2623199 -1 -1
tree 23
node 36 0 0.004587946 1 8
node 79 29 -0.94812804 2 7
node 30 0 -1.0192221 3 4
node -1 0 0.35979435 -1 -1
node 75 0 -1.0475509 5 6
node -1 0 -0.14607118 -1 -1
node -1 0 -1.0760685 -1 -1
node -1 0 0.007911158 -1 -1
node 49 14 0.019918136 9 16
node 39 3 -0.051732477 10 13
node 79 29 -0.6824447 11 12
node -1 0 -0.7454843 -1 -1
node -1 0 0.7949831 -1 -1
node 30 18 -0.025640987 14 15
node -1 0 0.020624973 -1 -1
node -1 0 -0.34507498 -1 -1
node 33 24 0.20436291 17 20
node 9 15 0.19292304 18 19
node -1 0 0.25138605 -1 -1
node -1 0 -0.13301629 -1 -1
node 12 21 2.0067143 21 22
node -1 0 2.5615263 -1 -1
node -1 0 -0.41696733 -1 -1
tree 27
node 39 3 -0.014300821 1 14
node 79 28 -0.56298244 2 9
node 39 2 -0.6776333 3 6
node 1 24 -0.91243565 4 5
node -1 0 -1.0141413 -1 -1
node -1 0 -0.3169773 -1 -1
node 79 1 -0.31137154 7 8
node -1 0 1.6155373 -1 -1
node -1 0 -0.44879654 -1 -1
node 21 12 0.5352934 10 13
node 25 6 -0.56180274 11 12
node -1 0 -0.01795111 -1 -1
node -1 0 -0.8221275 -1 -1
node -1 0 1.6916088 -1 -1
node 35 2 0.009815178 15 20
node 79 28 -0.669909 16 19
node 9 18 -0.83986294 17 18
node -1 0 -0.9829156 -1 -1
node -1 0 0.044588253 -1 -1
node -1 0 0.7526568 -1 -1
node 79 29 0.02362473 21 24
node 79 26 0.05653024 22 23
node -1 0 -0.05078097 -1 -1
node -1 0 0.20805702 -1 -1
node 35 6 -0.2779734 25 26
node -1 0 0.9984441 -1 -1
node -1 0 -0.34370095 -1 -1
tree 23
node 38 0 -0.0032331506 1 8
node 2 30 -0.83780617 2 5
node 30 1 -1.1080322 3 4
node -1 0 0.24353215 -1 -1
node -1 0 -1.1414639 -1 -1
node 47 17 1.3288774 6 7
node -1 0 1.8554978 -1 -1
node -1 0 -0.4617327 -1 -1
node 35 2 0.009496697 9 16
node 80 0 -0.672394 10 13
node 19 19 0.8623556 11 12
node -1 0 -0.5965824 -1 -1
node -1 0 2.4094033 -1 -1
node 59 17 -0.7711985 14 15
node -1 0 -0.93393445 -1 -1
node -1 0 -0.20666406 -1 -1
node 42 13 0.023110837 17 20
node 43 8 -0.064158104 18 19
node -1 0 0.09664759 -1 -1
node -1 0 -0.33008283 -1 -1
node 46 10 0.10843047 21 22
node -1 0 0.35355234 -1 -1
node -1 0 -0.020636534 -1 -1
tree 19
node 36 0 -0.0046612676 1 4
node 79 29 -1.0191202 2 3
node -1 0 -1.0748105 -1 -1
node -1 0 -0.2720801 -1 -1
node 50 1 0.00992503 5 12
node 35 8 -0.26864502 6 9
node 45 4 0.32714668 7 8
node -1 0 -0.46711928 -1 -1
node -1 0 0.5698239 -1 -1
node 64 22 -0.4956118 10 11
node -1 0 -0.5450136 -1 -1
node -1 0 1.0832441 -1 -1
node 34 18 0.044904295 13 16
node 48 3 0.072430365 14 15
node -1 0 -0.54486805 -1 -1
node -1 0 0.09462649 -1 -1
node 47 14 -0.35582474 17 18
node -1 0 -0.013617208 -1 -1
node -1 0 -0.69404167 -1 -1
tree 19
node 36 0 -0.015783 1 4
node 60 18 -1.0033079 2 3
node -1 0 -1.0605642 -1 -1
node -1 0 -0.20587344 -1 -1
node 38 4 -0.0030083403 5 12
node 15 12 0.17457642 6 9
node 74 11 -0.047972642 7 8
node -1 0 -0.24559991 -1 -1
node -1 0 0.3700332 -1 -1
node 39 7 0.49515855 10 11
node -1 0 1.0803406 -1 -1
node -1 0 0.3013673 -1 -1
node 20 16 -0.053984728 13 16
node 42 13 -0.0060054543 14 15
node -1 0 -0.17644581 -1 -1
node -1 0 0.0977651 -1 -1
node 41 1 -0.48231605 17 18
node -1 0 0.74557865 -1 -1
node -1 0 -0.5541381 -1 -1
tree 19
node 36 0 -0.0014717268 1 4
node 0 0 -1.0173923 2 3
node -1 0 -0.2999467 -1 -1
node -1 0 -1.0493914 -1 -1
node 32 15 0.01065174 5 12
node 5 19 0.05378571 6 9
node 15 8 0.07425165 7 8
node -1 0 -0.020185156 -1 -1
node -1 0 0.19364879 -1 -1
node 30 16 -0.3347249 10 11
node -1 0 -0.74147666 -1 -1
node -1 0 0.4630505 -1 -1
node 49 17 -0.21654202 13 16
node 38 2 -0.25507328 14 15
node -1 0 0.22533894 -1 -1
node -1 0 -0.3424728 -1 -1
node 76 19 1.2295702 17 18
node -1 0 0.14896488 -1 -1
node -1 0 2.0850022 -1 -1
tree 25
node 37 0 -0.011776514 1 10
node 11 0 -0.75800407 2 3
node -1 0 0.5133133 -1 -1
node 80 28 -0.8430155 4 7
node 16 24 -1.000043 5 6
node -1 0 -1.1020969 -1 -1
node -1 0 -0.35790592 -1 -1
node 79 28 -0.011611438 8 9
node -1 0 0.48322055 -1 -1
node -1 0 -0.74572134 -1 -1
node 78 24 0.0016597962 11 18
node 61 2 -0.09840012 12 15
node 37 3 -0.35238495 13 14
node -1 0 0.34106457 -1 -1
node -1 0 -0.53873456 -1 -1
node 32 12 0.0012137078 16 17
node -1 0 0.10331564 -1 -1
node -1 0 -0.33996776 -1 -1
node 79 27 0.084924325 19 22
node 1 21 0.26810044 20 21
node -1 0 0.34607875 -1 -1
node -1 0 -0.48932344 -1 -1
node 62 4 -0.0756116 23 24
node -1 0 -0.32934707 -1 -1
node -1 0 0.13098493 -1 -1
tree 29
node 39 3 -0.004219103 1 14
node 1 26 -0.49296385 2 9
node 67 0 -0.627162 3 6
node 30 13 -0.16013084 4 5
node -1 0 -0.74964225 -1 -1
node -1 0 0.6127555 -1 -1
node 13 0 -0.8171359 7 8
node -1 0 0.5903814 -1 -1
node -1 0 -0.8742623 -1 -1
node 41 5 0.4852255 10 11
node -1 0 -0.81909263 -1 -1
node 43 2 1.2064114 12 13
node -1 0 2.8277395 -1 -1
node -1 0 0.28001487 -1 -1
node 38 4 0.016630676 15 22
node 35 4 0.2079774 16 19
node 56 24 -0.9899697 17 18
node -1 0 -1.1175218 -1 -1
node -1 0 -0.039229725 -1 -1
node 74 11 0.2602088 20 21
node -1 0 0.06312271 -1 -1
node -1 0 0.61792463 -1 -1
node 21 18 -0.03543777 23 26
node 80 29 0.0048775454 24 25
node -1 0 0.0568644 -1 -1
node -1 0 -0.3393182 -1 -1
node 41 1 -0.5669666 27 28
node -1 0 0.7486347 -1 -1
node -1 0 -0.657799 -1 -1
tree 21
node 36 0 -0.0026177298 1 6
node 0 1 -0.93012035 2 5
node 30 7 0.19450824 3 4
node -1 0 1.4367572 -1 -1
node -1 0 -0.6725296 -1 -1
node -1 0 -1.0420891 -1 -1
node 45 10 0.007684887 7 14
node 78 20 0.15338212 8 11
node 75 1 -0.2776576 9 10
node -1 0 1.3856548 -1 -1
node -1 0 -0.41828445 -1 -1
node 62 11 0.32957074 12 13
node -1 0 0.47915357 -1 -1
node -1 0 -0.045921095 -1 -1
node 45 13 -0.044460863 15 18
node 25 10 -0.3169317 16 17
node -1 0 -0.54942024 -1 -1
node -1 0 0.2158558 -1 -1
node 46 10 0.005466542 19 20
node -1 0 0.23867582 -1 -1
node -1 0 -0.07112143 -1 -1
tree 21
node 36 0 -0.0023471522 1 6
node 54 0 -0.94988686 2 5
node 58 8 -0.17267033 3 4
node -1 0 -0.6819997 -1 -1
node -1 0 0.9310084 -1 -1
node -1 0 -1.0338271 -1 -1
node 50 1 0.007252676 7 14
node 35 8 -0.24654563 8 11
node 20 21 0.21403423 9 10
node -1 0 -0.16209234 -1 -1
node -1 0 1.0173725 -1 -1
node 78 1 -0.4214994 12 13
node -1 0 0.627612 -1 -1
node -1 0 -0.4887077 -1 -1
node 76 16 0.03924791 15 18
node 79 29 0.20937324 16 17
node -1 0 0.27757937 -1 -1
node -1 0 -0.8017836 -1 -1
node 42 3 -0.019242916 19 20
node -1 0 0.19022131 -1 -1
node -1 0 -0.089955196 -1 -1
tree 29
node 39 2 0.005220037 1 14
node 20 10 -0.56148285 2 7
node 1 0 -0.9875583 3 6
node 47 15 0.03024943 4 5
node -1 0 0.7306762 -1 -1
node -1 0 -0.64786553 -1 -1
node -1 0 -1.0685102 -1 -1
node 54 23 0.011717014 8 11
node 61 10 -0.4827916 9 10
node -1 0 -0.8621379 -1 -1
node -1 0 0.6153139 -1 -1
node 58 2 1.1030905 12 13
node -1 0 1.5397756 -1 -1
node -1 0 -0.2767449 -1 -1
node 76 16 0.019315561 15 22
node 59 4 0.1556884 16 19
node 35 8 -0.15738826 17 18
node -1 0 0.33737186 -1 -1
node -1 0 -0.40364134 -1 -1
node 51 2 0.2659767 20 21
node -1 0 -0.36807832 -1 -1
node -1 0 0.34088248 -1 -1
node 22 18 -0.036391832 23 26
node 12 12 -0.020462818 24 25
node -1 0 -0.12049362 -1 -1
node -1 0 0.08150865 -1 -1
node 56 14 -0.7135659 27 28
node -1 0 -0.8333832 -1 -1
node -1 0 0.8232116 -1 -1
tree 27
node 37 0 0.0006836471 1 12
node 80 28 -0.68278706 2 9
node 46 21 -0.88326854 3 6
node 3 0 -1.1447256 4 5
node -1 0 -0.057570186 -1 -1
node -1 0 -1.1728188 -1 -1
node 2 14 -0.059769075 7 8
node -1 0 -0.76307863 -1 -1
node -1 0 0.7580225 -1 -1
node 12 13 0.1511033 10 11
node -1 0 0.50073224 -1 -1
node -1 0 -0.49997532 -1 -1
node 45 5 0.012942163 13 20
node 55 28 -0.33376777 14 17
node 34 8 -0.4552592 15 16
node -1 0 -0.17205888 -1 -1
node -1 0 -0.7244439 -1 -1
node 46 21 0.30472088 18 19
node -1 0 -0.6047943 -1 -1
node -1 0 1.1930325 -1 -1
node 9 0 0.036070272 21 24
node 45 21 2.4164033 22 23
node -1 0 3.7446654 -1 -1
node -1 0 -0.5935265 -1 -1
node 45 10 0.030839289 25 26
node -1 0 0.23309603 -1 -1
node -1 0 -0.024224196 -1 -1
tree 19
node 36 0 -0.018600615 1 6
node 54 26 -0.8914002 2 3
node -1 0 -1.021204 -1 -1
node 44 13 0.18821116 4 5
node -1 0 -0.528703 -1 -1
node -1 0 0.7408239 -1 -1
node 39 2 -0.010374103 7 12
node 79 28 -0.54442227 8 11
node 1 24 -0.77482927 9 10
node -1 0 -0.9432483 -1 -1
node -1 0 0.14292756 -1 -1
node -1 0 0.9409754 -1 -1
node 79 28 0.001804475 13 16
node 78 24 0.038536265 14 15
node -1 0 -0.07287513 -1 -1
node -1 0 0.1711067 -1 -1
node 35 4 -0.17216389 17 18
node -1 0 1.2887061 -1 -1
node -1 0 -0.20277277 -1 -1
tree 29
node 24 23 -0.030471647 1 16
node 79 28 -0.0052532796 2 9
node 78 24 0.040852405 3 6
node 61 3 -0.0870192 4 5
node -1 0 -0.37550485 -1 -1
node -1 0 0.021563485 -1 -1
node 28 0 0.19082445 7 8
node -1 0 -0.54625225 -1 -1
node -1 0 0.23508544 -1 -1
node 39 7 -0.20941475 10 13
node 24 11 0.49769956 11 12
node -1 0 0.20107284 -1 -1
node -1 0 1.7965888 -1 -1
node 36 2 -0.29743096 14 15
node -1 0 0.56014377 -1 -1
node -1 0 -0.34992006 -1 -1
node 80 26 -0.45950234 17 24
node 36 2 -0.62977403 18 21
node 46 11 0.026169363 19 20
node -1 0 -0.91864616 -1 -1
node -1 0 0.5733109 -1 -1
node 20 0 -0.7862606 22 23
node -1 0 0.18521939 -1 -1
node -1 0 -0.83074474 -1 -1
node 28 17 0.047335606 25 28
node 63 2 0.42660862 26 27
node -1 0 -0.76908153 -1 -1
node -1 0 0.6995441 -1 -1
node -1 0 -0.96959347 -1 -1
tree 31
node 75 1 -0.0012518555 1 16
node 14 2 0.34630352 2 9
node 75 0 1.7755144 3 6
node 46 21 0.042423997 4 5
node -1 0 -0.914253 -1 -1
node -1 0 0.68464553 -1 -1
node 80 14 3.7543461 7 8
node -1 0 5.7570925 -1 -1
node -1 0 0.9896 -1 -1
node 39 20 0.21823873 10 13
node 43 4 -0.13832721 11 12
node -1 0 0.38112688 -1 -1
node -1 0 -0.54900545 -1 -1
node 34 5 0.77763015 14 15
node -1 0 -0.51456535 -1 -1
node -1 0 0.98239684 -1 -1
node 54 22 -0.022452246 17 24
node 29 2 -0.08902492 18 21
node 42 17 -0.50930995 19 20
node -1 0 -0.88257235 -1 -1
node -1 0 0.029157648 -1 -1
node 38 0 -0.046754498 22 23
node -1 0 -1.0570815 -1 -1
node -1 0 -0.03334836 -1 -1
node 79 0 0.0987085 25 28
node 75 19 2.156667 26 27
node -1 0 4.1149316 -1 -1
node -1 0 -0.6206792 -1 -1
node 42 4 0.08741693 29 30
node -1 0 0.38584802 -1 -1
node -1 0 0.0073785647 -1 -1
tree 21
node 36 0 0.01044355 1 6
node 49 17 -0.8513741 2 3
node -1 0 -1.0008658 -1 -1
node 37 12 0.3625779 4 5
node -1 0 1.2598829 -1 -1
node -1 0 -0.5851426 -1 -1
node 80 29 0.017530506 7 14
node 78 27 0.04991369 8 11
node 42 13 -0.00047912565 9 10
node -1 0 -0.12860622 -1 -1
node -1 0 0.093155876 -1 -1
node 56 12 0.2764248 12 13
node -1 0 -0.34481847 -1 -1
node -1 0 0.34174058 -1 -1
node 29 2 -0.17484516 15 18
node 48 18 -0.9837307 16 17
node -1 0 -1.2322121 -1 -1
node -1 0 0.08454914 -1 -1
node 48 7 -0.06652633 19 20
node -1 0 0.70439714 -1 -1
node -1 0 -0.19009103 -1 -1
tree 27
node 35 2 0.002724316 1 12
node 46 0 -0.7124892 2 5
node 58 11 0.7059513 3 4
node -1 0 -0.45005268 -1 -1
node -1 0 1.3758858 -1 -1
node 24 11 -0.79366153 6 9
node 49 17 -0.9559305 7 8
node -1 0 -1.0380878 -1 -1
node -1 0 -0.3757989 -1 -1
node 44 15 -0.3790845 10 11
node -1 0 -0.88747436 -1 -1
node -1 0 0.15867874 -1 -1
node 46 5 0.01576284 13 20
node 11 0 -0.34915248 14 17
node 72 10 1.0041571 15 16
node -1 0 -0.23579034 -1 -1
node -1 0 1.7458303 -1 -1
node 57 15 -0.4154107 18 19
node -1 0 -0.7796507 -1 -1
node -1 0 -0.21411836 -1 -1
node 0 0 0.037295606 21 24
node 20 1 -0.9295688 22 23
node -1 0 1.9761262 -1 -1
node -1 0 -1.4004623 -1 -1
node 38 0 0.046749976 25 26
node -1 0 -1.0957112 -1 -1
node -1 0 0.05361574 -1 -1
tree 31
node 77 0 -0.0012815911 1 16
node 68 17 -0.60063076 2 9
node 37 18 -1.1053612 3 6
node 80 25 -1.3755074 4 5
node -1 0 -0.8207362 -1 -1
node -1 0 -1.7362512 -1 -1
node 73 14 -0.47747317 7 8
node -1 0 -0.95965654 -1 -1
node -1 0 0.46373996 -1 -1
node 69 23 0.03791189 10 13
node 49 12 0.42943323 11 12
node -1 0 -0.13653998 -1 -1
node -1 0 1.2587818 -1 -1
node 38 23 -0.89875156 14 15
node -1 0 -1.3139865 -1 -1
node -1 0 0.20664947 -1 -1
node 37 0 0.010391876 17 24
node 80 28 -0.68208414 18 21
node 15 22 -0.89140236 19 20
node -1 0 -1.0931672 -1 -1
node -1 0 0.17399286 -1 -1
node 79 28 0.08089461 22 23
node -1 0 0.5017791 -1 -1
node -1 0 -0.7216165 -1 -1
node 39 13 0.02031641 25 28
node 77 3 -0.07026292 26 27
node -1 0 0.45604017 -1 -1
node -1 0 -0.1050682 -1 -1
node 43 8 0.08227954 29 30
node -1 0 0.3737348 -1 -1
node -1 0 0.010064736 -1 -1
tree 27
node 54 23 -0.048289698 1 12
node 38 0 -0.10852476 2 5
node 57 23 -1.040374 3 4
node -1 0 -1.094256 -1 -1
node -1 0 0.31454208 -1 -1
node 34 5 -0.098464 6 9
node 21 13 -0.28423524 7 8
node -1 0 -0.4637857 -1 -1
node -1 0 0.1507213 -1 -1
node 4 0 -0.051520314 10 11
node -1 0 -1.1746902 -1 -1
node -1 0 -0.036124576 -1 -1
node 79 26 0.0876009 13 20
node 68 13 -0.07899203 14 17
node 68 11 0.04740035 15 16
node -1 0 -0.023083176 -1 -1
node -1 0 1.0181357 -1 -1
node 42 4 -0.37355244 18 19
node -1 0 0.29202998 -1 -1
node -1 0 -0.5378566 -1 -1
node 15 8 0.272207 21 24
node 75 13 0.05763539 22 23
node -1 0 -0.71247905 -1 -1
node -1 0 0.16705227 -1 -1
node 59 10 0.5488472 25 26
node -1 0 0.9534367 -1 -1
node -1 0 0.41709167 -1 -1
tree 31
node 32 12 -0.0042411964 1 16
node 15 8 0.04794349 2 9
node 4 0 -0.05129479 3 6
node 26 8 -1.1173524 4 5
node -1 0 -1.2628895 -1 -1
node -1 0 0.45015135 -1 -1
node 52 11 -0.028241321 7 8
node -1 0 -0.3936516 -1 -1
node -1 0 0.0151436655 -1 -1
node 79 29 0.18822376 10 13
node 76 4 0.24640247 11 12
node -1 0 0.9268601 -1 -1
node -1 0 0.2029209 -1 -1
node 39 6 -0.33673194 14 15
node -1 0 1.0332651 -1 -1
node -1 0 -0.42122558 -1 -1
node 43 1 -0.1430174 17 24
node 35 6 0.2897702 18 21
node 7 3 -0.65237296 19 20
node -1 0 0.7785971 -1 -1
node -1 0 -0.7817888 -1 -1
node 30 12 0.5224848 22 23
node -1 0 -0.41624394 -1 -1
node -1 0 0.73502374 -1 -1
node 68 8 -0.22770241 25 28
node 38 12 -0.06701934 26 27
node -1 0 0.213041 -1 -1
node -1 0 -0.26956353 -1 -1
node 53 12 -0.41585234 29 30
node -1 0 -0.22033502 -1 -1
node -1 0 -0.6848219 -1 -1
tree 31
node 75 1 -0.0064296597 1 16
node 78 19 0.38522643 2 9
node 77 15 1.3420491 3 6
node 28 11 0.070404045 4 5
node -1 0 1.2733746 -1 -1
node -1 0 -0.42102563 -1 -1
node 47 13 2.7183468 7 8
node -1 0 3.8604777 -1 -1
node -1 0 0.6416739 -1 -1
node 36 14 0.12158142 10 13
node 43 4 -0.19893226 11 12
node -1 0 0.38170484 -1 -1
node -1 0 -1.0308971 -1 -1
node 3 21 0.5885864 14 15
node -1 0 0.9079641 -1 -1
node -1 0 -0.91703194 -1 -1
node 80 17 -0.030300293 17 24
node 75 18 -0.26779366 18 21
node 55 18 -0.016976036 19 20
node -1 0 -0.32786736 -1 -1
node -1 0 0.47781527 -1 -1
node 13 0 -0.5604594 22 23
node -1 0 1.1946349 -1 -1
node -1 0 -0.60431814 -1 -1
node 59 0 0.0017777232 25 28
node 78 28 -0.48946357 26 27
node -1 0 -0.69159347 -1 -1
node -1 0 0.50362873 -1 -1
node 39 13 0.018751517 29 30
node -1 0 -0.097101234 -1 -1
node -1 0 0.094624214 -1 -1
tree 31
node 45 5 0.007336357 1 16
node 14 0 -0.34395543 2 9
node 11 16 0.6198404 3 6
node 80 17 -0.10306719 4 5
node -1 0 -0.8481143 -1 -1
node -1 0 0.71665657 -1 -1
node 17 16 1.8182653 7 8
node -1 0 2.5580845 -1 -1
node -1 0 -0.5428838 -1 -1
node 80 28 -0.45471704 10 13
node 64 12 -0.5687282 11 12
node -1 0 -0.39901432 -1 -1
node -1 0 -0.9510573 -1 -1
node 46 20 0.42329362 14 15
node -1 0 -0.5710296 -1 -1
node -1 0 0.92999035 -1 -1
node 46 10 0.030436898 17 24
node 46 8 0.19978634 18 21
node 34 1 0.050332237 19 20
node -1 0 -0.77272093 -1 -1
node -1 0 0.11141832 -1 -1
node 39 16 0.50825363 22 23
node -1 0 0.12492497 -1 -1
node -1 0 0.88921785 -1 -1
node 46 13 -0.031989772 25 28
node 78 23 -0.39406878 26 27
node -1 0 -0.05107784 -1 -1
node -1 0 -0.5975882 -1 -1
node 47 7 0.034754083 29 30
node -1 0 0.35479334 -1 -1
node -1 0 -0.01833968 -1 -1
tree 31
node 75 1 -0.0034464283 1 16
node 78 17 0.29881784 2 9
node 33 18 1.115268 3 6
node 75 0 1.728614 4 5
node -1 0 0.29654804 -1 -1
node -1 0 2.643755 -1 -1
node 41 1 -0.17743944 7 8
node -1 0 1.1917678 -1 -1
node -1 0 -0.6267533 -1 -1
node 61 12 0.08150908 10 13
node 7 25 -0.072203696 11 12
node -1 0 0.12817767 -1 -1
node -1 0 -1.0206577 -1 -1
node 47 8 0.56383115 14 15
node -1 0 1.4105332 -1 -1
node -1 0 0.1545008 -1 -1
node 75 13 -0.021769242 17 24
node 38 2 -0.19945233 18 21
node 77 11 0.49113777 19 20
node -1 0 0.9505623 -1 -1
node -1 0 -0.29910943 -1 -1
node 75 12 -0.274741 22 23
node -1 0 -0.18038628 -1 -1
node -1 0 -0.8548308 -1 -1
node 79 26 0.018783074 25 28
node 80 25 -0.090433866 26 27
node -1 0 -0.2211427 -1 -1
node -1 0 0.18668424 -1 -1
node 79 27 0.14302152 29 30
node -1 0 0.42363206 -1 -1
node -1 0 0.0127867125 -1 -1
tree 21
node 38 0 0.023330653 1 6
node 2 30 -0.75074244 2 3
node -1 0 -1.1288245 -1 -1
node 4 25 1.222949 4 5
node -1 0 1.6268332 -1 -1
node -1 0 -0.3891287 -1 -1
node 43 7 0.030905517 7 14
node 26 19 0.14282857 8 11
node 35 13 0.08415337 9 10
node -1 0 -0.062636435 -1 -1
node -1 0 0.31530008 -1 -1
node 4 16 0.7252003 12 13
node -1 0 0.19217141 -1 -1
node -1 0 1.2848117 -1 -1
node 21 18 -0.024348991 15 18
node 42 13 0.013982123 16 17
node -1 0 -0.20947543 -1 -1
node -1 0 0.10679552 -1 -1
node 4 6 -0.54041356 19 20
node -1 0 0.054292608 -1 -1
node -1 0 -0.7568171 -1 -1
tree 31
node 79 28 0.013950385 1 16
node 39 2 0.05274812 2 9
node 1 26 -0.6837297 3 6
node 1 0 -0.87233686 4 5
node -1 0 0.26525494 -1 -1
node -1 0 -0.99375093 -1 -1
node 61 10 0.6400138 7 8
node -1 0 -0.55849665 -1 -1
node -1 0 2.65324 -1 -1
node 3 20 0.068479784 10 13
node 59 0 0.10848476 11 12
node -1 0 -0.4057807 -1 -1
node -1 0 0.1410268 -1 -1
node 8 18 -0.1661949 14 15
node -1 0 -0.8446891 -1 -1
node -1 0 -0.039938632 -1 -1
node 54 21 -0.1681903 17 24
node 43 1 -0.3423772 18 21
node 49 10 0.29138926 19 20
node -1 0 -0.41993335 -1 -1
node -1 0 0.90591 -1 -1
node 80 21 -0.43180475 22 23
node -1 0 0.6213076 -1 -1
node -1 0 -0.48046058 -1 -1
node 20 7 0.09088365 25 28
node 61 12 -0.3676786 26 27
node -1 0 0.615092 -1 -1
node -1 0 -0.5498118 -1 -1
node 80 29 0.51406056 29 30
node -1 0 0.8871929 -1 -1
node -1 0 -0.13765843 -1 -1
tree 29
node 78 0 -0.01996005 1 14
node 79 0 1.0411273 2 9
node 60 0 2.4340708 3 6
node 44 16 3.7896223 4 5
node -1 0 4.701928 -1 -1
node -1 0 0.06208529 -1 -1
node 11 7 -0.3493916 7 8
node -1 0 0.4862869 -1 -1
node -1 0 -0.63968194 -1 -1
node 6 6 0.019297434 10 11
node -1 0 2.5962806 -1 -1
node 17 25 -0.36677444 12 13
node -1 0 -0.8795991 -1 -1
node -1 0 1.3446558 -1 -1
node 46 5 -0.027193915 15 22
node 23 0 -0.37930703 16 19
node 68 23 0.8904654 17 18
node -1 0 -0.21532634 -1 -1
node -1 0 3.0977376 -1 -1
node 9 17 -0.45672706 20 21
node -1 0 -0.6292812 -1 -1
node -1 0 -0.11754819 -1 -1
node 46 10 -0.00784784 23 26
node 47 5 0.1517973 24 25
node -1 0 -0.48240244 -1 -1
node -1 0 0.23863545 -1 -1
node 38 5 -0.054601178 27 28
node -1 0 0.14912653 -1 -1
node -1 0 -0.14483273 -1 -1
tree 31
node 75 1 -0.00844249 1 16
node 40 5 0.33804014 2 9
node 53 10 1.1339012 3 6
node 12 24 2.3365226 4 5
node -1 0 2.964598 -1 -1
node -1 0 -0.005986299 -1 -1
node 79 25 0.46012783 7 8
node -1 0 -0.6512845 -1 -1
node -1 0 1.6581967 -1 -1
node 71 8 0.18515639 10 13
node 9 13 -0.10298686 11 12
node -1 0 -0.6050252 -1 -1
node -1 0 0.27401832 -1 -1
node 32 18 0.5669731 14 15
node -1 0 0.8625626 -1 -1
node -1 0 -0.66626376 -1 -1
node 2 3 -0.02941115 17 24
node 22 1 0.16189444 18 21
node 43 8 -0.07700988 19 20
node -1 0 0.42335814 -1 -1
node -1 0 -0.34203252 -1 -1
node 78 17 0.34358412 22 23
node -1 0 -0.72321963 -1 -1
node -1 0 0.4112946 -1 -1
node 40 1 -0.071416885 25 28
node 19 21 -0.85841626 26 27
node -1 0 -0.97113866 -1 -1
node -1 0 0.3340937 -1 -1
node 78 1 -0.06348974 29 30
node -1 0 0.6581804 -1 -1
node -1 0 -0.07206494 -1 -1
tree 31
node 5 0 0.0034568366 1 16
node 3 25 0.85161316 2 9
node 25 0 0.28313664 3 6
node 36 19 1.1146929 4 5
node -1 0 2.154887 -1 -1
node -1 0 -0.4597612 -1 -1
node 3 3 -0.19074829 7 8
node -1 0 1.0468892 -1 -1
node -1 0 -0.57413125 -1 -1
node 38 12 1.8627294 10 13
node 55 25 0.426034 11 12
node -1 0 -0.45859534 -1 -1
node -1 0 1.21023 -1 -1
node 62 4 3.0668654 14 15
node -1 0 -0.020506956 -1 -1
node -1 0 3.884379 -1 -1
node 15 8 -0.006740917 17 24
node 0 0 -0.10305134 18 21
node 79 28 -1.2494626 19 20
node -1 0 -1.5106148 -1 -1
node -1 0 0.1495465 -1 -1
node 49 10 -0.08646265 22 23
node -1 0 -0.27470022 -1 -1
node -1 0 0.015408439 -1 -1
node 79 26 0.08367205 25 28
node 32 11 -0.040275652 26 27
node -1 0 0.13156018 -1 -1
node -1 0 -0.21535562 -1 -1
node 79 27 0.22916014 29 30
node -1 0 0.5126955 -1 -1
node -1 0 0.110332884 -1 -1
tree 31
node 39 3 0.017898167 1 16
node 1 24 -0.39460847 2 9
node 0 2 -0.6176712 3 6
node 79 24 -0.07489469 4 5
node -1 0 -0.8169751 -1 -1
node -1 0 0.5671721 -1 -1
node 22 3 -0.92164993 7 8
node -1 0 -0.41964254 -1 -1
node -1 0 -1.06762 -1 -1
node 54 23 0.56581664 10 13
node 75 10 -0.058642693 11 12
node -1 0 0.68517005 -1 -1
node -1 0 -0.6877348 -1 -1
node 55 26 1.698838 14 15
node -1 0 2.8702562 -1 -1
node -1 0 0.5969476 -1 -1
node 61 2 0.032290813 17 24
node 39 9 -0.12666705 18 21
node 79 23 0.36844024 19 20
node -1 0 0.73060375 -1 -1
node -1 0 -0.07953714 -1 -1
node 79 26 -0.2881785 22 23
node -1 0 -0.43868843 -1 -1
node -1 0 0.21784961 -1 -1
node 1 27 0.06897265 25 28
node 9 19 0.07737487 26 27
node -1 0 0.099300295 -1 -1
node -1 0 -0.29104304 -1 -1
node 30 1 -1.0423305 29 30
node -1 0 1.1165695 -1 -1
node -1 0 -1.199714 -1 -1
tree 31
node 39 13 0.01766943 1 16
node 35 14 -0.07692063 2 9
node 35 9 -0.20951091 3 6
node 35 4 -0.077825084 4 5
node -1 0 -0.64114404 -1 -1
node -1 0 0.012179197 -1 -1
node 42 12 -0.4577322 7 8
node -1 0 -0.6313037 -1 -1
node -1 0 -0.098009676 -1 -1
node 41 4 0.0982323 10 13
node 48 15 0.6914783 11 12
node -1 0 -0.52625215 -1 -1
node -1 0 1.0296252 -1 -1
node 49 2 -0.053661026 14 15
node -1 0 -0.5511662 -1 -1
node -1 0 0.061718233 -1 -1
node 35 11 0.08318105 17 24
node 61 0 0.29606107 18 21
node 70 0 -0.36412805 19 20
node -1 0 0.4499755 -1 -1
node -1 0 -0.6089235 -1 -1
node 59 10 0.45846024 22 23
node -1 0 0.8624467 -1 -1
node -1 0 0.27727932 -1 -1
node 79 28 0.0040471633 25 28
node 51 0 0.07472843 26 27
node -1 0 -0.6473849 -1 -1
node -1 0 0.11411049 -1 -1
node 80 22 -0.31325406 29 30
node -1 0 0.45022067 -1 -1
node -1 0 -0.4447901 -1 -1
tree 25
node 35 2 0.0007166628 1 10
node 79 29 -0.6363349 2 9
node 78 0 -0.8482566 3 6
node 35 1 0.43612128 4 5
node -1 0 -0.50575763 -1 -1
node -1 0 1.2577771 -1 -1
node 68 26 -0.9366908 7 8
node -1 0 -1.0021986 -1 -1
node -1 0 0.6595257 -1 -1
node -1 0 0.99302983 -1 -1
node 45 10 0.011225055 11 18
node 78 20 0.15264808 12 15
node 24 0 -0.17906176 13 14
node -1 0 1.608378 -1 -1
node -1 0 -0.29604155 -1 -1
node 31 13 0.27403834 16 17
node -1 0 0.36889988 -1 -1
node -1 0 -0.3041632 -1 -1
node 78 20 -0.03580418 19 22
node 41 7 0.2877985 20 21
node -1 0 0.7727514 -1 -1
node -1 0 0.011446647 -1 -1
node 45 13 -0.08165963 23 24
node -1 0 -0.38060507 -1 -1
node -1 0 -0.02838113 -1 -1
tree 29
node 39 3 -0.005401279 1 14
node 8 17 -0.39522856 2 7
node 78 30 -0.76421756 3 6
node 78 25 -0.86251014 4 5
node -1 0 -0.58431715 -1 -1
node -1 0 -1.2887053 -1 -1
node -1 0 0.7931036 -1 -1
node 35 17 0.13050848 8 11
node 13 15 -0.64059234 9 10
node -1 0 0.50586694 -1 -1
node -1 0 -0.8077754 -1 -1
node 30 15 0.78815216 12 13
node -1 0 -0.020542007 -1 -1
node -1 0 1.9314567 -1 -1
node 2 29 0.008185 15 22
node 34 4 0.016826574 16 19
node 15 1 -0.16659884 17 18
node -1 0 0.47691944 -1 -1
node -1 0 -0.29125464 -1 -1
node 4 0 0.043042533 20 21
node -1 0 -0.80251056 -1 -1
node -1 0 0.052316725 -1 -1
node 66 22 -0.73456526 23 26
node 45 2 -0.88393867 24 25
node -1 0 0.4770297 -1 -1
node -1 0 -1.0090879 -1 -1
node 27 24 0.88843834 27 28
node -1 0 -0.4529733 -1 -1
node -1 0 1.6800704 -1 -1
tree 27
node 5 0 0.0070326896 1 14
node 38 22 0.6499859 2 9
node 63 17 0.22228515 3 6
node 4 4 -0.09468605 4 5
node -1 0 0.83693117 -1 -1
node -1 0 -0.61711174 -1 -1
node 26 9 1.7790279 7 8
node -1 0 2.7979248 -1 -1
node -1 0 -0.4697501 -1 -1
node 14 1 1.3481483 10 11
node -1 0 -0.5997615 -1 -1
node 13 24 1.6838893 12 13
node -1 0 2.1646993 -1 -1
node -1 0 -0.027385458 -1 -1
node 0 0 -0.0012547802 15 22
node 66 0 -0.7870878 16 19
node 62 1 0.28698584 17 18
node -1 0 -0.07631393 -1 -1
node -1 0 1.8946373 -1 -1
node 55 1 -1.2422142 20 21
node -1 0 1.5113667 -1 -1
node -1 0 -1.4093527 -1 -1
node 38 0 0.008454287 23 24
node -1 0 -1.0682135 -1 -1
node 38 4 0.015391109 25 26
node -1 0 0.16758478 -1 -1
node -1 0 -0.029091008 -1 -1
tree 31
node 47 16 0.0062325657 1 16
node 54 13 0.08560696 2 9
node 42 1 0.33319774 3 6
node 52 8 1.4386135 4 5
node -1 0 1.7939256 -1 -1
node -1 0 -0.7760476 -1 -1
node 23 12 0.22721376 7 8
node -1 0 0.8691657 -1 -1
node -1 0 0.0063393046 -1 -1
node 9 0 0.032895204 10 13
node 31 17 1.1727467 11 12
node -1 0 0.5635942 -1 -1
node -1 0 3.340732 -1 -1
node 42 14 0.013313477 14 15
node -1 0 -0.14183064 -1 -1
node -1 0 0.12319101 -1 -1
node 30 24 -0.07313459 17 24
node 76 3 -0.050373565 18 21
node 54 26 0.44167024 19 20
node -1 0 0.60999435 -1 -1
node -1 0 -1.283056 -1 -1
node 50 1 -0.078841574 22 23
node -1 0 -0.4115271 -1 -1
node -1 0 -0.04424757 -1 -1
node 78 0 -0.63254726 25 28
node 13 27 1.20476 26 27
node -1 0 -0.4383173 -1 -1
node -1 0 2.3263679 -1 -1
node 46 10 -0.71545595 29 30
node -1 0 -0.1930239 -1 -1
node -1 0 -0.8397868 -1 -1
tree 31
node 35 3 0.01618103 1 16
node 54 26 -0.42776227 2 9
node 80 2 -0.70823616 3 6
node 30 21 0.47262302 4 5
node -1 0 -0.5351895 -1 -1
node -1 0 1.5145335 -1 -1
node 79 29 -0.8599892 7 8
node -1 0 -0.9531799 -1 -1
node -1 0 0.69759804 -1 -1
node 42 16 0.51880115 10 13
node 48 14 1.2277639 11 12
node -1 0 -0.1584934 -1 -1
node -1 0 1.7716323 -1 -1
node 10 15 -0.68158066 14 15
node -1 0 -0.95869553 -1 -1
node -1 0 0.57777315 -1 -1
node 9 0 0.030350674 17 24
node 1 25 0.8484834 18 21
node 52 19 0.2973984 19 20
node -1 0 -0.17640223 -1 -1
node -1 0 1.4908776 -1 -1
node 66 14 2.2061775 22 23
node -1 0 3.1348445 -1 -1
node -1 0 -0.18156539 -1 -1
node 4 0 0.023169462 25 28
node 64 0 -1.0094224 26 27
node -1 0 0.30017504 -1 -1
node -1 0 -1.2335699 -1 -1
node 78 24 0.034471635 29 30
node -1 0 -0.050712045 -1 -1
node -1 0 0.101767465 -1 -1
tree 31
node 1 3 -0.015728677 1 16
node 60 0 0.13885495 2 9
node 77 17 -0.4350256 3 6
node 69 26 -0.74414307 4 5
node -1 0 -0.85554 -1 -1
node -1 0 0.24610087 -1 -1
node 26 11 0.06845363 7 8
node -1 0 -0.38151014 -1 -1
node -1 0 1.0399727 -1 -1
node 41 13 0.18427087 10 13
node 21 15 0.37851238 11 12
node -1 0 0.4655309 -1 -1
node -1 0 -0.6810388 -1 -1
node 48 15 0.029519709 14 15
node -1 0 0.28407162 -1 -1
node -1 0 -0.24035282 -1 -1
node 9 0 -0.051896054 17 24
node 10 17 0.8138954 18 21
node 45 11 0.18148296 19 20
node -1 0 -0.23867287 -1 -1
node -1 0 1.6225457 -1 -1
node 75 22 1.5626253 22 23
node -1 0 2.2022965 -1 -1
node -1 0 -0.67244583 -1 -1
node 76 16 -0.062272564 25 28
node 66 14 0.05856818 26 27
node -1 0 0.21974437 -1 -1
node -1 0 -0.080262296 -1 -1
node 77 0 -0.11261325 29 30
node -1 0 -1.2432215 -1 -1
node -1 0 -0.1023015 -1 -1
tree 29
node 37 0 0.0009864523 1 14
node 46 21 -0.6351438 2 7
node 80 28 -0.89234364 3 6
node 47 0 -1.0717236 4 5
node -1 0 0.6298638 -1 -1
node -1 0 -1.1326722 -1 -1
node -1 0 -0.1713979 -1 -1
node 47 16 -0.022230089 8 11
node 47 7 0.5460595 9 10
node -1 0 -0.4923589 -1 -1
node -1 0 0.9609634 -1 -1
node 70 21 -0.7684058 12 13
node -1 0 -0.9776482 -1 -1
node -1 0 0.33639792 -1 -1
node 76 3 0.009855386 15 22
node 54 26 0.324712 16 19
node 56 6 0.45402712 17 18
node -1 0 -0.49157235 -1 -1
node -1 0 0.6393636 -1 -1
node 41 13 -0.78643286 20 21
node -1 0 -1.5887078 -1 -1
node -1 0 0.09792726 -1 -1
node 78 1 -0.008965683 23 26
node 71 21 0.71027076 24 25
node -1 0 0.4425466 -1 -1
node -1 0 2.6725311 -1 -1
node 40 1 -0.01768946 27 28
node -1 0 -0.8857454 -1 -1
node -1 0 -0.011632569 -1 -1
tree 31
node 78 1 0.0034677745 1 16
node 62 17 0.7092844 2 9
node 47 1 0.39422837 3 6
node 0 25 1.2751992 4 5
node -1 0 -0.5013959 -1 -1
node -1 0 2.6684744 -1 -1
node 0 0 0.08331097 7 8
node -1 0 1.0465558 -1 -1
node -1 0 -0.35269207 -1 -1
node 55 19 2.3202474 10 13
node 67 12 -0.04806901 11 12
node -1 0 0.87989056 -1 -1
node -1 0 -0.6125081 -1 -1
node 44 17 4.1977324 14 15
node -1 0 5.2460866 -1 -1
node -1 0 -0.31438345 -1 -1
node 60 0 -0.0063709146 17 24
node 30 3 -0.2271447 18 21
node 19 0 -0.8432802 19 20
node -1 0 0.31397817 -1 -1
node -1 0 -0.88672704 -1 -1
node 78 24 -0.102531984 22 23
node -1 0 -0.33364332 -1 -1
node -1 0 0.38463268 -1 -1
node 39 15 0.017228723 25 28
node 53 20 -0.07561492 26 27
node -1 0 -0.15878099 -1 -1
node -1 0 0.111274645 -1 -1
node 35 8 0.09908668 29 30
node -1 0 0.35940313 -1 -1
node -1 0 0.044594176 -1 -1
tree 31
node 78 29 -0.011998198 1 16
node 2 0 -0.039661195 2 9
node 73 14 0.40390423 3 6
node 70 13 0.0045568906 4 5
node -1 0 0.2831941 -1 -1
node -1 0 -0.87905407 -1 -1
node 31 1 0.9682422 7 8
node -1 0 2.2652886 -1 -1
node -1 0 0.59138227 -1 -1
node 34 5 -0.053432345 10 13
node 26 15 -0.23034813 11 12
node -1 0 -0.29949972 -1 -1
node -1 0 0.4707778 -1 -1
node 32 3 -0.015550262 14 15
node -1 0 0.27373084 -1 -1
node -1 0 -0.052616972 -1 -1
node 76 19 0.18042624 17 24
node 40 6 -0.2976429 18 21
node 43 1 0.8368737 19 20
node -1 0 -0.3505818 -1 -1
node -1 0 1.3390502 -1 -1
node 52 16 -0.4909774 22 23
node -1 0 -0.10975212 -1 -1
node -1 0 -1.0177014 -1 -1
node 48 16 0.29757553 25 28
node 61 14 0.7078876 26 27
node -1 0 0.952348 -1 -1
node -1 0 -0.3328756 -1 -1
node 47 7 0.13777554 29 30
node -1 0 0.9489967 -1 -1
node -1 0 0.03623285 -1 -1
tree 21
node 38 0 -0.0074400716 1 6
node 4 1 -0.8348524 2 5
node 19 7 0.36109263 3 4
node -1 0 -0.57202595 -1 -1
node -1 0 0.79980546 -1 -1
node -1 0 -1.1141688 -1 -1
node 78 24 -0.0005251859 7 14
node 65 23 -0.08046555 8 11
node 79 26 -0.055199016 9 10
node -1 0 -0.121227354 -1 -1
node -1 0 0.18709697 -1 -1
node 74 17 -0.9243322 12 13
node -1 0 -1.1557859 -1 -1
node -1 0 -0.5690644 -1 -1
node 79 27 0.06354415 15 18
node 2 24 0.22691168 16 17
node -1 0 0.2922137 -1 -1
node -1 0 -0.46381736 -1 -1
node 43 8 -0.085567825 19 20
node -1 0 0.095573165 -1 -1
node -1 0 -0.22463197 -1 -1
tree 31
node 12 12 -0.010980368 1 16
node 34 16 -0.08932386 2 9
node 67 24 -0.0489776 3 6
node 48 7 -0.087006845 4 5
node -1 0 0.12457051 -1 -1
node -1 0 -0.15281634 -1 -1
node 73 10 0.27491787 7 8
node -1 0 -0.30848175 -1 -1
node -1 0 0.44537047 -1 -1
node 54 13 -0.41852129 10 13
node 43 1 -0.11305612 11 12
node -1 0 0.56458265 -1 -1
node -1 0 -0.3318779 -1 -1
node 0 5 -0.8133502 14 15
node -1 0 -0.26773703 -1 -1
node -1 0 -1.070827 -1 -1
node 80 29 0.06727149 17 24
node 80 25 0.11410524 18 21
node 43 7 0.0076658875 19 20
node -1 0 0.306844 -1 -1
node -1 0 -0.15994836 -1 -1
node 45 10 0.24353635 22 23
node -1 0 0.7195066 -1 -1
node -1 0 0.13557717 -1 -1
node 36 6 -0.1821989 25 28
node 80 30 0.20202482 26 27
node -1 0 -0.18462525 -1 -1
node -1 0 0.66227794 -1 -1
node 47 6 -0.56385374 29 30
node -1 0 0.4041426 -1 -1
node -1 0 -0.6793429 -1 -1
tree 31
node 55 25 0.031179216 1 16
node 29 11 -0.02355146 2 9
node 79 23 -0.097070254 3 6
node 45 5 0.25805613 4 5
node -1 0 -0.3001784 -1 -1
node -1 0 0.48539135 -1 -1
node 42 15 -0.17099664 7 8
node -1 0 -0.32035005 -1 -1
node -1 0 0.01636124 -1 -1
node 35 8 0.10480235 10 13
node 7 11 0.40796733 11 12
node -1 0 -0.09032788 -1 -1
node -1 0 0.609505 -1 -1
node 79 25 0.009360508 14 15
node -1 0 -0.28399083 -1 -1
node -1 0 0.22068939 -1 -1
node 77 12 0.15953164 17 24
node 43 13 -0.1824284 18 21
node 40 6 -0.5317728 19 20
node -1 0 0.5169634 -1 -1
node -1 0 -0.7585634 -1 -1
node 78 25 -0.013055151 22 23
node -1 0 -0.2461043 -1 -1
node -1 0 0.39612263 -1 -1
node 59 17 0.25034755 25 28
node 79 26 0.42704892 26 27
node -1 0 0.14219214 -1 -1
node -1 0 0.705919 -1 -1
node 78 28 0.1363751 29 30
node -1 0 0.2201386 -1 -1
node -1 0 -0.3292196 -1 -1
tree 21
node 39 2 -0.005471706 1 12
node 79 28 -0.56501997 2 9
node 19 0 -0.77286035 3 6
node 43 1 0.8907448 4 5
node -1 0 1.5756935 -1 -1
node -1 0 -0.41816488 -1 -1
node 69 0 -0.88021624 7 8
node -1 0 -0.31995857 -1 -1
node -1 0 -1.0573177 -1 -1
node 44 13 0.44761574 10 11
node -1 0 -0.58054656 -1 -1
node -1 0 0.8917013 -1 -1
node 38 0 0.0048987996 13 14
node -1 0 -1.0795742 -1 -1
node 45 10 0.0090805795 15 18
node 67 0 0.1228674 16 17
node -1 0 0.48041672 -1 -1
node -1 0 -0.0037079714 -1 -1
node 78 20 -0.031639673 19 20
node -1 0 0.32986748 -1 -1
node -1 0 -0.08260367 -1 -1
tree 25
node 35 2 0.009677885 1 10
node 79 29 -0.60340583 2 9
node 44 0 -0.8083931 3 6
node 60 12 0.5675995 4 5
node -1 0 -0.24985635 -1 -1
node -1 0 0.92251986 -1 -1
node 10 25 -0.8685689 7 8
node -1 0 -0.9721165 -1 -1
node -1 0 -0.26051602 -1 -1
node -1 0 0.64260364 -1 -1
node 5 0 0.018890845 11 18
node 46 17 0.6730828 12 15
node 3 25 0.35553992 13 14
node -1 0 -0.13701728 -1 -1
node -1 0 1.2002012 -1 -1
node 29 16 2.7264898 16 17
node -1 0 3.0310922 -1 -1
node -1 0 -0.20577992 -1 -1
node 46 5 0.010773118 19 22
node 79 24 -0.39481348 20 21
node -1 0 -0.57843167 -1 -1
node -1 0 0.21967553 -1 -1
node 0 0 0.02850694 23 24
node -1 0 -1.0313683 -1 -1
node -1 0 0.037225068 -1 -1
tree 31
node 28 0 -0.007673533 1 16
node 45 7 -0.4017284 2 9
node 77 15 0.27917996 3 6
node 10 2 1.2301835 4 5
node -1 0 2.3862288 -1 -1
node -1 0 -0.12083733 -1 -1
node 51 15 -0.0047507314 7 8
node -1 0 -0.57247156 -1 -1
node -1 0 0.95251364 -1 -1
node 42 13 -0.61945295 10 13
node 36 19 -0.99651796 11 12
node -1 0 -1.0897623 -1 -1
node -1 0 0.07583144 -1 -1
node 0 18 -0.3031198 14 15
node -1 0 -0.029353991 -1 -1
node -1 0 -1.3389429 -1 -1
node 46 10 0.0102203805 17 24
node 78 24 0.1414408 18 21
node 46 9 0.007413425 19 20
node -1 0 -0.09010863 -1 -1
node -1 0 0.55274 -1 -1
node 38 5 0.38592815 22 23
node -1 0 -0.33813953 -1 -1
node -1 0 0.5284331 -1 -1
node 46 14 -0.03508918 25 28
node 5 12 -0.2672928 26 27
node -1 0 -0.42362827 -1 -1
node -1 0 -0.04937236 -1 -1
node 63 21 0.020123241 29 30
node -1 0 -0.0076274425 -1 -1
node -1 0 0.31618288 -1 -1
tree 29
node 21 18 0.0034880978 1 16
node 40 10 0.020840995 2 9
node 39 14 -0.07870831 3 6
node 58 17 -0.24245302 4 5
node -1 0 -0.3596254 -1 -1
node -1 0 0.008562351 -1 -1
node 44 14 0.1590243 7 8
node -1 0 0.69470096 -1 -1
node -1 0 0.029778222 -1 -1
node 41 4 0.066783756 10 13
node 9 18 0.45952037 11 12
node -1 0 0.58050096 -1 -1
node -1 0 -0.7057935 -1 -1
node 56 13 0.022843715 14 15
node -1 0 0.3826964 -1 -1
node -1 0 -0.029150888 -1 -1
node 43 3 -0.22639348 17 22
node 35 4 0.43568566 18 19
node -1 0 -0.9158627 -1 -1
node 46 16 0.7360352 20 21
node -1 0 1.2800392 -1 -1
node -1 0 0.12405573 -1 -1
node 68 6 -0.465609 23 26
node 28 16 0.07102773 24 25
node -1 0 0.7546647 -1 -1
node -1 0 -0.608977 -1 -1
node 40 7 -0.64217895 27 28
node -1 0 -0.06293745 -1 -1
node -1 0 -0.82241064 -1 -1
tree 31
node 45 5 0.009080989 1 16
node 80 29 -0.22058024 2 9
node 1 22 -0.31719324 3 6
node 35 17 -0.45919842 4 5
node -1 0 -0.60701454 -1 -1
node -1 0 -0.12369664 -1 -1
node 53 7 0.17151605 7 8
node -1 0 -0.8342234 -1 -1
node -1 0 0.4179635 -1 -1
node 72 2 0.6764452 10 13
node 36 14 1.3082117 11 12
node -1 0 1.63324 -1 -1
node -1 0 -0.35735077 -1 -1
node 58 10 -0.44911262 14 15
node -1 0 0.35890964 -1 -1
node -1 0 -0.70520514 -1 -1
node 79 22 0.023482973 17 24
node 72 3 0.24252555 18 21
node 46 21 -0.24288143 19 20
node -1 0 -0.44891506 -1 -1
node -1 0 0.209435 -1 -1
node 36 5 0.47262558 22 23
node -1 0 0.9774376 -1 -1
node -1 0 0.22662613 -1 -1
node 46 10 -0.012174019 25 28
node 78 19 0.14662723 26 27
node -1 0 -0.6975956 -1 -1
node -1 0 0.22481889 -1 -1
node 47 7 -0.06466587 29 30
node -1 0 0.26714918 -1 -1
node -1 0 -0.12975404 -1 -1
tree 31
node 76 16 -0.013683464 1 16
node 55 28 0.08189679 2 9
node 51 4 0.13320832 3 6
node 63 14 -0.13038306 4 5
node -1 0 -0.36211586 -1 -1
node -1 0 0.31553248 -1 -1
node 76 3 0.225456 7 8
node -1 0 0.56976897 -1 -1
node -1 0 0.13832702 -1 -1
node 35 21 -0.3527463 10 13
node 76 2 -0.68148386 11 12
node -1 0 -1.5094818 -1 -1
node -1 0 -0.35262993 -1 -1
node 46 6 0.21551466 14 15
node -1 0 1.3038992 -1 -1
node -1 0 -0.09831719 -1 -1
node 71 4 -0.053272303 17 24
node 74 10 0.029884497 18 21
node 18 18 0.0033182323 19 20
node -1 0 0.020340567 -1 -1
node -1 0 -0.7715769 -1 -1
node 55 24 0.48405415 22 23
node -1 0 0.8149182 -1 -1
node -1 0 -0.45331642 -1 -1
node 67 5 -0.1489189 25 28
node 73 20 -0.47430077 26 27
node -1 0 -0.55576795 -1 -1
node -1 0 0.5177483 -1 -1
node 35 21 -0.078586645 29 30
node -1 0 -0.15743448 -1 -1
node -1 0 0.0872304 -1 -1
tree 27
node 37 0 -0.033210564 1 12
node 2 17 -0.59699094 2 7
node 3 0 -0.9551685 3 4
node -1 0 0.4995872 -1 -1
node 64 0 -1.0382167 5 6
node -1 0 -0.6098875 -1 -1
node -1 0 -1.1474416 -1 -1
node 34 13 0.011774962 8 11
node 17 10 0.46827102 9 10
node -1 0 -0.13332991 -1 -1
node -1 0 1.0272828 -1 -1
node -1 0 -0.9034234 -1 -1
node 65 0 -0.02555547 13 20
node 79 27 0.07382311 14 17
node 29 3 0.2068837 15 16
node -1 0 0.7538492 -1 -1
node -1 0 0.10452776 -1 -1
node 43 13 -0.13799039 18 19
node -1 0 0.17141259 -1 -1
node -1 0 -0.45777407 -1 -1
node 76 16 -0.062696375 21 24
node 79 29 0.051651783 22 23
node -1 0 0.101891235 -1 -1
node -1 0 -0.8407216 -1 -1
node 2 28 -0.1264339 25 26
node -1 0 -0.10953882 -1 -1
node -1 0 -0.8964333 -1 -1
tree 29
node 48 3 0.0011267108 1 14
node 3 25 -0.3219721 2 9
node 47 7 -0.4612928 3 6
node 41 15 0.11083461 4 5
node -1 0 0.5059929 -1 -1
node -1 0 -0.9028743 -1 -1
node 12 7 -0.7857708 7 8
node -1 0 -0.4089519 -1 -1
node -1 0 -1.0081636 -1 -1
node 8 28 0.69801766 10 13
node 9 23 1.5029908 11 12
node -1 0 -0.67545694 -1 -1
node -1 0 2.3472342 -1 -1
node -1 0 -0.7960683 -1 -1
node 79 22 0.015485586 15 22
node 37 3 0.20639344 16 19
node 72 10 0.6698852 17 18
node -1 0 0.18553999 -1 -1
node -1 0 1.2767345 -1 -1
node 28 17 0.015720734 20 21
node -1 0 0.2092581 -1 -1
node -1 0 -0.68035656 -1 -1
node 80 21 -0.018161358 23 26
node 52 14 -0.25635237 24 25
node -1 0 -0.03710844 -1 -1
node -1 0 -0.44881094 -1 -1
node 48 7 0.01836768 27 28
node -1 0 0.33313942 -1 -1
node -1 0 -0.036471732 -1 -1
tree 21
node 36 0 -0.022477008 1 6
node 75 1 -0.86772865 2 5
node 16 10 0.32536793 3 4
node -1 0 1.1504346 -1 -1
node -1 0 -0.47851998 -1 -1
node -1 0 -1.0010282 -1 -1
node 24 23 -0.016809512 7 14
node 5 0 -0.001587779 8 11
node 24 15 0.62062377 9 10
node -1 0 0.221471 -1 -1
node -1 0 1.7210474 -1 -1
node 26 12 -0.0084580695 12 13
node -1 0 -0.04693212 -1 -1
node -1 0 0.10309875 -1 -1
node 31 17 -0.28756064 15 18
node 26 16 -0.10504372 16 17
node -1 0 -0.25525287 -1 -1
node -1 0 0.7395169 -1 -1
node 79 11 -0.57819486 19 20
node -1 0 -0.05850236 -1 -1
node -1 0 -0.9085152 -1 -1
tree 31
node 1 3 0.0012044661 1 16
node 44 8 0.14609426 2 9
node 74 8 -0.14845404 3 6
node 30 14 -0.5197743 4 5
node -1 0 -0.76656365 -1 -1
node -1 0 0.4455703 -1 -1
node 76 13 0.34833866 7 8
node -1 0 -0.6842041 -1 -1
node -1 0 0.62650436 -1 -1
node 43 8 0.23501995 10 13
node 40 10 0.6977278 11 12
node -1 0 0.25265962 -1 -1
node -1 0 1.1741871 -1 -1
node 75 2 0.06913087 14 15
node -1 0 1.0195615 -1 -1
node -1 0 -0.005550193 -1 -1
node 62 15 -0.033178728 17 24
node 29 23 -0.07863612 18 21
node 42 13 -0.056192588 19 20
node -1 0 -0.16424365 -1 -1
node -1 0 0.045100216 -1 -1
node 62 1 -0.5149665 22 23
node -1 0 -0.8878073 -1 -1
node -1 0 -0.2767827 -1 -1
node 79 21 0.098255955 25 28
node 46 7 0.58330864 26 27
node -1 0 -0.3768999 -1 -1
node -1 0 0.87053907 -1 -1
node 70 13 0.00791415 29 30
node -1 0 0.28072196 -1 -1
node -1 0 -0.09152677 -1 -1
tree 19
node 36 0 0.024780057 1 4
node 0 0 -0.82824206 2 3
node -1 0 0.36297557 -1 -1
node -1 0 -0.97317237 -1 -1
node 78 2 0.02966465 5 12
node 40 4 0.51399946 6 9
node 75 19 1.6236805 7 8
node -1 0 2.2471685 -1 -1
node -1 0 -0.09114243 -1 -1
node 57 20 0.01568475 10 11
node -1 0 -0.30876166 -1 -1
node -1 0 1.2840959 -1 -1
node 30 20 0.020516086 13 16
node 0 23 0.039853133 14 15
node -1 0 0.049531158 -1 -1
node -1 0 -0.5858599 -1 -1
node 48 14 -0.23954317 17 18
node -1 0 0.11169452 -1 -1
node -1 0 -0.5109177 -1 -1
tree 31
node 49 14 -0.0028536734 1 16
node 76 6 -0.04644507 2 9
node 77 13 0.21572717 3 6
node 7 14 0.37005827 4 5
node -1 0 0.056753427 -1 -1
node -1 0 0.7449494 -1 -1
node 16 1 -0.4357506 7 8
node -1 0 1.4423616 -1 -1
node -1 0 -0.5802128 -1 -1
node 77 0 -0.078364365 10 13
node 14 1 -1.0031731 11 12
node -1 0 -0.016389117 -1 -1
node -1 0 -1.0479461 -1 -1
node 76 7 -0.06886106 14 15
node -1 0 -0.6400256 -1 -1
node -1 0 -0.05537339 -1 -1
node 18 15 0.10484126 17 24
node 56 25 0.13915226 18 21
node 60 17 0.2489378 19 20
node -1 0 0.21144243 -1 -1
node -1 0 0.97134155 -1 -1
node 36 18 0.015464311 22 23
node -1 0 -0.24783555 -1 -1
node -1 0 0.23557496 -1 -1
node 6 18 -0.32695568 25 28
node 8 27 -0.8222628 26 27
node -1 0 -0.9440171 -1 -1
node -1 0 0.622143 -1 -1
node 46 21 0.08397086 29 30
node -1 0 0.5832727 -1 -1
node -1 0 -0.61977184 -1 -1
tree 23
node 39 2 -0.005399938 1 8
node 79 29 -0.4984814 2 7
node 37 9 -0.6400919 3 6
node 36 10 -0.22881332 4 5
node -1 0 -0.76355547 -1 -1
node -1 0 0.2346099 -1 -1
node -1 0 -1.0393482 -1 -1
node -1 0 0.75817513 -1 -1
node 5 0 0.0036403378 9 16
node 38 12 0.7153944 10 13
node 66 19 -0.35469788 11 12
node -1 0 -0.7109237 -1 -1
node -1 0 0.686085 -1 -1
node 68 7 1.1298985 14 15
node -1 0 -0.047853228 -1 -1
node -1 0 1.6573954 -1 -1
node 45 10 -0.0040152376 17 20
node 79 25 0.10605724 18 19
node -1 0 -0.06589556 -1 -1
node -1 0 0.33165017 -1 -1
node 4 0 -0.04231788 21 22
node -1 0 -1.1216823 -1 -1
node -1 0 -0.030598383 -1 -1
tree 31
node 35 20 0.0113004325 1 16
node 35 8 -0.040188003 2 9
node 35 3 0.07568975 3 6
node 2 24 -0.36300808 4 5
node -1 0 -0.6463692 -1 -1
node -1 0 0.46926004 -1 -1
node 52 5 0.14421384 7 8
node -1 0 0.5957173 -1 -1
node -1 0 0.0642894 -1 -1
node 80 29 -0.10491354 10 13
node 24 15 -0.0495209 11 12
node -1 0 0.011983799 -1 -1
node -1 0 -0.46058086 -1 -1
node 43 5 -0.3885717 14 15
node -1 0 0.006421822 -1 -1
node -1 0 -0.77704364 -1 -1
node 31 18 0.098843396 17 24
node 51 2 0.14437178 18 21
node 78 6 -0.39668182 19 20
node -1 0 1.0454012 -1 -1
node -1 0 -0.6923577 -1 -1
node 52 14 0.17926802 22 23
node -1 0 0.33666384 -1 -1
node -1 0 0.0593693 -1 -1
node 43 1 -0.54681504 25 28
node 72 15 1.0197402 26 27
node -1 0 1.6283056 -1 -1
node -1 0 -0.667968 -1 -1
node 50 15 -0.730196 29 30
node -1 0 -0.85902613 -1 -1
node -1 0 1.4259175 -1 -1
tree 31
node 79 29 -0.001676379 1 16
node 61 2 0.025658857 2 9
node 79 26 -0.12699932 3 6
node 43 8 -0.22786465 4 5
node -1 0 0.0107335 -1 -1
node -1 0 -0.4204239 -1 -1
node 35 5 0.31432715 7 8
node -1 0 -1.2176383 -1 -1
node -1 0 0.39850026 -1 -1
node 76 16 0.06662926 10 13
node 76 15 0.22312817 11 12
node -1 0 0.15809658 -1 -1
node -1 0 0.81390554 -1 -1
node 3 25 0.0086461855 14 15
node -1 0 0.024344867 -1 -1
node -1 0 -0.7041874 -1 -1
node 52 3 -0.27515554 17 24
node 79 30 1.1410809 18 21
node 80 29 -0.22950162 19 20
node -1 0 -0.68682927 -1 -1
node -1 0 0.62304085 -1 -1
node 46 21 2.1081743 22 23
node -1 0 3.0484285 -1 -1
node -1 0 0.5684705 -1 -1
node 80 28 -0.32460412 25 28
node 76 18 0.03145766 26 27
node -1 0 -0.84456927 -1 -1
node -1 0 0.27660817 -1 -1
node 45 12 -0.56402415 29 30
node -1 0 -0.09700233 -1 -1
node -1 0 -0.6573688 -1 -1
tree 31
node 56 10 -0.0078366455 1 16
node 9 13 -0.15385066 2 9
node 27 2 -0.37671924 3 6
node 70 7 0.52920604 4 5
node -1 0 -0.30160323 -1 -1
node -1 0 1.0557714 -1 -1
node 23 18 -0.47298622 7 8
node -1 0 -0.3134348 -1 -1
node -1 0 -0.78368187 -1 -1
node 47 17 0.028652323 10 13
node 43 7 0.27709633 11 12
node -1 0 0.68648285 -1 -1
node -1 0 0.03686021 -1 -1
node 32 4 -0.27782065 14 15
node -1 0 0.89208114 -1 -1
node -1 0 -0.42056867 -1 -1
node 56 13 0.0132894395 17 24
node 63 8 0.396966 18 21
node 1 2 0.055954054 19 20
node -1 0 -1.0509208 -1 -1
node -1 0 0.24303997 -1 -1
node 32 18 0.76031965 22 23
node -1 0 1.5936378 -1 -1
node -1 0 0.2156184 -1 -1
node 56 14 -0.0073328423 25 28
node 75 23 -0.47698206 26 27
node -1 0 -0.836751 -1 -1
node -1 0 -0.026703965 -1 -1
node 38 1 0.0080189565 29 30
node -1 0 -0.43660948 -1 -1
node -1 0 0.018754 -1 -1
tree 31
node 39 2 0.008293343 1 16
node 1 24 -0.53451145 2 9
node 1 0 -0.8259011 3 6
node 64 4 0.29374206 4 5
node -1 0 1.0200858 -1 -1
node -1 0 -0.71953857 -1 -1
node 78 29 -1.0047194 7 8
node -1 0 -1.0669494 -1 -1
node -1 0 -0.35507008 -1 -1
node 39 1 0.45070738 10 13
node 4 1 -0.37968415 11 12
node -1 0 0.21805516 -1 -1
node -1 0 -0.790521 -1 -1
node 40 11 1.6141404 14 15
node -1 0 -0.5373045 -1 -1
node -1 0 2.7329707 -1 -1
node 79 28 0.01719098 17 24
node 1 20 0.050970886 18 21
node 45 4 0.09189153 19 20
node -1 0 -0.43372527 -1 -1
node -1 0 0.10995082 -1 -1
node 79 15 -0.18328975 22 23
node -1 0 0.11120395 -1 -1
node -1 0 -0.32732785 -1 -1
node 80 28 -0.1472416 25 28
node 2 21 0.024860065 26 27
node -1 0 -0.12329801 -1 -1
node -1 0 0.533454 -1 -1
node 59 10 -0.34013394 29 30
node -1 0 -0.012408853 -1 -1
node -1 0 -0.5083267 -1 -1
tree 31
node 40 12 -0.005859893 1 16
node 54 22 -0.082941934 2 9
node 39 14 -0.1622811 3 6
node 76 5 -0.2908564 4 5
node -1 0 0.25438648 -1 -1
node -1 0 -0.35840484 -1 -1
node 60 2 0.049968936 7 8
node -1 0 -0.4530346 -1 -1
node -1 0 0.17582342 -1 -1
node 55 27 0.072466746 10 13
node 79 29 0.2687712 11 12
node -1 0 0.37528604 -1 -1
node -1 0 -0.38780993 -1 -1
node 77 14 -0.28141367 14 15
node -1 0 -0.82970554 -1 -1
node -1 0 -0.044540808 -1 -1
node 23 1 0.04441561 17 24
node 39 17 -0.19696416 18 21
node 42 3 -0.5613701 19 20
node -1 0 0.5935882 -1 -1
node -1 0 -0.7547606 -1 -1
node 47 5 -0.0044094278 22 23
node -1 0 0.4969091 -1 -1
node -1 0 -0.14289273 -1 -1
node 28 2 0.08158954 25 28
node 79 27 0.5150959 26 27
node -1 0 0.7773474 -1 -1
node -1 0 -0.041590735 -1 -1
node 16 22 0.051034175 29 30
node -1 0 0.072363906 -1 -1
node -1 0 -0.3856427 -1 -1
tree 31
node 45 10 -0.00020150073 1 16
node 67 0 0.10592826 2 9
node 4 7 0.4359782 3 6
node 79 12 0.7988557 4 5
node -1 0 -0.6824223 -1 -1
node -1 0 0.9293643 -1 -1
node 9 11 0.13601089 7 8
node -1 0 -0.36166123 -1 -1
node -1 0 0.44983345 -1 -1
node 42 14 -0.010107236 10 13
node 20 3 -0.2571295 11 12
node -1 0 0.21241195 -1 -1
node -1 0 -0.38316512 -1 -1
node 18 10 0.14043465 14 15
node -1 0 0.28914702 -1 -1
node -1 0 -0.30626458 -1 -1
node 45 13 -0.03809901 17 24
node 79 22 -0.2872453 18 21
node 61 10 0.25204203 19 20
node -1 0 -0.26481053 -1 -1
node -1 0 1.1333086 -1 -1
node 80 27 -0.37442118 22 23
node -1 0 -0.21673258 -1 -1
node -1 0 -0.7616294 -1 -1
node 63 16 0.008362528 25 28
node 46 10 -0.060800266 26 27
node -1 0 0.14773954 -1 -1
node -1 0 -0.13472205 -1 -1
node 74 19 0.19255611 29 30
node -1 0 0.31832543 -1 -1
node -1 0 -0.13284083 -1 -1
tree 31
node 10 10 -0.01784961 1 16
node 50 17 -0.09907285 2 9
node 47 7 -0.14654611 3 6
node 39 7 0.045263764 4 5
node -1 0 -0.6404307 -1 -1
node -1 0 0.14696307 -1 -1
node 78 2 -0.20693702 7 8
node -1 0 0.87856936 -1 -1
node -1 0 -0.22324236 -1 -1
node 77 7 0.100597814 10 13
node 44 17 -0.53434455 11 12
node -1 0 -1.1311067 -1 -1
node -1 0 0.015860865 -1 -1
node 63 0 0.229459 14 15
node -1 0 -0.24351682 -1 -1
node -1 0 0.36372322 -1 -1
node 79 26 0.06235067 17 24
node 39 7 -0.040862095 18 21
node 20 15 0.2611889 19 20
node -1 0 -0.12846386 -1 -1
node -1 0 0.83679324 -1 -1
node 24 16 -0.12236357 22 23
node -1 0 -0.039711934 -1 -1
node -1 0 -0.531855 -1 -1
node 79 28 0.18655339 25 28
node 26 12 0.31859726 26 27
node -1 0 0.09465733 -1 -1
node -1 0 0.63192916 -1 -1
node 78 25 -0.0028686158 29 30
node -1 0 1.2009352 -1 -1
node -1 0 -0.10203103 -1 -1
tree 31
node 78 29 -0.0053737313 1 16
node 34 0 -0.03549312 2 9
node 32 21 -0.54220515 3 6
node 35 5 -0.6629456 4 5
node -1 0 0.3221878 -1 -1
node -1 0 -0.7872008 -1 -1
node 35 20 0.23252323 7 8
node -1 0 -0.84567934 -1 -1
node -1 0 1.0887365 -1 -1
node 76 16 -0.025154656 10 13
node 29 0 0.07180211 11 12
node -1 0 1.274737 -1 -1
node -1 0 0.053103883 -1 -1
node 10 11 -0.070961416 14 15
node -1 0 -0.16166474 -1 -1
node -1 0 0.051240835 -1 -1
node 79 28 0.20712487 17 24
node 50 15 0.4214402 18 21
node 35 4 0.61407095 19 20
node -1 0 -0.83546317 -1 -1
node -1 0 0.6906635 -1 -1
node 63 15 -0.12471687 22 23
node -1 0 0.23105966 -1 -1
node -1 0 -0.88971883 -1 -1
node 52 17 0.013416894 25 28
node 2 3 -0.16302064 26 27
node -1 0 -0.8334015 -1 -1
node -1 0 -0.035598245 -1 -1
node 80 29 0.42248985 29 30
node -1 0 0.9449866 -1 -1
node -1 0 -0.3321537 -1 -1
tree 29
node 78 29 -0.006469561 1 16
node 24 23 -0.031785853 2 9
node 28 23 -0.015355134 3 6
node 40 7 -0.02833203 4 5
node -1 0 -0.17915583 -1 -1
node -1 0 0.009646446 -1 -1
node 2 15 0.4558329 7 8
node -1 0 -0.17035216 -1 -1
node -1 0 1.05664 -1 -1
node 9 17 -0.32493985 10 13
node 33 18 0.031865653 11 12
node -1 0 0.2303718 -1 -1
node -1 0 -0.4182788 -1 -1
node 53 1 -0.6234009 14 15
node -1 0 -0.30519438 -1 -1
node -1 0 -0.9557506 -1 -1
node 54 24 0.17336246 17 24
node 46 21 0.28827196 18 21
node 52 17 0.64664954 19 20
node -1 0 0.38165548 -1 -1
node -1 0 1.8127892 -1 -1
node 45 20 0.09241849 22 23
node -1 0 0.49320793 -1 -1
node -1 0 -0.14869714 -1 -1
node 66 15 -0.28021982 25 28
node 74 3 0.0044801245 26 27
node -1 0 -0.47068095 -1 -1
node -1 0 0.7471402 -1 -1
node -1 0 -1.3122519 -1 -1
tree 27
node 35 2 0.020599458 1 12
node 4 19 -0.56048447 2 7
node 79 29 -0.83294314 3 6
node 33 1 -0.9691879 4 5
node -1 0 0.06558457 -1 -1
node -1 0 -1.0198737 -1 -1
node -1 0 0.23232484 -1 -1
node 44 7 0.48055306 8 9
node -1 0 -0.61818236 -1 -1
node 42 6 0.945528 10 11
node -1 0 1.7161496 -1 -1
node -1 0 -0.11160174 -1 -1
node 79 22 0.02822793 13 20
node 36 10 0.19315264 14 17
node 58 0 0.5563205 15 16
node -1 0 0.07645617 -1 -1
node -1 0 0.750157 -1 -1
node 19 12 -0.10606327 18 19
node -1 0 0.14513603 -1 -1
node -1 0 -0.4700878 -1 -1
node 78 24 -0.0040661516 21 24
node 79 26 -0.13626288 22 23
node -1 0 -0.26478618 -1 -1
node -1 0 0.14804623 -1 -1
node 79 27 0.07519369 25 26
node -1 0 0.24044372 -1 -1
node -1 0 -0.05303446 -1 -1
tree 31
node 75 3 -0.009282659 1 16
node 37 12 0.2023166 2 9
node 43 5 -0.105312824 3 6
node 43 1 0.28009933 4 5
node -1 0 -0.3684691 -1 -1
node -1 0 0.56974053 -1 -1
node 78 26 -0.6342195 7 8
node -1 0 -0.3322403 -1 -1
node -1 0 -1.4369112 -1 -1
node 17 15 0.5185743 10 13
node 62 8 0.86375135 11 12
node -1 0 0.19457087 -1 -1
node -1 0 1.4838095 -1 -1
node 4 12 -0.04856513 14 15
node -1 0 0.7273279 -1 -1
node -1 0 -0.511069 -1 -1
node 35 3 -0.028551297 17 24
node 46 19 -0.3860625 18 21
node 46 4 -0.78136665 19 20
node -1 0 0.106608436 -1 -1
node -1 0 -0.94235146 -1 -1
node 78 1 0.07376375 22 23
node -1 0 2.3966112 -1 -1
node -1 0 -0.14642774 -1 -1
node 35 4 -0.018190501 25 28
node 36 19 0.39703923 26 27
node -1 0 0.14170574 -1 -1
node -1 0 1.2037072 -1 -1
node 43 1 -0.029044505 29 30
node -1 0 0.23639615 -1 -1
node -1 0 -0.047656234 -1 -1
tree 31
node 39 13 0.013751874 1 16
node 68 23 -0.06286375 2 9
node 63 18 -0.014344003 3 6
node 49 14 -0.07709872 4 5
node -1 0 -0.15102051 -1 -1
node -1 0 0.1115727 -1 -1
node 40 11 0.32937846 7 8
node -1 0 -0.08210514 -1 -1
node -1 0 0.6868575 -1 -1
node 12 20 -0.47506073 10 13
node 59 12 -0.64185655 11 12
node -1 0 -0.8673265 -1 -1
node -1 0 -0.31648132 -1 -1
node 12 23 -0.047897264 14 15
node -1 0 0.4961698 -1 -1
node -1 0 -0.6549242 -1 -1
node 37 3 0.06903187 17 24
node 15 20 0.4523124 18 21
node 15 10 0.6102713 19 20
node -1 0 0.29777354 -1 -1
node -1 0 1.0130395 -1 -1
node 35 2 -0.57091063 22 23
node -1 0 1.8061991 -1 -1
node -1 0 -0.8414104 -1 -1
node 75 3 0.024611773 25 28
node 6 24 0.41640797 26 27
node -1 0 0.2570558 -1 -1
node -1 0 1.6048441 -1 -1
node 35 9 -0.007962651 29 30
node -1 0 0.22558364 -1 -1
node -1 0 -0.054642715 -1 -1
tree 29
node 78 29 0.021868907 1 14
node 39 2 -0.0074742227 2 7
node 37 9 -0.58660346 3 6
node 45 20 -0.158196 4 5
node -1 0 0.22564496 -1 -1
node -1 0 -0.9440703 -1 -1
node -1 0 -1.0263186 -1 -1
node 34 4 0.0023835197 8 11
node 63 18 -0.19599204 9 10
node -1 0 -0.3136518 -1 -1
node -1 0 0.22948188 -1 -1
node 4 0 0.030616503 12 13
node -1 0 -0.7961697 -1 -1
node -1 0 0.040848542 -1 -1
node 43 13 0.23218949 15 22
node 39 21 0.4135799 16 19
node 46 20 0.29099175 17 18
node -1 0 0.7755635 -1 -1
node -1 0 0.104539126 -1 -1
node 61 6 1.3954028 20 21
node -1 0 -0.23300335 -1 -1
node -1 0 2.053512 -1 -1
node 45 7 -0.065622345 23 26
node 1 16 0.74422526 24 25
node -1 0 1.0934825 -1 -1
node -1 0 -0.31645343 -1 -1
node 46 10 -0.21207952 27 28
node -1 0 0.40317422 -1 -1
node -1 0 -0.38221985 -1 -1
tree 27
node 4 1 -0.00408744 1 16
node 16 13 -0.29133472 2 9
node 19 1 -0.62039936 3 6
node 49 3 -0.008939983 4 5
node -1 0 -0.82934886 -1 -1
node -1 0 0.37853533 -1 -1
node 78 16 -1.1758721 7 8
node -1 0 -0.06933459 -1 -1
node -1 0 -1.2826761 -1 -1
node 54 17 0.25132275 10 13
node 8 25 -0.43867227 11 12
node -1 0 -0.8317788 -1 -1
node -1 0 0.8361701 -1 -1
node 65 17 0.6724519 14 15
node -1 0 0.30300954 -1 -1
node -1 0 1.5468389 -1 -1
node 38 0 0.005731869 17 20
node 30 1 -0.9263377 18 19
node -1 0 0.5426503 -1 -1
node -1 0 -1.0143589 -1 -1
node 1 0 0.010813256 21 24
node 43 8 0.34321192 22 23
node -1 0 0.71122164 -1 -1
node -1 0 -0.063618615 -1 -1
node 34 4 0.0011552132 25 26
node -1 0 -0.21532905 -1 -1
node -1 0 0.026701646 -1 -1
tree 31
node 78 18 -0.012138218 1 16
node 42 5 0.14518254 2 9
node 80 18 0.5538005 3 6
node 44 7 0.30375323 4 5
node -1 0 0.6225125 -1 -1
node -1 0 -0.17424014 -1 -1
node 44 10 1.7356939 7 8
node -1 0 0.34682897 -1 -1
node -1 0 2.7906573 -1 -1
node 17 15 -0.06551404 10 13
node 79 22 0.13934214 11 12
node -1 0 0.3352019 -1 -1
node -1 0 -0.6275524 -1 -1
node 24 1 -0.55343914 14 15
node -1 0 0.6558597 -1 -1
node -1 0 -0.6621709 -1 -1
node 46 10 -0.03388961 17 24
node 43 2 0.10677833 18 21
node 51 11 -0.65580916 19 20
node -1 0 -1.0790876 -1 -1
node -1 0 0.10957865 -1 -1
node 80 21 0.15334176 22 23
node -1 0 -0.2401348 -1 -1
node -1 0 0.23074722 -1 -1
node 79 26 -0.07863452 25 28
node 78 24 -0.19191812 26 27
node -1 0 -0.39124942 -1 -1
node -1 0 0.009911265 -1 -1
node 46 13 0.0051775207 29 30
node -1 0 -0.3405691 -1 -1
node -1 0 0.07135 -1 -1
tree 31
node 36 1 0.015753224 1 16
node 20 22 -0.34653503 2 9
node 79 25 -0.59422296 3 6
node 77 7 -0.94793224 4 5
node -1 0 -0.3238413 -1 -1
node -1 0 -1.095489 -1 -1
node 43 11 -0.20023735 7 8
node -1 0 0.2347181 -1 -1
node -1 0 -0.7583344 -1 -1
node 31 25 0.56080556 10 13
node 28 23 1.1366537 11 12
node -1 0 -0.12653293 -1 -1
node -1 0 2.1052272 -1 -1
node 21 21 -0.6399686 14 15
node -1 0 0.58281493 -1 -1
node -1 0 -0.82724303 -1 -1
node 4 20 0.026497576 17 24
node 21 22 0.040812586 18 21
node 78 18 0.056268338 19 20
node -1 0 0.31837356 -1 -1
node -1 0 0.034484986 -1 -1
node 56 10 -0.36953333 22 23
node -1 0 -0.51664364 -1 -1
node -1 0 0.5867256 -1 -1
node 36 3 -0.19111006 25 28
node 45 17 0.6797779 26 27
node -1 0 1.4502823 -1 -1
node -1 0 -0.14805485 -1 -1
node 7 19 -0.3646188 29 30
node -1 0 -0.70271534 -1 -1
node -1 0 -0.07318712 -1 -1
tree 29
node 1 20 -0.00038067394 1 14
node 45 5 0.029350728 2 9
node 41 11 -0.32472512 3 6
node 67 3 -0.039598987 4 5
node -1 0 0.65636456 -1 -1
node -1 0 -0.49309906 -1 -1
node 52 20 -0.51515007 7 8
node -1 0 -0.67511594 -1 -1
node -1 0 -0.014883644 -1 -1
node 38 0 0.048992828 10 11
node -1 0 -1.0475534 -1 -1
node 79 28 0.054664068 12 13
node -1 0 0.08955707 -1 -1
node -1 0 -0.11108781 -1 -1
node 28 3 -0.16399197 15 22
node 35 3 -0.8622611 16 19
node 52 5 0.54887044 17 18
node -1 0 1.483421 -1 -1
node -1 0 -0.49493948 -1 -1
node 1 21 -0.9715262 20 21
node -1 0 0.082191646 -1 -1
node -1 0 -1.1482687 -1 -1
node 0 18 -0.10272137 23 26
node 1 29 -0.37649426 24 25
node -1 0 -0.42652375 -1 -1
node -1 0 1.1061424 -1 -1
node 21 6 0.118420646 27 28
node -1 0 -1.0104687 -1 -1
node -1 0 0.177299 -1 -1
tree 29
node 79 25 -0.010502598 1 14
node 66 24 -0.098408796 2 9
node 75 9 -0.0740417 3 6
node 75 8 0.13919319 4 5
node -1 0 0.05574871 -1 -1
node -1 0 0.79027593 -1 -1
node 59 3 -0.122978784 7 8
node -1 0 -0.42397842 -1 -1
node -1 0 -0.06135769 -1 -1
node 67 3 -0.48803174 10 11
node -1 0 1.3683755 -1 -1
node 63 10 -0.5361795 12 13
node -1 0 0.014663458 -1 -1
node -1 0 -0.69428164 -1 -1
node 47 7 0.05780648 15 22
node 30 12 0.33977526 16 19
node 80 18 0.49026728 17 18
node -1 0 -0.28838724 -1 -1
node -1 0 0.55641705 -1 -1
node 24 1 -0.11493971 20 21
node -1 0 -0.8876863 -1 -1
node -1 0 0.21882395 -1 -1
node 20 7 0.011340671 23 26
node 0 16 -0.14217702 24 25
node -1 0 -0.112702355 -1 -1
node -1 0 -1.283593 -1 -1
node 75 18 0.13043688 27 28
node -1 0 -0.10117886 -1 -1
node -1 0 0.24841043 -1 -1
tree 27
node 39 2 -0.0014454887 1 12
node 79 28 -0.5035471 2 9
node 58 4 -0.68341595 3 6
node 35 17 -0.14551784 4 5
node -1 0 -0.6969859 -1 -1
node -1 0 0.38864622 -1 -1
node 29 0 -0.95927 7 8
node -1 0 0.16209203 -1 -1
node -1 0 -0.9975527 -1 -1
node 35 20 0.42414322 10 11
node -1 0 -0.48120278 -1 -1
node -1 0 0.8940389 -1 -1
node 29 2 0.0062880064 13 20
node 52 11 -0.18370712 14 17
node 35 4 -0.6344352 15 16
node -1 0 0.70078695 -1 -1
node -1 0 -0.78117996 -1 -1
node 74 5 -0.01928461 18 19
node -1 0 -0.29665142 -1 -1
node -1 0 0.1859253 -1 -1
node 74 1 0.023394428 21 24
node 2 25 -0.07821705 22 23
node -1 0 -0.12339515 -1 -1
node -1 0 0.4438311 -1 -1
node 38 4 0.06886327 25 26
node -1 0 0.24179743 -1 -1
node -1 0 0.018276233 -1 -1
tree 31
node 76 16 0.0021603617 1 16
node 79 29 0.11260216 2 9
node 78 26 0.1466293 3 6
node 46 10 0.047638882 4 5
node -1 0 0.33698818 -1 -1
node -1 0 -0.075319804 -1 -1
node 79 25 0.4167674 7 8
node -1 0 -0.07873845 -1 -1
node -1 0 0.6032484 -1 -1
node 69 12 -0.58186746 10 13
node 1 18 0.17617993 11 12
node -1 0 -0.523094 -1 -1
node -1 0 1.4988455 -1 -1
node 34 16 -0.9620067 14 15
node -1 0 -1.0121475 -1 -1
node -1 0 0.025401043 -1 -1
node 71 4 -0.04286977 17 24
node 8 1 0.04709725 18 21
node 35 9 0.54848945 19 20
node -1 0 1.2704659 -1 -1
node -1 0 0.29060936 -1 -1
node 79 27 0.009297801 22 23
node -1 0 0.09814329 -1 -1
node -1 0 -0.14367698 -1 -1
node 69 5 -0.14545538 25 28
node 34 3 -0.5202213 26 27
node -1 0 0.33180135 -1 -1
node -1 0 -0.6156879 -1 -1
node 1 25 -0.08122035 29 30
node -1 0 -0.05985706 -1 -1
node -1 0 -0.8733616 -1 -1
tree 31
node 21 18 -0.034535505 1 16
node 42 13 -0.015618652 2 9
node 5 4 -0.09146299 3 6
node 52 17 0.22549705 4 5
node -1 0 0.0108763715 -1 -1
node -1 0 0.52893615 -1 -1
node 24 7 -0.15582234 7 8
node -1 0 -0.34463373 -1 -1
node -1 0 -0.029692436 -1 -1
node 79 27 0.057703424 10 13
node 80 25 0.14077084 11 12
node -1 0 0.0033872428 -1 -1
node -1 0 0.40697572 -1 -1
node 34 1 -0.14976719 14 15
node -1 0 0.6201333 -1 -1
node -1 0 -0.2072667 -1 -1
node 43 4 -0.2869542 17 24
node 13 27 0.14175172 18 21
node 30 12 -0.15184996 19 20
node -1 0 0.53974205 -1 -1
node -1 0 -0.38456246 -1 -1
node 1 13 1.028638 22 23
node -1 0 -0.7579732 -1 -1
node -1 0 1.4841869 -1 -1
node 24 3 -0.5163994 25 28
node 41 10 0.37585753 26 27
node -1 0 -0.75674903 -1 -1
node -1 0 0.7784097 -1 -1
node 57 11 -0.63531363 29 30
node -1 0 -0.67165864 -1 -1
node -1 0 0.91027397 -1 -1
tree 31
node 36 5 -0.006052865 1 16
node 78 21 0.09939233 2 9
node 42 4 0.558783 3 6
node 43 1 0.83194643 4 5
node -1 0 0.033658557 -1 -1
node -1 0 1.232907 -1 -1
node 67 4 -0.29860985 7 8
node -1 0 0.70300794 -1 -1
node -1 0 -0.62093073 -1 -1
node 78 28 -0.0038125084 10 13
node 75 19 -0.20522976 11 12
node -1 0 -0.6303063 -1 -1
node -1 0 -0.04414708 -1 -1
node 39 12 0.30671558 14 15
node -1 0 0.10688469 -1 -1
node -1 0 0.8033663 -1 -1
node 59 0 -0.04473462 17 24
node 47 1 -0.41843033 18 21
node 77 17 0.9417547 19 20
node -1 0 -0.27751103 -1 -1
node -1 0 2.070378 -1 -1
node 39 5 -0.5708112 22 23
node -1 0 0.08576854 -1 -1
node -1 0 -0.7892643 -1 -1
node 2 24 -0.022589315 25 28
node 79 27 0.009119874 26 27
node -1 0 0.08416652 -1 -1
node -1 0 -0.15740305 -1 -1
node 75 16 -0.36315823 29 30
node -1 0 -0.6986084 -1 -1
node -1 0 -0.094670534 -1 -1
tree 31
node 47 16 0.004075164 1 16
node 45 6 0.055766292 2 9
node 80 28 -0.15816507 3 6
node 24 0 -0.25088483 4 5
node -1 0 0.49489352 -1 -1
node -1 0 -0.3647211 -1 -1
node 29 1 0.5253527 7 8
node -1 0 -0.71509576 -1 -1
node -1 0 0.71025074 -1 -1
node 79 22 0.10005389 10 13
node 48 4 0.5345146 11 12
node -1 0 -0.16748145 -1 -1
node -1 0 0.74914736 -1 -1
node 41 16 0.0232706 14 15
node -1 0 -0.0927528 -1 -1
node -1 0 0.15168768 -1 -1
node 30 24 -0.049552865 17 24
node 27 24 -0.029846234 18 21
node 29 16 -0.044896264 19 20
node -1 0 -0.015481396 -1 -1
node -1 0 -0.547423 -1 -1
node 45 21 0.6579477 22 23
node -1 0 1.7594523 -1 -1
node -1 0 0.15220998 -1 -1
node 31 17 -0.6001309 25 28
node 72 14 -0.038038265 26 27
node -1 0 -0.67130435 -1 -1
node -1 0 0.93417525 -1 -1
node 48 6 -0.78576726 29 30
node -1 0 0.33889312 -1 -1
node -1 0 -0.88112104 -1 -1
tree 29
node 46 5 -0.004593429 1 16
node 79 22 -0.2732903 2 9
node 11 5 -0.45290598 3 6
node 61 0 0.07370154 4 5
node -1 0 -0.6298009 -1 -1
node -1 0 0.44704348 -1 -1
node 15 1 -0.6458664 7 8
node -1 0 -0.10250425 -1 -1
node -1 0 -0.8497453 -1 -1
node 61 5 0.127509 10 13
node 45 20 0.52410907 11 12
node -1 0 0.7164075 -1 -1
node -1 0 -0.43034008 -1 -1
node 71 15 -0.4245348 14 15
node -1 0 -0.75072104 -1 -1
node -1 0 0.8226652 -1 -1
node 0 0 0.009866081 17 24
node 20 1 -0.78180754 18 21
node 40 17 0.58974123 19 20
node -1 0 -0.63342965 -1 -1
node -1 0 1.4189239 -1 -1
node 79 28 -1.0663952 22 23
node -1 0 -1.3525994 -1 -1
node -1 0 0.19610377 -1 -1
node 38 0 0.018193288 25 26
node -1 0 -1.040119 -1 -1
node 69 13 0.022558203 27 28
node -1 0 0.066216454 -1 -1
node -1 0 -0.05902699 -1 -1
tree 31
node 4 17 0.013911845 1 16
node 53 15 0.042276524 2 9
node 28 0 -0.04638837 3 6
node 76 11 -0.66391635 4 5
node -1 0 1.2757924 -1 -1
node -1 0 -0.92383283 -1 -1
node 8 24 -0.020117192 7 8
node -1 0 -0.044830956 -1 -1
node -1 0 0.61083364 -1 -1
node 78 26 0.09437387 10 13
node 80 26 0.024766983 11 12
node -1 0 0.09360633 -1 -1
node -1 0 -0.3388596 -1 -1
node 79 27 0.21439907 14 15
node -1 0 0.4791513 -1 -1
node -1 0 0.031345397 -1 -1
node 14 13 -0.13990809 17 24
node 55 0 -0.5672981 18 21
node 63 0 0.81150043 19 20
node -1 0 1.4505653 -1 -1
node -1 0 -0.42601064 -1 -1
node 78 30 -0.62481743 22 23
node -1 0 -0.72356445 -1 -1
node -1 0 0.18114765 -1 -1
node 41 4 -0.05491414 25 28
node 30 9 0.19461735 26 27
node -1 0 -0.26456937 -1 -1
node -1 0 0.39821294 -1 -1
node 0 0 -0.211043 29 30
node -1 0 0.68464905 -1 -1
node -1 0 -0.2804072 -1 -1
tree 31
node 34 4 0.0016240474 1 16
node 22 14 -0.15843765 2 9
node 54 17 -0.25568023 3 6
node 9 2 -0.6629041 4 5
node -1 0 0.22070584 -1 -1
node -1 0 -0.89415866 -1 -1
node 47 7 -0.025833206 7 8
node -1 0 0.31409675 -1 -1
node -1 0 -0.20654343 -1 -1
node 77 8 0.1672822 10 13
node 47 18 0.88820124 11 12
node -1 0 -0.5524292 -1 -1
node -1 0 1.3506249 -1 -1
node 22 17 -0.055427495 14 15
node -1 0 0.12802961 -1 -1
node -1 0 -0.91867304 -1 -1
node 39 2 0.02429941 17 24
node 1 24 -0.4934895 18 21
node 79 28 -0.7565988 19 20
node -1 0 -0.93826616 -1 -1
node -1 0 0.29892388 -1 -1
node 60 1 0.27516872 22 23
node -1 0 -0.79719365 -1 -1
node -1 0 0.8754833 -1 -1
node 36 23 0.032416955 25 28
node 79 23 -0.004138607 26 27
node -1 0 0.1890255 -1 -1
node -1 0 -0.04966332 -1 -1
node 42 13 0.17350237 29 30
node -1 0 -0.29931197 -1 -1
node -1 0 0.26220492 -1 -1
tree 31
node 22 18 0.00789525 1 16
node 54 13 0.026087264 2 9
node 36 8 0.2516718 3 6
node 52 5 -0.22205213 4 5
node -1 0 0.21799141 -1 -1
node -1 0 -0.68770444 -1 -1
node 34 5 0.42471775 7 8
node -1 0 -0.22565871 -1 -1
node -1 0 0.50646645 -1 -1
node 78 26 -0.0019609933 10 13
node 49 3 -0.05341316 11 12
node -1 0 -0.30116335 -1 -1
node -1 0 -0.000835036 -1 -1
node 77 13 0.07301142 14 15
node -1 0 0.3106597 -1 -1
node -1 0 0.0002228118 -1 -1
node 37 2 -0.23277876 17 24
node 76 10 0.23179564 18 21
node 48 11 0.4885026 19 20
node -1 0 1.0588591 -1 -1
node -1 0 0.20784342 -1 -1
node 30 15 -0.59982574 22 23
node -1 0 0.51582104 -1 -1
node -1 0 -0.8439896 -1 -1
node 4 6 -0.41811532 25 28
node 79 23 0.067404285 26 27
node -1 0 -0.6805105 -1 -1
node -1 0 0.3871524 -1 -1
node 55 12 -0.58456343 29 30
node -1 0 -0.6701317 -1 -1
node -1 0 0.23959742 -1 -1
tree 31
node 46 10 -0.016097749 1 16
node 34 4 0.092832595 2 9
node 54 20 -0.3634446 3 6
node 27 11 -0.7101446 4 5
node -1 0 -0.96076316 -1 -1
node -1 0 -0.039705597 -1 -1
node 11 4 0.11614152 7 8
node -1 0 0.70425737 -1 -1
node -1 0 -0.4096526 -1 -1
node 77 0 0.15234739 10 13
node 39 6 -0.9992501 11 12
node -1 0 -0.014797498 -1 -1
node -1 0 -1.3424066 -1 -1
node 45 9 0.17839424 14 15
node -1 0 -0.12632592 -1 -1
node -1 0 0.25295788 -1 -1
node 45 10 -0.0545036 17 24
node 78 22 0.0738816 18 21
node 56 22 -0.26635185 19 20
node -1 0 -0.5442239 -1 -1
node -1 0 0.18455304 -1 -1
node 38 7 0.21432544 22 23
node -1 0 -0.24086253 -1 -1
node -1 0 0.32770988 -1 -1
node 38 4 -0.09970209 25 28
node 78 20 0.09660351 26 27
node -1 0 0.7570472 -1 -1
node -1 0 0.018401317 -1 -1
node 45 11 -0.20000328 29 30
node -1 0 -0.74629635 -1 -1
node -1 0 -0.15917416 -1 -1
tree 19
node 36 0 -0.008621751 1 4
node 2 30 -0.87303406 2 3
node -1 0 -0.9564744 -1 -1
node -1 0 0.05390554 -1 -1
node 12 28 -0.004602453 5 12
node 30 10 0.004062115 6 9
node 3 12 -0.04767079 7 8
node -1 0 0.019078085 -1 -1
node -1 0 -0.21193257 -1 -1
node 27 0 0.07245774 10 11
node -1 0 -0.5395184 -1 -1
node -1 0 0.09151612 -1 -1
node 3 1 -0.33608645 13 16
node 5 18 0.7135412 14 15
node -1 0 1.2611321 -1 -1
node -1 0 -0.588756 -1 -1
node 26 8 -0.4497462 17 18
node -1 0 -0.05131424 -1 -1
node -1 0 -0.66570437 -1 -1
tree 31
node 46 10 -0.009395566 1 16
node 38 16 0.089773566 2 9
node 33 1 -0.057013623 3 6
node 52 20 -0.82160264 4 5
node -1 0 -0.9898703 -1 -1
node -1 0 0.67395055 -1 -1
node 52 2 -0.012113862 7 8
node -1 0 0.49577162 -1 -1
node -1 0 -0.073874 -1 -1
node 80 25 0.23833491 10 13
node 76 16 0.057473868 11 12
node -1 0 0.4617735 -1 -1
node -1 0 -0.08686288 -1 -1
node 79 22 0.626957 14 15
node -1 0 -0.6992411 -1 -1
node -1 0 0.7634741 -1 -1
node 78 20 -0.04433725 17 24
node 45 10 0.20396675 18 21
node 80 4 -0.20119515 19 20
node -1 0 0.47854567 -1 -1
node -1 0 -0.38515803 -1 -1
node 49 1 0.4494294 22 23
node -1 0 -0.07741248 -1 -1
node -1 0 0.8479306 -1 -1
node 79 26 -0.08019945 25 28
node 80 25 -0.21342225 26 27
node -1 0 -0.37943718 -1 -1
node -1 0 -0.036146175 -1 -1
node 46 11 0.008840515 29 30
node -1 0 -0.5431228 -1 -1
node -1 0 0.054408252 -1 -1
tree 29
node 39 3 -0.031491894 1 16
node 45 2 -0.33231378 2 9
node 8 15 0.621831 3 6
node 60 3 -0.19303715 4 5
node -1 0 -0.64849114 -1 -1
node -1 0 0.38514477 -1 -1
node 3 21 1.3251709 7 8
node -1 0 1.8498633 -1 -1
node -1 0 -0.39553967 -1 -1
node 46 7 -0.42544553 10 13
node 35 21 -0.21163195 11 12
node -1 0 -0.6050557 -1 -1
node -1 0 0.24559346 -1 -1
node 30 24 -0.9093529 14 15
node -1 0 -1.2097039 -1 -1
node -1 0 0.44697437 -1 -1
node 35 1 -0.022134157 17 22
node 60 18 -0.7629013 18 19
node -1 0 -0.9481447 -1 -1
node 37 16 0.0362977 20 21
node -1 0 0.55769867 -1 -1
node -1 0 -0.54998094 -1 -1
node 50 10 -0.017540127 23 26
node 50 7 0.054116257 24 25
node -1 0 -0.06396096 -1 -1
node -1 0 0.1859162 -1 -1
node 46 20 -0.06272438 27 28
node -1 0 0.027822278 -1 -1
node -1 0 -0.21598944 -1 -1
tree 31
node 79 26 0.004075352 1 16
node 75 18 -0.051748868 2 9
node 80 8 0.07330171 3 6
node 57 14 0.47804618 4 5
node -1 0 0.11863063 -1 -1
node -1 0 1.3774763 -1 -1
node 32 12 0.005459755 7 8
node -1 0 0.16316453 -1 -1
node -1 0 -0.25614363 -1 -1
node 77 15 -0.13159676 10 13
node 3 19 -0.39246294 11 12
node -1 0 -0.30523026 -1 -1
node -1 0 -0.88427925 -1 -1
node 2 3 -0.040898833 14 15
node -1 0 0.287529 -1 -1
node -1 0 -0.120546594 -1 -1
node 60 2 0.07096587 17 24
node 1 5 0.6626233 18 21
node 68 11 -0.15041022 19 20
node -1 0 0.49218956 -1 -1
node -1 0 -0.9069064 -1 -1
node 55 23 0.89704853 22 23
node -1 0 1.3785553 -1 -1
node -1 0 0.21234612 -1 -1
node 42 0 0.050475594 25 28
node 79 29 0.66157556 26 27
node -1 0 0.96972775 -1 -1
node -1 0 -0.19048618 -1 -1
node 29 11 0.030199183 29 30
node -1 0 -0.043093465 -1 -1
node -1 0 0.18594965 -1 -1
tree 31
node 50 10 0.022527518 1 16
node 51 9 0.11295397 2 9
node 61 15 0.006231187 3 6
node 7 17 -0.035232097 4 5
node -1 0 -0.16354468 -1 -1
node -1 0 0.12969486 -1 -1
node 32 9 0.70698625 7 8
node -1 0 -0.20617598 -1 -1
node -1 0 1.3217759 -1 -1
node 39 4 0.2607199 10 13
node 47 17 -0.7013035 11 12
node -1 0 -0.018109081 -1 -1
node -1 0 -1.1648802 -1 -1
node 0 0 0.2971889 14 15
node -1 0 -0.95082897 -1 -1
node -1 0 0.32115304 -1 -1
node 18 15 -0.034931835 17 24
node 28 13 -0.006756793 18 21
node 50 11 -0.029525418 19 20
node -1 0 -0.26427713 -1 -1
node -1 0 0.005256789 -1 -1
node 80 20 0.4023789 22 23
node -1 0 1.0391552 -1 -1
node -1 0 0.12260967 -1 -1
node 49 10 -0.35778335 25 28
node 15 18 0.18987808 26 27
node -1 0 0.38599724 -1 -1
node -1 0 -0.69433445 -1 -1
node 39 17 -0.4870512 29 30
node -1 0 -0.7814144 -1 -1
node -1 0 -0.15742128 -1 -1
tree 31
node 80 29 -0.021476116 1 16
node 78 27 0.0038208773 2 9
node 42 13 -0.03198917 3 6
node 34 23 -0.12280305 4 5
node -1 0 -0.17134583 -1 -1
node -1 0 0.4365734 -1 -1
node 4 18 0.03692113 7 8
node -1 0 0.08138265 -1 -1
node -1 0 -0.36612475 -1 -1
node 41 18 0.16594927 10 13
node 54 25 0.07513664 11 12
node -1 0 0.14938778 -1 -1
node -1 0 -0.6930873 -1 -1
node 3 6 0.4384812 14 15
node -1 0 -0.056451533 -1 -1
node -1 0 0.62141824 -1 -1
node 44 5 -0.18419145 17 24
node 9 14 0.28170598 18 21
node 21 0 0.56805974 19 20
node -1 0 0.062161814 -1 -1
node -1 0 0.89619946 -1 -1
node 72 6 -0.6074378 22 23
node -1 0 -1.0083919 -1 -1
node -1 0 -0.09788788 -1 -1
node 38 6 -0.27606326 25 28
node 9 10 0.050507896 26 27
node -1 0 -0.25031292 -1 -1
node -1 0 0.26774678 -1 -1
node 6 29 -0.50519925 29 30
node -1 0 -0.5358444 -1 -1
node -1 0 1.6482887 -1 -1
tree 31
node 77 0 -0.0020026278 1 16
node 69 17 -0.45340568 2 9
node 12 20 -0.94553554 3 6
node 25 2 -1.1313808 4 5
node -1 0 -0.0036997984 -1 -1
node -1 0 -1.2238321 -1 -1
node 49 9 -0.06332074 7 8
node -1 0 -0.6411341 -1 -1
node -1 0 0.8001327 -1 -1
node 51 14 0.15563636 10 13
node 0 16 -0.3832913 11 12
node -1 0 -1.0535913 -1 -1
node -1 0 0.5466121 -1 -1
node 76 7 0.9322767 14 15
node -1 0 1.4549268 -1 -1
node -1 0 0.20973583 -1 -1
node 8 4 0.0066838698 17 24
node 56 22 -0.09820702 18 21
node 76 0 -0.22754632 19 20
node -1 0 1.187014 -1 -1
node -1 0 -0.25755924 -1 -1
node 60 18 0.07413258 22 23
node -1 0 0.17407043 -1 -1
node -1 0 -0.360751 -1 -1
node 2 7 0.035878204 25 28
node 50 15 0.22047268 26 27
node -1 0 0.38824335 -1 -1
node -1 0 -0.19544959 -1 -1
node 79 26 -0.0010558566 29 30
node -1 0 -0.08247598 -1 -1
node -1 0 0.094320655 -1 -1
tree 31
node 79 26 0.0066996384 1 16
node 75 9 -0.053886604 2 9
node 17 15 0.16211937 3 6
node 18 12 0.45460606 4 5
node -1 0 0.1561454 -1 -1
node -1 0 1.0140731 -1 -1
node 24 1 -0.07413239 7 8
node -1 0 1.3296924 -1 -1
node -1 0 -0.12636225 -1 -1
node 13 14 -0.101755016 10 13
node 65 3 -0.025598582 11 12
node -1 0 0.12617965 -1 -1
node -1 0 -0.12441787 -1 -1
node 34 18 -0.26541477 14 15
node -1 0 -0.3450553 -1 -1
node -1 0 0.26015726 -1 -1
node 49 4 0.07719291 17 24
node 31 18 0.46132934 18 21
node 42 2 0.56251127 19 20
node -1 0 -0.2860027 -1 -1
node -1 0 0.69332516 -1 -1
node 50 7 -0.6694466 22 23
node -1 0 -0.84588194 -1 -1
node -1 0 0.4030146 -1 -1
node 47 7 0.02707347 25 28
node 80 18 0.3871402 26 27
node -1 0 -0.5536737 -1 -1
node -1 0 0.48062518 -1 -1
node 45 12 -0.026730407 29 30
node -1 0 -0.3492073 -1 -1
node -1 0 0.04815933 -1 -1
tree 31
node 47 16 -0.0028540557 1 16
node 7 8 0.060574584 2 9
node 65 0 -0.054065786 3 6
node 3 1 0.21166672 4 5
node -1 0 1.5836508 -1 -1
node -1 0 0.07404819 -1 -1
node 37 6 -0.15742819 7 8
node -1 0 -0.61141115 -1 -1
node -1 0 -0.038644984 -1 -1
node 79 30 0.12880212 10 13
node 65 22 0.11235387 11 12
node -1 0 0.13891813 -1 -1
node -1 0 -0.33824977 -1 -1
node 35 21 0.81317556 14 15
node -1 0 0.13315402 -1 -1
node -1 0 1.9020253 -1 -1
node 72 1 -0.067679875 17 24
node 74 1 -0.2147169 18 21
node 32 22 -0.30700502 19 20
node -1 0 -0.36276823 -1 -1
node -1 0 0.26080552 -1 -1
node 50 8 0.15009047 22 23
node -1 0 -0.5160684 -1 -1
node -1 0 0.38075542 -1 -1
node 45 21 -0.0068921475 25 28
node 65 13 -0.24428095 26 27
node -1 0 -0.026258176 -1 -1
node -1 0 -0.52186465 -1 -1
node 75 17 0.0702628 29 30
node -1 0 -0.13002567 -1 -1
node -1 0 0.15669972 -1 -1
tree 25
node 46 5 0.012825565 1 16
node 11 0 -0.21364658 2 9
node 57 17 0.82506144 3 6
node 60 5 0.05221715 4 5
node -1 0 0.59579694 -1 -1
node -1 0 -0.44959465 -1 -1
node 32 10 1.858618 7 8
node -1 0 -0.2985524 -1 -1
node -1 0 2.3953896 -1 -1
node 4 21 -0.2746569 10 13
node 79 24 -0.39579794 11 12
node -1 0 -0.5655608 -1 -1
node -1 0 0.056215852 -1 -1
node 76 17 0.22593093 14 15
node -1 0 -0.3607642 -1 -1
node -1 0 1.1623906 -1 -1
node 38 0 0.025143592 17 18
node -1 0 -1.026288 -1 -1
node 79 22 0.02903511 19 22
node 41 4 0.18088953 20 21
node -1 0 0.5146168 -1 -1
node -1 0 -0.005563963 -1 -1
node 0 0 0.0033368443 23 24
node -1 0 -1.024526 -1 -1
node -1 0 0.01220228 -1 -1
tree 29
node 41 7 0.017007176 1 14
node 60 18 0.10214893 2 9
node 35 14 0.13226984 3 6
node 61 15 0.035420895 4 5
node -1 0 -0.00026616335 -1 -1
node -1 0 0.8141426 -1 -1
node 55 18 0.38655084 7 8
node -1 0 0.8028596 -1 -1
node -1 0 0.13481168 -1 -1
node 36 9 -0.83398765 10 13
node 29 1 -1.0358236 11 12
node -1 0 0.30778784 -1 -1
node -1 0 -1.1695205 -1 -1
node -1 0 0.21843344 -1 -1
node 51 0 -0.025941942 15 22
node 39 3 -0.41724902 16 19
node 13 24 0.8170915 17 18
node -1 0 1.7548828 -1 -1
node -1 0 -0.7236929 -1 -1
node 0 1 -0.5506877 20 21
node -1 0 0.22963837 -1 -1
node -1 0 -0.65804154 -1 -1
node 76 1 -0.004188134 23 26
node 24 3 0.560053 24 25
node -1 0 1.9607311 -1 -1
node -1 0 0.20713371 -1 -1
node 5 23 -0.023372246 27 28
node -1 0 -0.0124162985 -1 -1
node -1 0 -0.69723564 -1 -1
tree 29
node 39 2 0.01278231 1 14
node 56 1 -0.4759262 2 9
node 74 2 0.76353997 3 6
node 2 6 -0.46907258 4 5
node -1 0 0.09585301 -1 -1
node -1 0 -0.6200639 -1 -1
node 37 2 1.4682349 7 8
node -1 0 -0.42587203 -1 -1
node -1 0 2.0235715 -1 -1
node 79 26 -0.7436041 10 11
node -1 0 -0.99262315 -1 -1
node 47 16 -0.25854596 12 13
node -1 0 0.39387518 -1 -1
node -1 0 -1.0266516 -1 -1
node 41 4 0.019832289 15 22
node 30 3 0.12482281 16 19
node 78 21 -0.3026154 17 18
node -1 0 0.4570923 -1 -1
node -1 0 -0.5548841 -1 -1
node 38 6 0.19224826 20 21
node -1 0 0.26736262 -1 -1
node -1 0 -0.20822243 -1 -1
node 23 20 -0.013526772 23 26
node 46 10 0.0056532286 24 25
node -1 0 0.1292122 -1 -1
node -1 0 -0.04634602 -1 -1
node 54 10 -0.4093425 27 28
node -1 0 -0.5566788 -1 -1
node -1 0 0.47086284 -1 -1
tree 29
node 68 13 0.021393076 1 14
node 77 0 0.06306419 2 7
node 58 11 -0.8988555 3 6
node 60 7 -0.07290161 4 5
node -1 0 -0.8453266 -1 -1
node -1 0 0.7849669 -1 -1
node -1 0 -1.3241001 -1 -1
node 76 13 0.07215918 8 11
node 56 6 0.31134245 9 10
node -1 0 -0.40674692 -1 -1
node -1 0 0.4526837 -1 -1
node 55 5 0.0313444 12 13
node -1 0 0.47956127 -1 -1
node -1 0 0.011830666 -1 -1
node 69 16 -0.06337231 15 22
node 51 11 -0.36618823 16 19
node 76 18 -0.026329696 17 18
node -1 0 -0.36988103 -1 -1
node -1 0 0.45653084 -1 -1
node 67 16 -0.6934135 20 21
node -1 0 -1.0193424 -1 -1
node -1 0 -0.19257097 -1 -1
node 79 29 0.0026173606 23 26
node 32 17 0.044094678 24 25
node -1 0 0.09616732 -1 -1
node -1 0 -0.30334768 -1 -1
node 51 3 -0.46079797 27 28
node -1 0 1.226403 -1 -1
node -1 0 -0.5664794 -1 -1
tree 31
node 59 0 0.0008871764 1 16
node 47 1 -0.21502689 2 9
node 19 10 0.74998087 3 6
node 79 0 0.28979218 4 5
node -1 0 1.2696517 -1 -1
node -1 0 -0.3823413 -1 -1
node 19 12 2.7544887 7 8
node -1 0 3.810289 -1 -1
node -1 0 -0.3506917 -1 -1
node 39 7 -0.3128651 10 13
node 45 12 0.11240861 11 12
node -1 0 -0.6090057 -1 -1
node -1 0 0.4106723 -1 -1
node 79 26 -0.59728414 14 15
node -1 0 -0.6947569 -1 -1
node -1 0 0.55635506 -1 -1
node 76 3 0.016574886 17 24
node 54 25 0.26483637 18 21
node 12 21 0.4616713 19 20
node -1 0 0.6589649 -1 -1
node -1 0 -0.45429257 -1 -1
node 79 25 -0.51508087 22 23
node -1 0 0.19595727 -1 -1
node -1 0 -0.8827662 -1 -1
node 33 8 0.002657845 25 28
node 51 0 0.06659438 26 27
node -1 0 -0.5830092 -1 -1
node -1 0 0.08395525 -1 -1
node 0 13 -0.06142341 29 30
node -1 0 -0.2418944 -1 -1
node -1 0 0.053992257 -1 -1
tree 31
node 74 2 0.0072646863 1 16
node 79 25 -0.07314415 2 9
node 73 5 -0.19322732 3 6
node 5 8 -0.2891041 4 5
node -1 0 -0.024029827 -1 -1
node -1 0 -0.43403098 -1 -1
node 73 6 0.4285196 7 8
node -1 0 1.8768542 -1 -1
node -1 0 0.02177424 -1 -1
node 79 27 0.020132864 10 13
node 72 0 0.22851588 11 12
node -1 0 0.44903934 -1 -1
node -1 0 -0.237454 -1 -1
node 62 6 -0.12879087 14 15
node -1 0 -0.26434433 -1 -1
node -1 0 0.44133902 -1 -1
node 39 3 0.045100287 17 24
node 2 22 -0.48624054 18 21
node 11 0 -0.8504254 19 20
node -1 0 0.34846175 -1 -1
node -1 0 -0.9031797 -1 -1
node 66 12 0.22038709 22 23
node -1 0 -0.40307248 -1 -1
node -1 0 1.1160936 -1 -1
node 26 23 0.0571391 25 28
node 36 1 0.03988521 26 27
node -1 0 -0.6311914 -1 -1
node -1 0 0.054022085 -1 -1
node 40 15 0.47864017 29 30
node -1 0 0.7162894 -1 -1
node -1 0 -0.36129576 -1 -1
tree 31
node 40 11 0.01357018 1 16
node 39 13 -0.058236256 2 9
node 39 8 -0.17330208 3 6
node 75 4 -0.01637495 4 5
node -1 0 -0.56087595 -1 -1
node -1 0 0.048601348 -1 -1
node 76 2 -0.3697395 7 8
node -1 0 0.7067309 -1 -1
node -1 0 -0.43306437 -1 -1
node 60 18 0.07774197 10 13
node 45 4 0.13149242 11 12
node -1 0 -0.6078972 -1 -1
node -1 0 0.18007268 -1 -1
node 45 10 -0.5382574 14 15
node -1 0 -0.18323806 -1 -1
node -1 0 -1.4830718 -1 -1
node 42 3 0.055237442 17 24
node 79 27 0.3919587 18 21
node 57 14 0.19155224 19 20
node -1 0 0.5645428 -1 -1
node -1 0 -0.20511378 -1 -1
node 35 10 0.8802798 22 23
node -1 0 -0.06002829 -1 -1
node -1 0 1.1122618 -1 -1
node 75 4 0.00874898 25 28
node 37 12 0.34346965 26 27
node -1 0 -0.36609578 -1 -1
node -1 0 0.5549835 -1 -1
node 43 16 -0.023131536 29 30
node -1 0 -0.14599973 -1 -1
node -1 0 0.06397752 -1 -1
