gbdt 1
bias -1.1474622
shrink 0.08
threshold 0.32500005
features 81
bins 0 30 0.468 0.534 0.581 0.618 0.627 0.632 0.643 0.654 0.667 0.677 0.688 0.699 0.71 0.722 0.734 0.745 0.749 0.773 0.823 0.933 1.115 1.396 1.721 2.122 2.635 3.225 3.979 4.834 5.98 6
bins 1 31 0.336 0.358 0.362 0.364 0.368 0.373 0.377 0.382 0.388 0.391 0.396 0.4 0.405 0.409 0.414 0.418 0.423 0.428 0.431 0.433 0.441 0.455 0.484 0.55 0.639 0.777 0.958 1.367 2.531 4.489 6
bins 2 31 0.294 0.311 0.313 0.315 0.319 0.323 0.326 0.33 0.334 0.338 0.341 0.344 0.347 0.351 0.354 0.357 0.36 0.363 0.366 0.37 0.373 0.374 0.375 0.382 0.391 0.406 0.43 0.49 0.673 1.13 4.63
bins 3 31 0.337 0.357 0.362 0.364 0.368 0.373 0.377 0.382 0.387 0.391 0.396 0.4 0.405 0.409 0.414 0.418 0.423 0.428 0.431 0.433 0.441 0.455 0.484 0.55 0.655 0.805 1.009 1.452 2.657 4.592 6
bins 4 30 0.47 0.535 0.582 0.618 0.627 0.632 0.642 0.652 0.665 0.675 0.686 0.697 0.708 0.72 0.731 0.744 0.749 0.768 0.82 0.938 1.132 1.38 1.704 2.126 2.636 3.276 3.988 4.804 5.99 6
bins 5 29 0.49 0.561 0.606 0.626 0.631 0.643 0.655 0.669 0.679 0.691 0.703 0.715 0.727 0.741 0.749 0.766 0.808 0.869 0.997 1.187 1.415 1.655 1.98 2.414 2.929 3.545 4.338 5.215 6
bins 6 31 0.345 0.361 0.363 0.366 0.372 0.377 0.382 0.388 0.392 0.397 0.402 0.407 0.411 0.416 0.421 0.426 0.431 0.433 0.443 0.458 0.484 0.542 0.624 0.722 0.849 0.975 1.246 1.903 3.252 5.374 6
bins 7 31 0.3 0.313 0.315 0.318 0.322 0.326 0.331 0.335 0.338 0.342 0.346 0.35 0.353 0.356 0.359 0.363 0.366 0.37 0.373 0.375 0.38 0.388 0.399 0.418 0.45 0.525 0.68 0.812 1.098 2.38 6
bins 8 31 0.344 0.361 0.363 0.366 0.372 0.377 0.383 0.388 0.393 0.398 0.402 0.407 0.412 0.417 0.421 0.427 0.431 0.433 0.445 0.461 0.487 0.549 0.645 0.752 0.869 1.001 1.29 1.989 3.445 5.426 6
bins 9 29 0.491 0.558 0.605 0.626 0.631 0.642 0.654 0.667 0.678 0.69 0.702 0.714 0.725 0.739 0.748 0.763 0.799 0.864 0.992 1.178 1.391 1.623 1.953 2.388 2.943 3.61 4.335 5.171 6
bins 10 28 0.485 0.559 0.608 0.627 0.636 0.651 0.667 0.68 0.695 0.709 0.724 0.741 0.75 0.792 0.88 1.024 1.141 1.246 1.397 1.617 1.86 2.177 2.588 3.104 3.711 4.427 5.239 6
bins 11 30 0.336 0.36 0.363 0.368 0.375 0.381 0.388 0.393 0.399 0.405 0.411 0.417 0.423 0.43 0.433 0.448 0.481 0.557 0.624 0.679 0.732 0.816 0.924 1.042 1.253 1.621 2.46 3.675 5.286 6
bins 12 30 0.294 0.312 0.315 0.319 0.324 0.329 0.334 0.338 0.343 0.348 0.352 0.356 0.361 0.365 0.369 0.373 0.376 0.386 0.402 0.439 0.518 0.582 0.629 0.703 0.812 0.931 1.199 1.759 3.334 6
bins 13 30 0.338 0.36 0.363 0.368 0.375 0.381 0.388 0.393 0.399 0.405 0.411 0.417 0.424 0.43 0.433 0.45 0.482 0.557 0.629 0.682 0.741 0.831 0.937 1.078 1.307 1.71 2.651 3.84 5.341 6
bins 14 28 0.485 0.557 0.608 0.627 0.635 0.649 0.665 0.678 0.692 0.707 0.722 0.739 0.749 0.785 0.869 1.012 1.129 1.227 1.361 1.577 1.793 2.128 2.558 3.085 3.68 4.386 5.16 6
bins 15 25 0.497 0.576 0.625 0.634 0.652 0.674 0.694 0.714 0.732 0.749 0.804 0.919 1.084 1.263 1.404 1.526 1.769 2.034 2.345 2.751 3.229 3.866 4.527 5.231 6
bins 16 27 0.341 0.362 0.367 0.375 0.384 0.393 0.403 0.411 0.419 0.428 0.433 0.459 0.534 0.638 0.735 0.81 0.866 0.993 1.15 1.359 1.6 2.027 2.731 3.597 4.692 5.763 6
bins 17 27 0.297 0.313 0.318 0.325 0.332 0.339 0.346 0.353 0.359 0.365 0.372 0.375 0.391 0.427 0.523 0.648 0.707 0.753 0.877 1.02 1.235 1.513 1.985 2.793 3.899 5.161 6
bins 18 27 0.343 0.362 0.367 0.376 0.385 0.394 0.403 0.411 0.419 0.429 0.434 0.463 0.541 0.645 0.749 0.813 0.871 1.003 1.165 1.367 1.646 2.055 2.841 3.655 4.634 5.675 6
bins 19 26 0.496 0.575 0.625 0.633 0.651 0.672 0.692 0.712 0.731 0.748 0.795 0.91 1.075 1.25 1.382 1.5 1.74 2.023 2.34 2.74 3.238 3.8 4.441 5.112 5.92 6
bins 20 25 0.483 0.574 0.625 0.635 0.656 0.68 0.703 0.724 0.746 0.782 0.888 1.065 1.263 1.405 1.527 1.762 2.032 2.363 2.728 3.183 3.771 4.42 5.099 5.887 6
bins 21 26 0.337 0.362 0.368 0.377 0.388 0.398 0.408 0.416 0.426 0.433 0.458 0.541 0.659 0.784 0.849 0.931 1.076 1.265 1.497 1.8 2.301 2.962 3.717 4.698 5.705 6
bins 22 26 0.294 0.313 0.319 0.326 0.335 0.343 0.351 0.358 0.364 0.372 0.375 0.395 0.442 0.591 0.689 0.749 0.844 0.984 1.194 1.435 1.792 2.401 3.148 4.097 5.277 6
bins 23 26 0.339 0.362 0.368 0.377 0.388 0.398 0.407 0.416 0.426 0.433 0.458 0.534 0.659 0.778 0.841 0.917 1.062 1.253 1.486 1.783 2.285 3.029 3.791 4.667 5.623 6
bins 24 25 0.478 0.568 0.625 0.634 0.655 0.678 0.7 0.722 0.745 0.771 0.872 1.047 1.234 1.379 1.5 1.718 1.982 2.316 2.708 3.165 3.734 4.352 4.97 5.688 6
bins 25 25 0.444 0.542 0.613 0.63 0.648 0.671 0.695 0.717 0.739 0.758 0.85 0.992 1.096 1.204 1.419 1.666 1.975 2.308 2.672 3.121 3.706 4.36 5.002 5.756 6
bins 26 26 0.317 0.361 0.365 0.374 0.384 0.395 0.405 0.414 0.424 0.432 0.447 0.506 0.593 0.645 0.72 0.866 1.04 1.245 1.473 1.774 2.271 2.939 3.682 4.625 5.581 6
bins 27 26 0.282 0.313 0.317 0.325 0.332 0.341 0.349 0.356 0.363 0.37 0.374 0.388 0.425 0.501 0.555 0.617 0.765 0.965 1.179 1.436 1.794 2.375 3.1 4.038 5.141 6
bins 28 26 0.318 0.361 0.365 0.375 0.384 0.395 0.405 0.414 0.424 0.432 0.448 0.5 0.584 0.641 0.71 0.858 1.035 1.239 1.477 1.785 2.281 3.007 3.732 4.617 5.579 6
bins 29 25 0.445 0.538 0.611 0.629 0.647 0.67 0.693 0.715 0.737 0.751 0.835 0.988 1.09 1.198 1.388 1.645 1.953 2.297 2.698 3.162 3.73 4.354 4.955 5.641 6
bins 30 26 0.16 0.302 0.453 0.541 0.607 0.627 0.637 0.655 0.679 0.701 0.722 0.744 0.75 0.83 0.976 1.156 1.385 1.667 1.985 2.325 2.723 3.253 3.931 4.659 5.385 6
bins 31 27 0.162 0.303 0.357 0.362 0.367 0.376 0.387 0.397 0.407 0.416 0.426 0.432 0.442 0.492 0.609 0.759 0.915 1.078 1.271 1.525 1.873 2.383 3.082 3.894 4.943 5.925 6
bins 32 27 0.215 0.299 0.313 0.316 0.323 0.331 0.34 0.349 0.356 0.363 0.37 0.374 0.381 0.409 0.477 0.66 0.854 1.007 1.219 1.48 1.821 2.374 3.049 3.899 4.874 5.964 6
bins 33 27 0.153 0.3 0.354 0.362 0.367 0.376 0.386 0.396 0.406 0.415 0.426 0.432 0.441 0.484 0.591 0.74 0.901 1.067 1.271 1.537 1.888 2.444 3.168 3.989 4.934 5.887 6
bins 34 26 0.157 0.297 0.448 0.535 0.603 0.626 0.634 0.653 0.676 0.699 0.719 0.742 0.749 0.809 0.956 1.155 1.371 1.663 1.982 2.349 2.777 3.28 3.942 4.65 5.327 6
bins 35 23 0.623 0.862 1.127 1.348 1.563 1.775 1.988 2.194 2.33 2.46 2.657 2.885 3.082 3.3 3.517 3.753 4.009 4.297 4.62 4.922 5.271 5.64 6
bins 36 25 0.865 1.093 1.281 1.351 1.438 1.612 1.778 1.941 2.079 2.247 2.41 2.589 2.793 2.948 3.143 3.399 3.611 3.893 4.148 4.46 4.767 4.935 5.303 5.692 6
bins 37 24 0.859 1.1 1.165 1.232 1.419 1.585 1.742 1.896 2.077 2.219 2.423 2.583 2.74 2.974 3.225 3.465 3.694 4.072 4.185 4.42 4.779 5.173 5.664 6
bins 38 25 0.843 1.08 1.276 1.348 1.429 1.607 1.776 1.927 2.075 2.24 2.407 2.582 2.793 2.963 3.145 3.413 3.642 3.929 4.184 4.476 4.769 4.948 5.294 5.697 6
bins 39 23 0.651 0.873 1.12 1.352 1.58 1.785 2.001 2.208 2.339 2.47 2.675 2.887 3.089 3.307 3.511 3.743 3.992 4.262 4.571 4.892 5.207 5.553 6
bins 40 19 0.776 1.115 1.438 1.725 2.004 2.251 2.458 2.733 2.987 3.173 3.433 3.692 3.998 4.329 4.665 5.005 5.36 5.766 6
bins 41 20 1.003 1.298 1.449 1.684 1.803 2.001 2.184 2.42 2.654 2.942 3.223 3.508 3.806 4.114 4.476 4.786 5.06 5.303 5.649 6
bins 42 19 1.085 1.206 1.472 1.574 1.784 1.995 2.235 2.514 2.733 3.029 3.376 3.661 4.058 4.211 4.503 4.78 5.201 5.646 6
bins 43 20 1.001 1.294 1.433 1.666 1.802 1.997 2.184 2.415 2.653 2.926 3.2 3.512 3.815 4.126 4.472 4.784 5.046 5.286 5.666 6
bins 44 19 0.802 1.143 1.474 1.754 2.05 2.289 2.502 2.767 3 3.186 3.453 3.706 3.993 4.326 4.662 5.022 5.351 5.768 6
bins 45 23 0.468 0.596 0.72 0.882 1.013 1.202 1.384 1.557 1.747 1.964 2.178 2.405 2.647 2.918 3.177 3.449 3.744 4.052 4.4 4.801 5.214 5.674 6
bins 46 23 0.468 0.613 0.722 0.873 0.995 1.161 1.321 1.502 1.716 1.923 2.136 2.352 2.589 2.845 3.119 3.422 3.717 4.01 4.362 4.76 5.177 5.649 6
bins 47 20 0.484 0.689 0.885 1.089 1.296 1.528 1.77 2.054 2.322 2.591 2.899 3.224 3.536 3.883 4.222 4.606 5.056 5.508 5.981 6
bins 48 20 0.491 0.704 0.888 1.059 1.269 1.503 1.762 2.018 2.271 2.563 2.871 3.183 3.521 3.868 4.231 4.609 5.048 5.534 5.992 6
bins 49 18 0 0.169 0.506 0.675 0.834 0.966 1.069 1.434 1.941 2.1 2.259 2.428 2.466 2.494 2.719 2.934 2.991 3.778
bins 50 19 0 0.263 0.525 0.694 0.844 0.956 1.031 1.313 1.884 2.063 2.184 2.353 2.438 2.484 2.559 2.747 2.944 3.084 3.9
bins 51 20 0 0.394 0.591 0.713 0.853 0.947 1.013 1.172 1.706 1.988 2.109 2.259 2.419 2.447 2.494 2.653 2.822 2.963 3.197 3.9
bins 52 22 0 0.347 0.544 0.675 0.797 0.891 0.966 1.013 1.153 1.556 1.931 2.063 2.184 2.344 2.438 2.466 2.494 2.7 2.906 2.972 3.328 3.9
bins 53 25 0 0.281 0.497 0.638 0.722 0.825 0.909 0.966 1.003 1.088 1.284 1.744 1.941 2.063 2.184 2.316 2.428 2.447 2.484 2.578 2.747 2.934 2.981 3.441 3.9
bins 54 28 0 0.375 0.497 0.619 0.694 0.778 0.853 0.919 0.956 0.994 1.031 1.134 1.322 1.734 1.931 2.053 2.119 2.269 2.4 2.438 2.475 2.494 2.681 2.813 2.944 2.991 3.534 3.9
bins 55 30 0 0.384 0.488 0.609 0.675 0.75 0.825 0.881 0.928 0.966 0.994 1.031 1.106 1.238 1.491 1.884 1.969 2.072 2.213 2.325 2.428 2.447 2.484 2.522 2.7 2.859 2.953 3 3.6 3.9
bins 56 28 0 0.384 0.497 0.619 0.694 0.769 0.853 0.919 0.956 0.994 1.031 1.125 1.294 1.706 1.922 2.044 2.119 2.269 2.391 2.438 2.475 2.494 2.681 2.813 2.944 2.991 3.534 3.9
bins 57 25 0 0.338 0.488 0.628 0.713 0.816 0.9 0.956 0.994 1.078 1.209 1.669 1.931 2.063 2.184 2.306 2.428 2.456 2.484 2.559 2.747 2.934 2.981 3.431 3.9
bins 58 22 0 0.375 0.534 0.675 0.778 0.881 0.956 1.013 1.144 1.453 1.922 2.063 2.194 2.344 2.428 2.466 2.494 2.691 2.888 2.972 3.281 3.9
bins 59 20 0 0.384 0.572 0.703 0.834 0.947 1.003 1.153 1.622 1.95 2.1 2.25 2.419 2.447 2.494 2.634 2.794 2.963 3.188 3.9
bins 60 19 0 0.206 0.497 0.666 0.816 0.938 1.003 1.2 1.791 2.034 2.175 2.316 2.438 2.475 2.522 2.747 2.934 3 3.778
bins 61 17 0 0.459 0.647 0.806 0.938 1.022 1.35 1.913 2.072 2.25 2.419 2.466 2.494 2.719 2.934 2.991 3.741
bins 62 22 0 0.087 0.197 0.25 0.298 0.436 0.543 0.704 0.81 1 1.189 1.456 1.725 2.098 2.445 2.889 3.363 3.796 4.195 4.613 5.006 5.395
bins 63 23 0 0.026 0.164 0.25 0.278 0.391 0.501 0.642 0.757 0.946 1.082 1.307 1.569 1.936 2.265 2.656 3.127 3.567 3.965 4.311 4.699 5.058 5.412
bins 64 23 0 0.143 0.25 0.261 0.37 0.499 0.625 0.75 0.907 1.055 1.265 1.511 1.83 2.214 2.523 2.996 3.42 3.778 4.146 4.478 4.793 5.116 5.426
bins 65 24 0 0.146 0.25 0.26 0.38 0.5 0.627 0.75 0.907 1.048 1.263 1.528 1.826 2.186 2.48 2.85 3.268 3.682 3.979 4.287 4.598 4.9 5.19 5.453
bins 66 26 0 0.053 0.177 0.25 0.279 0.424 0.531 0.692 0.775 0.962 1.098 1.325 1.58 1.861 2.199 2.489 2.835 3.236 3.576 3.918 4.208 4.5 4.752 5.001 5.248 5.464
bins 67 27 0 0.083 0.2 0.25 0.295 0.455 0.569 0.75 0.839 1 1.169 1.401 1.613 1.929 2.233 2.5 2.837 3.208 3.523 3.843 4.122 4.38 4.662 4.902 5.123 5.303 5.487
bins 68 27 0 0.167 0.25 0.278 0.454 0.552 0.742 0.81 1 1.142 1.366 1.59 1.865 2.174 2.445 2.738 3.088 3.432 3.736 4.011 4.28 4.55 4.785 5.001 5.219 5.365 5.5
bins 69 27 0 0.1 0.214 0.25 0.307 0.462 0.574 0.75 0.83 1 1.15 1.387 1.612 1.938 2.237 2.505 2.843 3.214 3.548 3.863 4.155 4.42 4.684 4.924 5.14 5.311 5.491
bins 70 26 0 0.094 0.2 0.25 0.288 0.442 0.53 0.694 0.776 0.958 1.087 1.302 1.546 1.846 2.2 2.478 2.848 3.245 3.587 3.911 4.223 4.503 4.783 5.023 5.259 5.473
bins 71 24 0 0.164 0.25 0.26 0.365 0.499 0.624 0.75 0.903 1.05 1.253 1.501 1.811 2.166 2.466 2.861 3.275 3.686 3.981 4.309 4.607 4.909 5.21 5.446
bins 72 23 0 0.142 0.25 0.255 0.353 0.491 0.611 0.75 0.901 1.034 1.25 1.5 1.82 2.185 2.492 2.925 3.366 3.749 4.146 4.459 4.783 5.113 5.419
bins 73 22 0 0.141 0.25 0.259 0.357 0.498 0.619 0.75 0.911 1.047 1.261 1.525 1.884 2.25 2.612 3.092 3.516 3.932 4.3 4.683 5.021 5.395
bins 74 22 0 0.073 0.176 0.25 0.279 0.396 0.507 0.664 0.788 0.994 1.143 1.391 1.665 2.039 2.425 2.851 3.356 3.786 4.209 4.576 4.985 5.345
bins 75 25 -1.334 -1.175 -1.084 -1.009 -0.968 -0.926 -0.86 -0.797 -0.719 -0.657 -0.56 -0.471 -0.401 -0.108 0 0.004 0.014 0.032 0.039 0.055 0.062 0.104 0.26 0.718 5
bins 76 21 -1.168 -1.022 -0.952 -0.853 -0.742 -0.635 -0.394 -0.031 0.001 0.002 0.01 0.022 0.034 0.044 0.054 0.061 0.064 0.173 0.56 1.45 5
bins 77 19 -1.053 -0.936 -0.697 -0.395 -0.019 0.001 0.002 0.006 0.012 0.032 0.037 0.049 0.057 0.062 0.068 0.25 0.969 2.555 5
bins 78 31 0.225 0.313 0.375 0.4 0.442 0.5 0.576 0.688 0.75 0.85 0.938 1.018 1.153 1.253 1.388 1.563 1.75 1.939 2.188 2.354 2.585 2.813 3.126 3.5 4.125 4.705 5.444 6.438 7.504 9.813 12.065
bins 79 31 0.095 0.105 0.11 0.113 0.115 0.119 0.123 0.125 0.126 0.13 0.135 0.141 0.156 0.182 0.344 0.357 0.375 0.379 0.398 0.552 0.609 0.627 0.677 0.863 0.905 1.125 1.346 1.604 1.909 2.594 3.625
bins 80 31 0.225 0.313 0.354 0.38 0.419 0.451 0.5 0.563 0.637 0.699 0.783 0.875 0.938 1.017 1.149 1.256 1.414 1.564 1.75 1.994 2.188 2.375 2.626 2.876 3.25 3.626 4.243 4.938 5.563 6.313 7.751
trees 150
tree 31
node 27 22 0.0042171306 1 16
node 77 13 -0.4395589 2 9
node 78 8 0.113624156 3 6
node 19 21 -0.6285151 4 5
node -1 0 -0.91376525 -1 -1
node -1 0 -0.19494003 -1 -1
node 62 1 0.44184119 7 8
node -1 0 1.1756555 -1 -1
node -1 0 0.17816041 -1 -1
node 46 17 -0.73777986 10 13
node 15 20 -0.9487406 11 12
node -1 0 -1.0164037 -1 -1
node -1 0 -0.3464403 -1 -1
node 37 4 -0.44131413 14 15
node -1 0 0.0060026003 -1 -1
node -1 0 -0.61351275 -1 -1
node 54 4 1.1637398 17 24
node 11 24 -0.087085694 18 21
node 78 11 0.79340386 19 20
node -1 0 -0.31618714 -1 -1
node -1 0 2.230281 -1 -1
node 13 25 -0.83660245 22 23
node -1 0 -0.31390506 -1 -1
node -1 0 -0.9816802 -1 -1
node 78 10 2.0088003 25 28
node 56 5 0.46382147 26 27
node -1 0 -0.43585506 -1 -1
node -1 0 1.1643164 -1 -1
node 22 21 2.7272167 29 30
node -1 0 0.64927316 -1 -1
node -1 0 2.9893928 -1 -1
tree 31
node 27 22 -0.0030777254 1 16
node 77 14 -0.42144072 2 9
node 78 8 0.05832604 3 6
node 4 27 -0.60244286 4 5
node -1 0 -0.79332596 -1 -1
node -1 0 -0.051246133 -1 -1
node 74 2 0.33354804 7 8
node -1 0 1.1495249 -1 -1
node -1 0 0.046366345 -1 -1
node 47 16 -0.7134858 10 13
node 19 20 -0.9288237 11 12
node -1 0 -0.9964847 -1 -1
node -1 0 -0.2830504 -1 -1
node 78 22 -0.43065464 14 15
node -1 0 -0.6814537 -1 -1
node -1 0 -0.12560059 -1 -1
node 12 25 1.0319906 17 24
node 78 11 1.7299722 18 21
node 54 4 0.47746363 19 20
node -1 0 -0.2719654 -1 -1
node -1 0 0.7998775 -1 -1
node 21 19 2.4624708 22 23
node -1 0 0.8575356 -1 -1
node -1 0 2.7313182 -1 -1
node 75 8 -0.22128603 25 28
node 78 13 1.4325427 26 27
node -1 0 0.14045282 -1 -1
node -1 0 2.527803 -1 -1
node 78 9 -0.4936603 29 30
node -1 0 -0.9374724 -1 -1
node -1 0 -0.22864841 -1 -1
tree 31
node 27 22 -0.007274651 1 16
node 77 13 -0.39509663 2 9
node 78 8 0.08290637 3 6
node 9 25 -0.58011806 4 5
node -1 0 -0.8262833 -1 -1
node -1 0 -0.116723165 -1 -1
node 74 2 0.35592893 7 8
node -1 0 1.088818 -1 -1
node -1 0 0.07146156 -1 -1
node 47 16 -0.66737145 10 13
node 19 21 -0.87761503 11 12
node -1 0 -0.93980414 -1 -1
node -1 0 -0.21079794 -1 -1
node 42 3 -0.39961374 14 15
node -1 0 0.08823752 -1 -1
node -1 0 -0.5492919 -1 -1
node 56 4 0.9073972 17 24
node 13 23 -0.1115939 18 21
node 78 10 0.6712572 19 20
node -1 0 -0.48202562 -1 -1
node -1 0 1.6464517 -1 -1
node 11 24 -0.76304555 22 23
node -1 0 -0.09950444 -1 -1
node -1 0 -0.9179439 -1 -1
node 78 9 1.5542028 25 28
node 54 4 0.39035228 26 27
node -1 0 -0.36793825 -1 -1
node -1 0 0.8367801 -1 -1
node 23 19 1.969268 29 30
node -1 0 0.5521182 -1 -1
node -1 0 2.1843567 -1 -1
tree 31
node 28 22 -0.0061918963 1 16
node 77 17 -0.36688 2 9
node 80 10 -0.0106983865 3 6
node 45 8 -0.49529943 4 5
node -1 0 -0.847154 -1 -1
node -1 0 -0.21768576 -1 -1
node 61 0 0.24205685 7 8
node -1 0 0.7865153 -1 -1
node -1 0 -0.15509525 -1 -1
node 37 3 -0.71327126 10 13
node 46 20 -0.08602504 11 12
node -1 0 -0.63265073 -1 -1
node -1 0 0.30451876 -1 -1
node 45 19 -0.8209614 14 15
node -1 0 -0.9464641 -1 -1
node -1 0 -0.55446666 -1 -1
node 13 23 0.81366783 17 24
node 80 12 1.5010653 18 21
node 56 5 0.63699424 19 20
node -1 0 -0.055310003 -1 -1
node -1 0 1.0232553 -1 -1
node 21 19 1.9426174 22 23
node -1 0 0.6670145 -1 -1
node -1 0 2.178339 -1 -1
node 57 4 -0.023358488 25 28
node 54 4 -0.67497295 26 27
node -1 0 -0.8030878 -1 -1
node -1 0 0.043390695 -1 -1
node 46 4 0.574006 29 30
node -1 0 -0.6730366 -1 -1
node -1 0 1.0400382 -1 -1
tree 31
node 28 22 -0.0025226113 1 16
node 77 17 -0.34422264 2 9
node 78 8 0.0022035842 3 6
node 0 25 -0.5882305 4 5
node -1 0 -0.8164918 -1 -1
node -1 0 -0.28955594 -1 -1
node 74 2 0.22743368 7 8
node -1 0 0.86719066 -1 -1
node -1 0 -0.035586208 -1 -1
node 45 19 -0.68985873 10 13
node 17 25 -0.8801941 11 12
node -1 0 -0.9032377 -1 -1
node -1 0 0.81296206 -1 -1
node 78 21 -0.36488694 14 15
node -1 0 -0.7551629 -1 -1
node -1 0 -0.035870507 -1 -1
node 53 4 0.7478843 17 24
node 57 2 0.11453459 18 21
node 13 25 -0.6463475 19 20
node -1 0 -0.19302526 -1 -1
node -1 0 -0.86833847 -1 -1
node 39 2 0.53056794 22 23
node -1 0 -0.7342071 -1 -1
node -1 0 0.8116007 -1 -1
node 47 3 1.4738488 25 28
node 53 9 -0.654858 26 27
node -1 0 0.3507713 -1 -1
node -1 0 -0.94921964 -1 -1
node 36 0 1.5863519 29 30
node -1 0 -0.5420848 -1 -1
node -1 0 1.6575916 -1 -1
tree 31
node 21 22 -0.011382232 1 16
node 77 17 -0.32560477 2 9
node 78 8 0.0054210797 3 6
node 9 25 -0.557853 4 5
node -1 0 -0.82997394 -1 -1
node -1 0 -0.20583433 -1 -1
node 62 1 0.2161446 7 8
node -1 0 0.88726234 -1 -1
node -1 0 -0.06407321 -1 -1
node 46 19 -0.6668294 10 13
node 24 23 -0.8738496 11 12
node -1 0 -0.9415413 -1 -1
node -1 0 -0.3266361 -1 -1
node 38 4 -0.29675692 14 15
node -1 0 0.30886024 -1 -1
node -1 0 -0.5181428 -1 -1
node 11 23 0.6773203 17 24
node 78 12 1.3411152 18 21
node 54 5 0.48964787 19 20
node -1 0 -0.120584816 -1 -1
node -1 0 0.8749127 -1 -1
node 37 0 1.7659525 22 23
node -1 0 -0.50230145 -1 -1
node -1 0 1.8347058 -1 -1
node 53 4 -0.028794715 25 28
node 56 4 -0.6638513 26 27
node -1 0 -0.7792359 -1 -1
node -1 0 -0.040236715 -1 -1
node 45 3 0.5123109 29 30
node -1 0 -0.6313959 -1 -1
node -1 0 0.8454124 -1 -1
tree 31
node 22 22 -0.0038080849 1 16
node 77 13 -0.31393573 2 9
node 78 9 0.06975322 3 6
node 9 25 -0.4365234 4 5
node -1 0 -0.6855131 -1 -1
node -1 0 -0.012394677 -1 -1
node 61 0 0.29861403 7 8
node -1 0 0.6873594 -1 -1
node -1 0 -0.020495525 -1 -1
node 46 16 -0.5663194 10 13
node 47 17 -0.8019031 11 12
node -1 0 -0.9645202 -1 -1
node -1 0 -0.49828097 -1 -1
node 78 19 -0.28508762 14 15
node -1 0 -0.56869 -1 -1
node -1 0 -0.05679586 -1 -1
node 12 25 0.6527999 17 24
node 78 9 1.1268141 18 21
node 56 5 0.18963368 19 20
node -1 0 -0.407979 -1 -1
node -1 0 0.4555782 -1 -1
node 37 0 1.4891906 22 23
node -1 0 -0.5748739 -1 -1
node -1 0 1.5612024 -1 -1
node 75 8 -0.13896184 25 28
node 28 22 0.83094484 26 27
node -1 0 -0.42660102 -1 -1
node -1 0 1.2015764 -1 -1
node 53 5 -0.3134545 29 30
node -1 0 -0.4820774 -1 -1
node -1 0 0.2877035 -1 -1
tree 31
node 23 22 0.0016126719 1 16
node 77 17 -0.2889863 2 9
node 78 8 -0.0075670844 3 6
node 45 8 -0.5191143 4 5
node -1 0 -0.81543905 -1 -1
node -1 0 -0.24256787 -1 -1
node 25 19 0.17457029 7 8
node -1 0 -0.09123813 -1 -1
node -1 0 0.68844426 -1 -1
node 45 21 -0.5974438 10 13
node 20 23 -0.78926706 11 12
node -1 0 -0.86082685 -1 -1
node -1 0 -0.1968202 -1 -1
node 78 19 -0.20495176 14 15
node -1 0 -0.7116541 -1 -1
node -1 0 0.08628391 -1 -1
node 13 23 0.6136061 17 24
node 78 11 1.1292667 18 21
node 56 5 0.3445162 19 20
node -1 0 -0.23925927 -1 -1
node -1 0 0.68938774 -1 -1
node 37 0 1.4570805 22 23
node -1 0 -0.4745388 -1 -1
node -1 0 1.5176578 -1 -1
node 57 4 0.02011939 25 28
node 54 4 -0.5550986 26 27
node -1 0 -0.66899496 -1 -1
node -1 0 0.063685544 -1 -1
node 78 8 0.48583403 29 30
node -1 0 -0.11378861 -1 -1
node -1 0 0.8591094 -1 -1
tree 31
node 22 22 -0.0035852592 1 16
node 48 12 -0.27395383 2 9
node 45 14 -0.59366894 3 6
node 15 20 -0.91541004 4 5
node -1 0 -0.9939727 -1 -1
node -1 0 -0.22474383 -1 -1
node 24 19 -0.2589291 7 8
node -1 0 -0.4461247 -1 -1
node -1 0 0.013648161 -1 -1
node 55 6 -0.042106666 10 13
node 18 23 -0.6135721 11 12
node -1 0 -0.7154849 -1 -1
node -1 0 -0.012180611 -1 -1
node 19 20 0.05831904 14 15
node -1 0 -0.07843466 -1 -1
node -1 0 0.5686835 -1 -1
node 55 5 0.55934525 17 24
node 13 23 -0.07120507 18 21
node 80 15 0.44994712 19 20
node -1 0 -0.07249791 -1 -1
node -1 0 1.0818596 -1 -1
node 57 4 -0.3084222 22 23
node -1 0 -0.5733665 -1 -1
node -1 0 0.14856151 -1 -1
node 80 15 0.96027136 25 28
node 57 4 0.5463041 26 27
node -1 0 0.18096346 -1 -1
node -1 0 0.8870209 -1 -1
node 28 20 1.4169873 29 30
node -1 0 0.29695484 -1 -1
node -1 0 1.5226221 -1 -1
tree 31
node 24 19 -0.010354605 1 16
node 46 14 -0.32363677 2 9
node 47 15 -0.6859683 3 6
node 15 19 -0.8542687 4 5
node -1 0 -0.99039716 -1 -1
node -1 0 -0.31481954 -1 -1
node 77 17 -0.35549504 7 8
node -1 0 -0.075465254 -1 -1
node -1 0 -0.62800807 -1 -1
node 80 10 -0.04966186 10 13
node 78 10 -0.5417783 11 12
node -1 0 -0.6417628 -1 -1
node -1 0 -0.066288434 -1 -1
node 25 19 0.096317746 14 15
node -1 0 -0.1526661 -1 -1
node -1 0 0.7215594 -1 -1
node 78 10 0.42664444 17 24
node 56 4 -0.12513028 18 21
node 52 4 -0.61814666 19 20
node -1 0 -0.7136995 -1 -1
node -1 0 -0.121286616 -1 -1
node 15 20 0.1029708 22 23
node -1 0 -0.29019305 -1 -1
node -1 0 0.6641671 -1 -1
node 12 26 0.8011069 25 28
node 28 22 1.0384276 26 27
node -1 0 0.5266634 -1 -1
node -1 0 1.2889465 -1 -1
node 75 8 -0.05475628 29 30
node -1 0 1.1479493 -1 -1
node -1 0 -0.3358092 -1 -1
tree 31
node 26 22 -0.0084219985 1 16
node 45 14 -0.25152194 2 9
node 48 12 -0.55232537 3 6
node 29 18 -0.843595 4 5
node -1 0 -0.97306275 -1 -1
node -1 0 -0.40686503 -1 -1
node 77 17 -0.27704954 7 8
node -1 0 -0.0062207035 -1 -1
node -1 0 -0.58190197 -1 -1
node 77 13 -0.026602352 10 13
node 62 2 0.2675335 11 12
node -1 0 0.7464244 -1 -1
node -1 0 0.015533165 -1 -1
node 75 18 -0.26783323 14 15
node -1 0 -0.55152875 -1 -1
node -1 0 -0.06843893 -1 -1
node 78 12 0.49156862 17 24
node 56 5 -0.04726534 18 21
node 53 4 -0.40746763 19 20
node -1 0 -0.7654995 -1 -1
node -1 0 -0.06559423 -1 -1
node 54 4 0.3646804 22 23
node -1 0 -0.22733805 -1 -1
node -1 0 0.58495027 -1 -1
node 12 26 0.8994917 25 28
node 37 0 1.1721194 26 27
node -1 0 -0.71336216 -1 -1
node -1 0 1.2316377 -1 -1
node 75 8 0.06417074 29 30
node -1 0 1.3397526 -1 -1
node -1 0 -0.26194057 -1 -1
tree 31
node 23 22 -0.00871812 1 16
node 77 17 -0.2401077 2 9
node 13 21 -0.003031829 3 6
node 74 2 0.1438251 4 5
node -1 0 0.55499625 -1 -1
node -1 0 -0.063613586 -1 -1
node 78 26 -0.52153295 7 8
node -1 0 -0.5750757 -1 -1
node -1 0 0.48335075 -1 -1
node 37 3 -0.51941484 10 13
node 37 0 0.048669215 11 12
node -1 0 -0.96391577 -1 -1
node -1 0 0.2325584 -1 -1
node 20 20 -0.6321748 14 15
node -1 0 -0.7220194 -1 -1
node -1 0 -0.19168702 -1 -1
node 53 4 0.46342564 17 24
node 57 2 0.076459214 18 21
node 13 25 -0.58506525 19 20
node -1 0 -0.19794129 -1 -1
node -1 0 -0.77600634 -1 -1
node 39 2 0.3788557 22 23
node -1 0 -0.5207101 -1 -1
node -1 0 0.54562616 -1 -1
node 12 18 0.94639426 25 28
node 36 3 1.1466594 26 27
node -1 0 0.24145113 -1 -1
node -1 0 1.2520984 -1 -1
node 32 25 0.47159457 29 30
node -1 0 0.12907079 -1 -1
node -1 0 0.8218951 -1 -1
tree 31
node 26 22 -0.01479032 1 16
node 77 17 -0.23964563 2 9
node 62 1 -0.026633669 3 6
node 80 10 0.35754383 4 5
node -1 0 -0.26782277 -1 -1
node -1 0 0.6784324 -1 -1
node 46 15 -0.197879 7 8
node -1 0 -0.44201383 -1 -1
node -1 0 0.0406295 -1 -1
node 45 20 -0.49609426 10 13
node 19 21 -0.6852725 11 12
node -1 0 -0.7671439 -1 -1
node -1 0 -0.07450103 -1 -1
node 33 13 -0.19372533 14 15
node -1 0 0.08119192 -1 -1
node -1 0 -0.6424943 -1 -1
node 57 4 0.44025207 17 24
node 53 4 0.03928126 18 21
node 78 23 -0.4827874 19 20
node -1 0 -0.65394753 -1 -1
node -1 0 0.35163015 -1 -1
node 45 3 0.45843542 22 23
node -1 0 -0.5831776 -1 -1
node -1 0 0.73032963 -1 -1
node 56 12 0.8842235 25 28
node 80 16 0.984707 26 27
node -1 0 0.65129626 -1 -1
node -1 0 1.2679939 -1 -1
node 80 30 0.03586254 29 30
node -1 0 0.39060897 -1 -1
node -1 0 -1.1831723 -1 -1
tree 31
node 20 19 -0.004267353 1 16
node 24 19 -0.26242736 2 9
node 48 18 -0.42358887 3 6
node 77 15 -0.63308173 4 5
node -1 0 -0.4246443 -1 -1
node -1 0 -0.77838016 -1 -1
node 30 14 -0.07189353 7 8
node -1 0 0.1350428 -1 -1
node -1 0 -0.6222156 -1 -1
node 80 10 0.09975524 10 13
node 48 6 -0.44308782 11 12
node -1 0 -0.68817836 -1 -1
node -1 0 -0.1512763 -1 -1
node 62 4 0.5567159 14 15
node -1 0 0.936935 -1 -1
node -1 0 0.15440999 -1 -1
node 12 25 0.34830743 17 24
node 80 15 0.5480428 18 21
node 19 23 0.24498294 19 20
node -1 0 0.035009798 -1 -1
node -1 0 0.57784843 -1 -1
node 16 24 1.0346917 22 23
node -1 0 0.67942077 -1 -1
node -1 0 1.3156769 -1 -1
node 75 8 -0.26448742 25 28
node 80 15 0.52494425 26 27
node -1 0 0.058286797 -1 -1
node -1 0 1.0587449 -1 -1
node 27 14 -0.43375304 29 30
node -1 0 1.1654915 -1 -1
node -1 0 -0.532614 -1 -1
tree 31
node 24 19 -0.006653719 1 16
node 46 13 -0.25222412 2 9
node 47 16 -0.61581707 3 6
node 20 18 -0.7862615 4 5
node -1 0 -0.9037152 -1 -1
node -1 0 -0.3664634 -1 -1
node 19 11 -0.27152422 7 8
node -1 0 -0.04149254 -1 -1
node -1 0 -0.5848698 -1 -1
node 78 7 -0.033204183 10 13
node 45 6 -0.5486654 11 12
node -1 0 -0.8026169 -1 -1
node -1 0 -0.19479187 -1 -1
node 20 19 0.061329186 14 15
node -1 0 -0.12347134 -1 -1
node -1 0 0.43819508 -1 -1
node 78 13 0.32106858 17 24
node 56 5 -0.005595986 18 21
node 53 4 -0.40783766 19 20
node -1 0 -0.59220606 -1 -1
node -1 0 -0.02579856 -1 -1
node 20 20 0.2035889 22 23
node -1 0 -0.06566502 -1 -1
node -1 0 0.5430972 -1 -1
node 12 26 0.6753133 25 28
node 36 0 0.8775502 26 27
node -1 0 -1.0564803 -1 -1
node -1 0 0.9255347 -1 -1
node 75 8 -0.05416168 29 30
node -1 0 0.9418564 -1 -1
node -1 0 -0.3267516 -1 -1
tree 31
node 20 19 -0.0108919395 1 16
node 45 14 -0.23891558 2 9
node 46 17 -0.57720727 3 6
node 24 17 -0.71917176 4 5
node -1 0 -0.8853895 -1 -1
node -1 0 -0.3255996 -1 -1
node 20 8 -0.2864586 7 8
node -1 0 0.011771128 -1 -1
node -1 0 -0.5409837 -1 -1
node 80 10 -0.0078033465 10 13
node 46 6 -0.4654073 11 12
node -1 0 -0.7138032 -1 -1
node -1 0 -0.23996292 -1 -1
node 49 1 0.12887648 14 15
node -1 0 0.5747894 -1 -1
node -1 0 -0.12184649 -1 -1
node 11 23 0.29538754 17 24
node 80 16 0.5489354 18 21
node 54 4 0.2576884 19 20
node -1 0 -0.15719455 -1 -1
node -1 0 0.41680133 -1 -1
node 16 24 0.97219795 22 23
node -1 0 0.6749686 -1 -1
node -1 0 1.2438854 -1 -1
node 54 4 -0.097592145 25 28
node 28 11 -0.5525313 26 27
node -1 0 0.57569766 -1 -1
node -1 0 -0.62048435 -1 -1
node 35 2 0.16185312 29 30
node -1 0 -0.6440278 -1 -1
node -1 0 0.28772917 -1 -1
tree 31
node 23 22 -0.0035092558 1 16
node 46 14 -0.18310522 2 9
node 47 13 -0.46317047 3 6
node 20 19 -0.70515937 4 5
node -1 0 -0.82037526 -1 -1
node -1 0 -0.29454482 -1 -1
node 77 17 -0.23322366 7 8
node -1 0 -0.01491255 -1 -1
node -1 0 -0.4970555 -1 -1
node 54 5 0.0075146765 10 13
node 58 4 -0.5128606 11 12
node -1 0 -0.6743306 -1 -1
node -1 0 -0.06966629 -1 -1
node 77 17 0.11079686 14 15
node -1 0 0.29552728 -1 -1
node -1 0 -0.1381781 -1 -1
node 54 4 0.35804987 17 24
node 11 24 -0.055509996 18 21
node 78 9 0.21017988 19 20
node -1 0 -0.36200058 -1 -1
node -1 0 0.648981 -1 -1
node 18 16 -0.5693717 22 23
node -1 0 1.5869035 -1 -1
node -1 0 -0.60358125 -1 -1
node 80 16 0.6502257 25 28
node 56 5 0.39272815 26 27
node -1 0 0.023600351 -1 -1
node -1 0 0.5660644 -1 -1
node 29 14 0.97425145 29 30
node -1 0 -0.45157176 -1 -1
node -1 0 1.0181396 -1 -1
tree 31
node 26 22 -0.0036537142 1 16
node 45 13 -0.17753105 2 9
node 48 11 -0.44872078 3 6
node 29 18 -0.7587969 4 5
node -1 0 -0.8775886 -1 -1
node -1 0 -0.39476642 -1 -1
node 77 17 -0.23452668 7 8
node -1 0 -0.033331636 -1 -1
node -1 0 -0.4955466 -1 -1
node 56 5 -0.015413872 10 13
node 31 15 -0.48869687 11 12
node -1 0 -0.11746372 -1 -1
node -1 0 -0.6475095 -1 -1
node 49 11 0.0869347 14 15
node -1 0 0.21269536 -1 -1
node -1 0 -0.35912532 -1 -1
node 57 4 0.34239972 17 24
node 13 24 0.03370564 18 21
node 35 2 0.2788649 19 20
node -1 0 -0.67412484 -1 -1
node -1 0 0.46095866 -1 -1
node 76 4 -0.55494785 22 23
node -1 0 0.035407014 -1 -1
node -1 0 -0.6870003 -1 -1
node 38 0 0.6862948 25 28
node 64 15 -0.8343941 26 27
node -1 0 -1.0783175 -1 -1
node -1 0 0.010701024 -1 -1
node 57 8 0.7416953 29 30
node -1 0 0.9351153 -1 -1
node -1 0 0.44659644 -1 -1
tree 31
node 22 22 -0.005770873 1 16
node 45 15 -0.1679098 2 9
node 46 13 -0.38704744 3 6
node 19 19 -0.66980624 4 5
node -1 0 -0.80064 -1 -1
node -1 0 -0.20605297 -1 -1
node 77 17 -0.18311901 7 8
node -1 0 0.03011267 -1 -1
node -1 0 -0.48988017 -1 -1
node 55 27 0.009723751 10 13
node 78 16 -0.07468482 11 12
node -1 0 -0.30006135 -1 -1
node -1 0 0.0907999 -1 -1
node 78 27 0.6092005 14 15
node -1 0 0.86476666 -1 -1
node -1 0 -0.5695744 -1 -1
node 11 24 0.3178056 17 24
node 78 9 0.56128347 18 21
node 46 8 0.069281824 19 20
node -1 0 -0.3324705 -1 -1
node -1 0 0.3842038 -1 -1
node 37 0 0.7471629 22 23
node -1 0 -0.7292892 -1 -1
node -1 0 0.8009923 -1 -1
node 53 4 -0.10298444 25 28
node 47 8 -0.5526388 26 27
node -1 0 -0.9534453 -1 -1
node -1 0 -0.40762272 -1 -1
node 35 2 0.311281 29 30
node -1 0 -0.6377213 -1 -1
node -1 0 0.45919424 -1 -1
tree 31
node 20 19 -0.0017975238 1 16
node 45 12 -0.19562224 2 9
node 48 16 -0.542535 3 6
node 19 19 -0.7213594 4 5
node -1 0 -0.8129008 -1 -1
node -1 0 -0.3606008 -1 -1
node 20 8 -0.20184092 7 8
node -1 0 0.13487224 -1 -1
node -1 0 -0.49787146 -1 -1
node 80 9 -0.03109217 10 13
node 39 2 -0.45072424 11 12
node -1 0 -0.9331943 -1 -1
node -1 0 -0.3004004 -1 -1
node 19 20 0.072335884 14 15
node -1 0 -0.103151925 -1 -1
node -1 0 0.5050838 -1 -1
node 78 12 0.25233787 17 24
node 54 4 -0.018814335 18 21
node 58 4 -0.40922484 19 20
node -1 0 -0.5596542 -1 -1
node -1 0 0.1746705 -1 -1
node 19 22 0.14588477 22 23
node -1 0 -0.08771111 -1 -1
node -1 0 0.5288588 -1 -1
node 11 16 0.5089393 25 28
node 37 0 0.782948 26 27
node -1 0 -0.88814896 -1 -1
node -1 0 0.8604167 -1 -1
node 8 29 0.20328175 29 30
node -1 0 0.29680938 -1 -1
node -1 0 -0.75614023 -1 -1
tree 31
node 28 22 -0.012603471 1 16
node 46 11 -0.1597207 2 9
node 47 12 -0.44673288 3 6
node 9 22 -0.72740036 4 5
node -1 0 -0.8240468 -1 -1
node -1 0 -0.23064026 -1 -1
node 62 2 -0.24626662 7 8
node -1 0 0.15674615 -1 -1
node -1 0 -0.43414652 -1 -1
node 32 13 -0.034028973 10 13
node 61 11 0.15293607 11 12
node -1 0 0.3277758 -1 -1
node -1 0 -0.31383744 -1 -1
node 16 23 -0.26627073 14 15
node -1 0 -0.4222274 -1 -1
node -1 0 0.08697174 -1 -1
node 78 12 0.2793894 17 24
node 75 8 -0.057875425 18 21
node 22 21 0.16986799 19 20
node -1 0 -0.31373236 -1 -1
node -1 0 0.28961056 -1 -1
node 67 12 -0.32930222 22 23
node -1 0 -0.064162254 -1 -1
node -1 0 -0.62188005 -1 -1
node 12 26 0.5564133 25 28
node 36 0 0.75033444 26 27
node -1 0 -0.86837995 -1 -1
node -1 0 0.7920622 -1 -1
node 75 8 -0.009596004 29 30
node -1 0 0.8495989 -1 -1
node -1 0 -0.23279 -1 -1
tree 31
node 26 22 -0.0012464685 1 16
node 45 14 -0.14180458 2 9
node 48 12 -0.36952636 3 6
node 29 18 -0.6169897 4 5
node -1 0 -0.7602641 -1 -1
node -1 0 -0.26063958 -1 -1
node 26 13 -0.18592712 7 8
node -1 0 -0.013767906 -1 -1
node -1 0 -0.4582846 -1 -1
node 32 14 0.0026068715 10 13
node 49 1 0.18102862 11 12
node -1 0 0.51430994 -1 -1
node -1 0 -0.026730996 -1 -1
node 68 15 -0.24309687 14 15
node -1 0 -0.46786243 -1 -1
node -1 0 0.064577274 -1 -1
node 78 12 0.279329 17 24
node 57 4 -0.04255603 18 21
node 53 4 -0.22050075 19 20
node -1 0 -0.59321916 -1 -1
node -1 0 0.041355062 -1 -1
node 55 5 0.33464235 22 23
node -1 0 -0.3847044 -1 -1
node -1 0 0.5013165 -1 -1
node 11 16 0.54723275 25 28
node 22 0 0.8044946 26 27
node -1 0 -0.9393726 -1 -1
node -1 0 0.85335004 -1 -1
node 8 29 0.27167964 29 30
node -1 0 0.38985395 -1 -1
node -1 0 -0.7795966 -1 -1
tree 31
node 24 19 -0.008999434 1 16
node 46 14 -0.18469705 2 9
node 47 17 -0.45682725 3 6
node 15 19 -0.60844916 4 5
node -1 0 -0.72887963 -1 -1
node -1 0 -0.2510252 -1 -1
node 52 20 -0.16429257 7 8
node -1 0 -0.25515455 -1 -1
node -1 0 0.44023773 -1 -1
node 80 10 -0.02226522 10 13
node 45 6 -0.44829825 11 12
node -1 0 -0.6783989 -1 -1
node -1 0 -0.22865328 -1 -1
node 60 12 0.093595296 14 15
node -1 0 0.2250667 -1 -1
node -1 0 -0.29269806 -1 -1
node 13 23 0.2170294 17 24
node 80 15 0.41112837 18 21
node 37 0 0.18303421 19 20
node -1 0 -0.6480554 -1 -1
node -1 0 0.22778274 -1 -1
node 16 22 0.7225954 22 23
node -1 0 0.45965278 -1 -1
node -1 0 0.9890512 -1 -1
node 57 4 -0.08918956 25 28
node 29 12 -0.46475723 26 27
node -1 0 0.8778877 -1 -1
node -1 0 -0.49838746 -1 -1
node 46 4 0.15712868 29 30
node -1 0 -0.43205348 -1 -1
node -1 0 0.330928 -1 -1
tree 31
node 28 22 -0.010401675 1 16
node 28 14 -0.13693853 2 9
node 61 0 -0.013468084 3 6
node 76 16 0.2344025 4 5
node -1 0 0.5001646 -1 -1
node -1 0 -0.07640912 -1 -1
node 45 13 -0.17883529 7 8
node -1 0 -0.55699277 -1 -1
node -1 0 0.020352324 -1 -1
node 26 21 -0.36007562 10 13
node 67 16 -0.5637774 11 12
node -1 0 -0.7159696 -1 -1
node -1 0 -0.2147935 -1 -1
node 57 4 -0.041685287 14 15
node -1 0 -0.3140215 -1 -1
node -1 0 0.37068856 -1 -1
node 78 12 0.2440348 17 24
node 54 4 -0.043187637 18 21
node 39 1 -0.29972154 19 20
node -1 0 -0.9504195 -1 -1
node -1 0 -0.1982747 -1 -1
node 15 19 0.17053956 22 23
node -1 0 -0.1958166 -1 -1
node -1 0 0.36642832 -1 -1
node 12 26 0.48818365 25 28
node 37 0 0.683801 26 27
node -1 0 -0.6264292 -1 -1
node -1 0 0.7344391 -1 -1
node 54 4 -0.07125305 29 30
node -1 0 -0.37682813 -1 -1
node -1 0 0.42402756 -1 -1
tree 31
node 22 22 -0.01118321 1 16
node 12 23 -0.12953961 2 9
node 46 15 -0.052140836 3 6
node 47 13 -0.26332933 4 5
node -1 0 -0.5579648 -1 -1
node -1 0 -0.061533824 -1 -1
node 74 2 0.10795412 7 8
node -1 0 0.3309745 -1 -1
node -1 0 -0.020574396 -1 -1
node 22 17 -0.5679698 10 13
node 37 2 -0.30886692 11 12
node -1 0 1.3058429 -1 -1
node -1 0 -0.40206975 -1 -1
node 32 15 -0.72711563 14 15
node -1 0 -0.24510501 -1 -1
node -1 0 -0.7979897 -1 -1
node 12 18 0.22967964 17 24
node 77 16 0.49759692 18 21
node 37 0 0.35381833 19 20
node -1 0 -0.69284064 -1 -1
node -1 0 0.42017427 -1 -1
node 32 23 1.015652 22 23
node -1 0 -0.32287642 -1 -1
node -1 0 1.1071454 -1 -1
node 76 4 -0.037307087 25 28
node 80 17 0.36636338 26 27
node -1 0 0.07741285 -1 -1
node -1 0 0.8911549 -1 -1
node 68 10 -0.17271963 29 30
node -1 0 0.06398246 -1 -1
node -1 0 -0.40929446 -1 -1
tree 31
node 23 21 -0.004589923 1 16
node 77 13 -0.1358411 2 9
node 22 17 0.051313404 3 6
node 76 15 0.20022982 4 5
node -1 0 0.34576952 -1 -1
node -1 0 -0.26693717 -1 -1
node 16 23 -0.28302813 7 8
node -1 0 -0.60546976 -1 -1
node -1 0 -0.023437217 -1 -1
node 75 18 -0.2965813 10 13
node 20 20 -0.52542466 11 12
node -1 0 -0.6367982 -1 -1
node -1 0 -0.19169785 -1 -1
node 65 18 -0.14312609 14 15
node -1 0 -0.22542189 -1 -1
node -1 0 0.34341547 -1 -1
node 14 13 0.22812207 17 24
node 36 0 0.66731405 18 21
node 2 16 -0.9607618 19 20
node -1 0 -1.3277901 -1 -1
node -1 0 -0.38799408 -1 -1
node 78 8 0.7425937 22 23
node -1 0 -0.073436566 -1 -1
node -1 0 0.8432706 -1 -1
node 11 24 0.080570884 25 28
node 38 1 0.23607424 26 27
node -1 0 -0.5594229 -1 -1
node -1 0 0.31729174 -1 -1
node 76 4 -0.25053743 29 30
node -1 0 0.29934034 -1 -1
node -1 0 -0.4435437 -1 -1
tree 31
node 20 19 0.004857972 1 16
node 45 14 -0.138455 2 9
node 48 16 -0.40267387 3 6
node 24 17 -0.5772999 4 5
node -1 0 -0.749584 -1 -1
node -1 0 -0.23790029 -1 -1
node 20 8 -0.10894396 7 8
node -1 0 0.1875035 -1 -1
node -1 0 -0.3755082 -1 -1
node 33 13 0.012905734 10 13
node 49 1 0.18407519 11 12
node -1 0 0.58527565 -1 -1
node -1 0 -0.017510876 -1 -1
node 28 21 -0.2062941 14 15
node -1 0 -0.5223742 -1 -1
node -1 0 0.11496831 -1 -1
node 53 4 0.19170499 17 24
node 57 2 -0.06915903 18 21
node 80 2 -0.49704558 19 20
node -1 0 -0.0925972 -1 -1
node -1 0 -0.6190961 -1 -1
node 38 0 0.22987647 22 23
node -1 0 -0.96372527 -1 -1
node -1 0 0.2827311 -1 -1
node 36 0 0.35593474 25 28
node 75 23 -0.7488872 26 27
node -1 0 -0.8310634 -1 -1
node -1 0 0.46089596 -1 -1
node 74 4 0.41005203 29 30
node -1 0 0.6115763 -1 -1
node -1 0 0.20984778 -1 -1
tree 31
node 78 9 0.0026008335 1 16
node 46 8 -0.2617434 2 9
node 80 9 -0.54105526 3 6
node 44 1 -0.6556907 4 5
node -1 0 -0.9535288 -1 -1
node -1 0 -0.55540884 -1 -1
node 8 28 0.034458227 7 8
node -1 0 -0.24374992 -1 -1
node -1 0 1.1786563 -1 -1
node 4 24 -0.11419512 10 13
node 54 4 -0.3727748 11 12
node -1 0 -0.65552795 -1 -1
node -1 0 -0.27850324 -1 -1
node 76 4 0.29107216 14 15
node -1 0 0.7599413 -1 -1
node -1 0 0.101005934 -1 -1
node 21 21 0.10629471 17 24
node 77 13 -0.028079515 18 21
node 62 2 0.16775098 19 20
node -1 0 0.51386863 -1 -1
node -1 0 -0.006771019 -1 -1
node 37 3 -0.19072044 22 23
node -1 0 0.19458362 -1 -1
node -1 0 -0.30842724 -1 -1
node 14 14 0.37438583 25 28
node 36 0 0.6317742 26 27
node -1 0 -0.8098004 -1 -1
node -1 0 0.69592476 -1 -1
node 11 24 0.14636356 29 30
node -1 0 0.40629464 -1 -1
node -1 0 -0.1536959 -1 -1
tree 31
node 19 20 -0.009595449 1 16
node 48 10 -0.13957207 2 9
node 45 19 -0.44097733 3 6
node 49 2 -0.6299271 4 5
node -1 0 -0.3782763 -1 -1
node -1 0 -0.78301483 -1 -1
node 19 10 -0.073851444 7 8
node -1 0 0.24168624 -1 -1
node -1 0 -0.5206276 -1 -1
node 33 13 -0.035796255 10 13
node 61 0 0.11385294 11 12
node -1 0 0.45948663 -1 -1
node -1 0 -0.0854227 -1 -1
node 26 22 -0.2135479 14 15
node -1 0 -0.46916807 -1 -1
node -1 0 0.062265713 -1 -1
node 80 16 0.18700223 17 24
node 37 0 0.03689405 18 21
node 27 24 -0.7675551 19 20
node -1 0 -1.0553856 -1 -1
node -1 0 -0.2890516 -1 -1
node 56 5 0.07541682 22 23
node -1 0 -0.17928362 -1 -1
node -1 0 0.19049978 -1 -1
node 12 26 0.5046766 25 28
node 16 22 0.6960347 26 27
node -1 0 0.4419339 -1 -1
node -1 0 0.95595104 -1 -1
node 56 4 -0.06929872 29 30
node -1 0 -0.4295838 -1 -1
node -1 0 0.3887786 -1 -1
tree 31
node 78 8 -0.011132671 1 16
node 35 2 -0.28743535 2 9
node 80 9 -0.84959096 3 6
node 57 2 -0.90240705 4 5
node -1 0 -1.0160025 -1 -1
node -1 0 -0.63302493 -1 -1
node 71 0 0.017046921 7 8
node -1 0 0.6164991 -1 -1
node -1 0 -0.528788 -1 -1
node 46 8 -0.19169088 10 13
node 39 2 -0.5548657 11 12
node -1 0 -0.79166967 -1 -1
node -1 0 -0.40966678 -1 -1
node 4 23 0.018622445 14 15
node -1 0 -0.3098509 -1 -1
node -1 0 0.31545863 -1 -1
node 23 21 0.077303275 17 24
node 23 15 -0.039341547 18 21
node 61 0 0.053249393 19 20
node -1 0 0.35375336 -1 -1
node -1 0 -0.1235204 -1 -1
node 13 9 -0.36061 22 23
node -1 0 0.11409519 -1 -1
node -1 0 -0.53524935 -1 -1
node 14 14 0.31415775 25 28
node 36 0 0.6628943 26 27
node -1 0 -0.85534984 -1 -1
node -1 0 0.7176131 -1 -1
node 58 3 0.14016573 29 30
node -1 0 -0.17932309 -1 -1
node -1 0 0.3627977 -1 -1
tree 31
node 17 23 -0.005847635 1 16
node 17 17 -0.09437406 2 9
node 55 27 -0.00471744 3 6
node 49 12 -0.0659192 4 5
node -1 0 0.016668608 -1 -1
node -1 0 -0.41382667 -1 -1
node 78 27 0.3275264 7 8
node -1 0 0.46853465 -1 -1
node -1 0 -0.6277422 -1 -1
node 25 22 -0.39074913 10 13
node 42 3 -0.5559459 11 12
node -1 0 0.19141409 -1 -1
node -1 0 -0.6191115 -1 -1
node 45 5 -0.04706813 14 15
node -1 0 -0.58098155 -1 -1
node -1 0 0.08409434 -1 -1
node 12 26 0.2106818 17 24
node 78 17 0.42205712 18 21
node 37 0 0.22464047 19 20
node -1 0 -0.5968061 -1 -1
node -1 0 0.27788237 -1 -1
node 37 3 0.73095095 22 23
node -1 0 -0.08325303 -1 -1
node -1 0 0.8211867 -1 -1
node 27 13 -0.10943883 25 28
node 7 20 0.5706164 26 27
node -1 0 -0.7293229 -1 -1
node -1 0 1.3683424 -1 -1
node 55 5 -0.1976664 29 30
node -1 0 -0.28408778 -1 -1
node -1 0 0.7712766 -1 -1
tree 31
node 29 18 -0.0044593355 1 16
node 46 12 -0.12620918 2 9
node 49 0 -0.3889006 3 6
node 54 25 -0.116905965 4 5
node -1 0 -0.25052583 -1 -1
node -1 0 0.9293657 -1 -1
node 20 18 -0.52184224 7 8
node -1 0 -0.59192276 -1 -1
node -1 0 -0.15591806 -1 -1
node 34 13 -0.019932816 10 13
node 78 7 0.106333494 11 12
node -1 0 -0.57040817 -1 -1
node -1 0 0.1723087 -1 -1
node 26 23 -0.2640333 14 15
node -1 0 -0.46126863 -1 -1
node -1 0 0.1569754 -1 -1
node 78 13 0.13543904 17 24
node 57 4 -0.04462008 18 21
node 1 23 -0.2143949 19 20
node -1 0 -0.51830876 -1 -1
node -1 0 -0.049625885 -1 -1
node 0 21 0.10004537 22 23
node -1 0 -0.03841391 -1 -1
node -1 0 0.42597222 -1 -1
node 77 17 0.34402305 25 28
node 77 11 0.47233072 26 27
node -1 0 0.32440346 -1 -1
node -1 0 0.8233457 -1 -1
node 13 17 -0.022110958 29 30
node -1 0 0.31076974 -1 -1
node -1 0 -0.51769906 -1 -1
tree 31
node 24 19 -0.010810091 1 16
node 48 10 -0.12164897 2 9
node 45 19 -0.39570084 3 6
node 49 2 -0.58053803 4 5
node -1 0 -0.34265667 -1 -1
node -1 0 -0.722524 -1 -1
node 9 16 -0.052430153 7 8
node -1 0 0.14323334 -1 -1
node -1 0 -0.5415691 -1 -1
node 31 13 -0.03134561 10 13
node 61 10 0.11702532 11 12
node -1 0 0.281796 -1 -1
node -1 0 -0.2000581 -1 -1
node 26 21 -0.21708918 14 15
node -1 0 -0.510509 -1 -1
node -1 0 0.03821559 -1 -1
node 53 4 0.12998725 17 24
node 57 2 -0.03785817 18 21
node 6 21 -0.42776507 19 20
node -1 0 -0.90341026 -1 -1
node -1 0 -0.27388301 -1 -1
node 38 0 0.12160689 22 23
node -1 0 -0.7610655 -1 -1
node -1 0 0.16614279 -1 -1
node 36 0 0.3257326 25 28
node 14 14 -0.7635687 26 27
node -1 0 -1.1046478 -1 -1
node -1 0 -0.23164901 -1 -1
node 12 16 0.35914385 29 30
node -1 0 0.530659 -1 -1
node -1 0 0.124906234 -1 -1
tree 31
node 80 9 -0.0105279805 1 16
node 39 2 -0.20363007 2 9
node 53 0 -0.8105208 3 6
node 65 19 -0.9386348 4 5
node -1 0 -0.97117573 -1 -1
node -1 0 0.0034475888 -1 -1
node 19 19 -0.59919703 7 8
node -1 0 -0.92568445 -1 -1
node -1 0 -0.3204503 -1 -1
node 45 6 -0.12006077 10 13
node 9 0 -0.54514635 11 12
node -1 0 -0.20501022 -1 -1
node -1 0 -0.62442833 -1 -1
node 80 2 0.028627794 14 15
node -1 0 0.35870716 -1 -1
node -1 0 -0.13799699 -1 -1
node 19 20 0.063079506 17 24
node 20 19 -0.03759304 18 21
node 45 18 -0.14113332 19 20
node -1 0 -0.36400247 -1 -1
node -1 0 0.07201893 -1 -1
node 74 0 0.2153869 22 23
node -1 0 0.49909484 -1 -1
node -1 0 8.5999796E-05 -1 -1
node 10 13 0.25846568 25 28
node 41 17 0.55296934 26 27
node -1 0 0.28832123 -1 -1
node -1 0 0.7320747 -1 -1
node 53 2 -0.011823963 29 30
node -1 0 -0.2973541 -1 -1
node -1 0 0.12749256 -1 -1
tree 31
node 15 20 0.0061264755 1 16
node 45 13 -0.092463635 2 9
node 46 21 -0.31280893 3 6
node 60 5 -0.43057737 4 5
node -1 0 -0.20292942 -1 -1
node -1 0 -0.60453594 -1 -1
node 57 8 -0.0004926732 7 8
node -1 0 -0.6115579 -1 -1
node -1 0 0.16167907 -1 -1
node 80 9 0.011577629 10 13
node 46 6 -0.3144643 11 12
node -1 0 -0.59147 -1 -1
node -1 0 -0.10324481 -1 -1
node 8 28 0.08884521 14 15
node -1 0 0.04409861 -1 -1
node -1 0 0.78452665 -1 -1
node 12 26 0.15537225 17 24
node 78 16 0.25062364 18 21
node 37 1 0.11064595 19 20
node -1 0 -0.4664179 -1 -1
node -1 0 0.15750182 -1 -1
node 37 0 0.5678151 22 23
node -1 0 -1.0375432 -1 -1
node -1 0 0.6072134 -1 -1
node 75 8 -0.19653514 25 28
node 22 14 0.5414332 26 27
node -1 0 2.0903928 -1 -1
node -1 0 0.4484351 -1 -1
node 27 16 -0.37963116 29 30
node -1 0 0.8023252 -1 -1
node -1 0 -0.4883488 -1 -1
tree 31
node 36 0 0.007091605 1 16
node 4 21 -0.6524869 2 9
node 38 0 -0.7718369 3 6
node 79 5 -1.1165051 4 5
node -1 0 -0.38515592 -1 -1
node -1 0 -1.2035837 -1 -1
node 57 4 -0.6161931 7 8
node -1 0 -0.8969552 -1 -1
node -1 0 -0.26057225 -1 -1
node 5 22 -0.22420888 10 13
node 38 0 -0.5501872 11 12
node -1 0 -0.9827335 -1 -1
node -1 0 -0.04559618 -1 -1
node 75 8 0.21729974 14 15
node -1 0 0.81410843 -1 -1
node -1 0 -0.4556297 -1 -1
node 17 23 0.027041962 17 24
node 17 18 -0.046754103 18 21
node 76 15 0.027390447 19 20
node -1 0 0.16940178 -1 -1
node -1 0 -0.09588356 -1 -1
node 68 14 -0.37435168 22 23
node -1 0 -0.59822136 -1 -1
node -1 0 -0.13504611 -1 -1
node 12 26 0.21429767 25 28
node 76 18 0.39108095 26 27
node -1 0 0.27624056 -1 -1
node -1 0 0.9611472 -1 -1
node 27 13 -0.04212164 29 30
node -1 0 0.52584094 -1 -1
node -1 0 -0.1276029 -1 -1
tree 31
node 78 9 0.0030293248 1 16
node 5 25 -0.18109338 2 9
node 57 4 -0.34226495 3 6
node 53 5 -0.53676564 4 5
node -1 0 -0.6953418 -1 -1
node -1 0 -0.3110608 -1 -1
node 5 19 -0.20729098 7 8
node -1 0 -0.35553023 -1 -1
node -1 0 0.21465269 -1 -1
node 14 19 0.059479527 10 13
node 32 14 -0.2858822 11 12
node -1 0 0.10248983 -1 -1
node -1 0 -0.5080396 -1 -1
node 55 5 0.35064793 14 15
node -1 0 -0.33814687 -1 -1
node -1 0 0.52267957 -1 -1
node 77 17 0.07407469 17 24
node 62 2 0.17332222 18 21
node 59 18 0.40873042 19 20
node -1 0 0.3486463 -1 -1
node -1 0 1.1349212 -1 -1
node 74 0 0.06553722 22 23
node -1 0 0.4119195 -1 -1
node -1 0 -0.058555108 -1 -1
node 48 18 -0.11106742 25 28
node 45 18 -0.35808766 26 27
node -1 0 -0.57491225 -1 -1
node -1 0 -0.12203515 -1 -1
node 75 21 0.115050845 29 30
node -1 0 -0.21944173 -1 -1
node -1 0 0.31925198 -1 -1
tree 31
node 17 23 -0.009549866 1 16
node 17 18 -0.086292915 2 9
node 67 5 -0.012281554 3 6
node 23 13 -0.24181259 4 5
node -1 0 -0.40246165 -1 -1
node -1 0 0.09222242 -1 -1
node 62 8 0.07671385 7 8
node -1 0 0.24991822 -1 -1
node -1 0 -0.06247549 -1 -1
node 42 6 -0.41989824 10 13
node 78 20 0.020404357 11 12
node -1 0 -0.43494028 -1 -1
node -1 0 0.73364896 -1 -1
node 18 23 -0.50486577 14 15
node -1 0 -0.6204032 -1 -1
node -1 0 -0.16103978 -1 -1
node 12 18 0.1823799 17 24
node 78 17 0.43921685 18 21
node 18 20 0.25580856 19 20
node -1 0 -0.36177728 -1 -1
node -1 0 0.33229622 -1 -1
node 41 3 0.761995 22 23
node -1 0 -0.177847 -1 -1
node -1 0 0.8494572 -1 -1
node 36 3 -0.01661214 25 28
node 69 26 -0.52641654 26 27
node -1 0 -0.5806442 -1 -1
node -1 0 0.5823297 -1 -1
node 78 29 0.040993057 29 30
node -1 0 0.07369877 -1 -1
node -1 0 -0.9681605 -1 -1
tree 31
node 38 0 0.0049149655 1 16
node 6 12 -0.6890056 2 9
node 0 17 -0.9585966 3 6
node 37 16 -1.0623161 4 5
node -1 0 -1.1662254 -1 -1
node -1 0 -0.5028979 -1 -1
node 4 22 -0.4795694 7 8
node -1 0 -0.8196896 -1 -1
node -1 0 0.057253532 -1 -1
node 79 15 -0.45934522 10 13
node 53 4 -0.3054005 11 12
node -1 0 -0.58717704 -1 -1
node -1 0 0.05173983 -1 -1
node 70 6 -0.856605 14 15
node -1 0 -0.25716844 -1 -1
node -1 0 -1.1185014 -1 -1
node 15 20 0.024201488 17 24
node 78 9 -0.06802132 18 21
node 18 24 -0.3544941 19 20
node -1 0 -0.4823345 -1 -1
node -1 0 -0.091785304 -1 -1
node 24 18 0.0034971987 22 23
node -1 0 -0.09967252 -1 -1
node -1 0 0.23287916 -1 -1
node 10 14 0.16178896 25 28
node 78 9 0.5893034 26 27
node -1 0 -0.14360867 -1 -1
node -1 0 0.7120325 -1 -1
node 53 2 0.074363045 29 30
node -1 0 -0.1777311 -1 -1
node -1 0 0.18301243 -1 -1
tree 31
node 38 0 -0.0064074397 1 16
node 0 19 -0.6622025 2 9
node 57 18 -0.83704346 3 6
node 46 2 -1.0072466 4 5
node -1 0 -0.749978 -1 -1
node -1 0 -1.1196425 -1 -1
node 40 11 -0.2672774 7 8
node -1 0 -0.9154226 -1 -1
node -1 0 0.15367077 -1 -1
node 54 4 -0.23030758 10 13
node 71 13 -0.8104966 11 12
node -1 0 -0.9760737 -1 -1
node -1 0 -0.30731782 -1 -1
node 9 21 0.0466842 14 15
node -1 0 -0.36748496 -1 -1
node -1 0 0.66406566 -1 -1
node 49 11 0.011393268 17 24
node 80 15 0.06129166 18 21
node 62 2 -0.049984455 19 20
node -1 0 0.104132354 -1 -1
node -1 0 -0.15614717 -1 -1
node 77 17 0.19218315 22 23
node -1 0 0.32099515 -1 -1
node -1 0 -0.021319317 -1 -1
node 61 10 -0.21339732 25 28
node 54 24 -0.01588365 26 27
node -1 0 -0.16795397 -1 -1
node -1 0 0.39550084 -1 -1
node 45 21 -0.45986798 29 30
node -1 0 -0.66944647 -1 -1
node -1 0 -0.12625235 -1 -1
tree 31
node 47 8 -0.008389761 1 16
node 46 11 -0.20422259 2 9
node 10 0 -0.5598785 3 6
node 43 12 0.34970328 4 5
node -1 0 -0.5877198 -1 -1
node -1 0 1.0034059 -1 -1
node 76 3 -0.6194547 7 8
node -1 0 -0.1175365 -1 -1
node -1 0 -0.6799894 -1 -1
node 74 2 -0.078558356 10 13
node 80 9 0.16679557 11 12
node -1 0 -0.28141928 -1 -1
node -1 0 0.3680853 -1 -1
node 10 9 -0.26350436 14 15
node -1 0 0.10063765 -1 -1
node -1 0 -0.39344275 -1 -1
node 26 21 0.045391537 17 24
node 56 13 -0.037252624 18 21
node 28 21 -0.2713084 19 20
node -1 0 -0.45112795 -1 -1
node -1 0 -0.011314944 -1 -1
node 49 12 0.07557727 22 23
node -1 0 0.1823576 -1 -1
node -1 0 -0.25485504 -1 -1
node 77 4 0.19735739 25 28
node 80 19 -0.13980451 26 27
node -1 0 -0.2940228 -1 -1
node -1 0 0.47005498 -1 -1
node 53 5 0.32070524 29 30
node -1 0 0.1555059 -1 -1
node -1 0 0.4969717 -1 -1
tree 31
node 36 0 0.004704847 1 16
node 4 21 -0.63729936 2 9
node 56 24 -0.7856187 3 6
node 35 0 -0.8454823 4 5
node -1 0 -0.5733644 -1 -1
node -1 0 -0.96916115 -1 -1
node 78 12 -0.057390995 7 8
node -1 0 1.1335212 -1 -1
node -1 0 -0.56683946 -1 -1
node 45 19 -0.14474383 10 13
node 34 20 0.17511089 11 12
node -1 0 -0.5478795 -1 -1
node -1 0 0.5682816 -1 -1
node 10 23 -0.82806486 14 15
node -1 0 -1.128637 -1 -1
node -1 0 -0.010600486 -1 -1
node 15 22 0.023328412 17 24
node 80 9 -0.043744855 18 21
node 39 2 -0.28937232 19 20
node -1 0 -0.76494396 -1 -1
node -1 0 -0.1945153 -1 -1
node 8 28 0.024323096 22 23
node -1 0 -0.01066763 -1 -1
node -1 0 0.5427877 -1 -1
node 10 13 0.16498087 25 28
node 78 9 0.5749138 26 27
node -1 0 -0.12896389 -1 -1
node -1 0 0.69451344 -1 -1
node 54 2 0.084813185 29 30
node -1 0 -0.29989693 -1 -1
node -1 0 0.16963878 -1 -1
tree 31
node 36 0 0.00045205854 1 16
node 45 17 -0.5598279 2 9
node 78 7 -0.3898613 3 6
node 76 4 -0.7943464 4 5
node -1 0 -0.14378831 -1 -1
node -1 0 -0.95932364 -1 -1
node 79 11 -0.15173376 7 8
node -1 0 0.29966515 -1 -1
node -1 0 -0.5557188 -1 -1
node 75 8 -0.92126083 10 13
node 26 24 -0.5595255 11 12
node -1 0 -1.0523894 -1 -1
node -1 0 0.2558057 -1 -1
node 56 22 -1.0524704 14 15
node -1 0 -1.124805 -1 -1
node -1 0 -0.378925 -1 -1
node 54 5 0.016615203 17 24
node 18 23 -0.13930419 18 21
node 18 16 -0.36393234 19 20
node -1 0 0.109783605 -1 -1
node -1 0 -0.46783286 -1 -1
node 71 4 0.0100097405 22 23
node -1 0 -0.34505033 -1 -1
node -1 0 0.1290891 -1 -1
node 17 23 0.07387355 25 28
node 55 27 0.007553805 26 27
node -1 0 -0.044365898 -1 -1
node -1 0 0.33734256 -1 -1
node 76 18 0.35767204 29 30
node -1 0 0.2599885 -1 -1
node -1 0 0.83808076 -1 -1
tree 31
node 77 17 0.005851361 1 16
node 54 25 0.07418487 2 9
node 38 0 0.037854843 3 6
node 0 19 -0.57647735 4 5
node -1 0 -0.84507644 -1 -1
node -1 0 -0.07572202 -1 -1
node 56 22 0.056547973 7 8
node -1 0 0.09451375 -1 -1
node -1 0 -0.26992556 -1 -1
node 7 2 0.4653352 10 13
node 75 19 1.4849656 11 12
node -1 0 0.5061129 -1 -1
node -1 0 2.090562 -1 -1
node 43 18 0.29860774 14 15
node -1 0 -0.11012938 -1 -1
node -1 0 0.5916557 -1 -1
node 36 4 -0.14278503 17 24
node 7 13 0.2305649 18 21
node 8 3 -0.15782444 19 20
node -1 0 0.7283822 -1 -1
node -1 0 -0.49825954 -1 -1
node 79 16 0.49995932 22 23
node -1 0 -0.07092242 -1 -1
node -1 0 0.743337 -1 -1
node 33 23 -0.23334938 25 28
node 32 13 -0.319795 26 27
node -1 0 -0.17264682 -1 -1
node -1 0 -0.55216515 -1 -1
node 42 14 0.20650414 29 30
node -1 0 -0.32427874 -1 -1
node -1 0 0.653774 -1 -1
tree 31
node 49 11 0.000820386 1 16
node 78 14 0.045058437 2 9
node 57 4 -0.074435115 3 6
node 53 4 -0.20365833 4 5
node -1 0 -0.45578402 -1 -1
node -1 0 -0.0052383714 -1 -1
node 22 21 0.045923494 7 8
node -1 0 -0.07610781 -1 -1
node -1 0 0.23852865 -1 -1
node 36 0 0.1641621 10 13
node 37 0 -0.8228673 11 12
node -1 0 -1.0092801 -1 -1
node -1 0 -0.39372736 -1 -1
node 47 14 0.18513288 14 15
node -1 0 -0.034207758 -1 -1
node -1 0 0.28227088 -1 -1
node 14 14 -0.2023102 17 24
node 53 22 -0.085987054 18 21
node 59 13 -0.23518372 19 20
node -1 0 -0.023927594 -1 -1
node -1 0 -0.51986796 -1 -1
node 78 28 0.23336779 22 23
node -1 0 0.37990957 -1 -1
node -1 0 -0.8079217 -1 -1
node 57 18 -0.53999287 25 28
node 75 22 -0.34204876 26 27
node -1 0 -0.51307935 -1 -1
node -1 0 0.12940423 -1 -1
node 22 8 -0.9568033 29 30
node -1 0 -0.5656997 -1 -1
node -1 0 -1.0722401 -1 -1
tree 29
node 36 0 -0.012433082 1 14
node 45 21 -0.5960923 2 9
node 4 21 -0.4918005 3 6
node 75 23 -0.6049478 4 5
node -1 0 -0.72500205 -1 -1
node -1 0 0.01761912 -1 -1
node 16 22 -0.06560925 7 8
node -1 0 -0.5882405 -1 -1
node -1 0 0.37622035 -1 -1
node 80 4 -1.0124452 10 11
node -1 0 -0.20219764 -1 -1
node 2 27 -1.10826 12 13
node -1 0 -1.1689667 -1 -1
node -1 0 -0.5302143 -1 -1
node 77 17 0.0034813613 15 22
node 78 12 0.065280855 16 19
node 75 22 -0.07495024 17 18
node -1 0 -0.11860966 -1 -1
node -1 0 0.3187153 -1 -1
node 35 19 0.16883434 20 21
node -1 0 0.026207518 -1 -1
node -1 0 0.37662303 -1 -1
node 47 16 -0.12934414 23 26
node 24 20 -0.33314732 24 25
node -1 0 -0.4103887 -1 -1
node -1 0 0.022259716 -1 -1
node 53 5 0.017904274 27 28
node -1 0 -0.36856955 -1 -1
node -1 0 0.1507552 -1 -1
tree 31
node 49 11 -0.0054775462 1 16
node 78 19 0.03589172 2 9
node 54 23 -0.04075457 3 6
node 22 21 -0.081606224 4 5
node -1 0 -0.21194501 -1 -1
node -1 0 0.060036782 -1 -1
node 57 17 0.322812 7 8
node -1 0 0.028181318 -1 -1
node -1 0 0.5456135 -1 -1
node 80 29 0.18636654 10 13
node 75 21 0.26115146 11 12
node -1 0 0.12927787 -1 -1
node -1 0 0.50249916 -1 -1
node 0 16 -0.22627422 14 15
node -1 0 -0.4464948 -1 -1
node -1 0 0.68281764 -1 -1
node 61 10 -0.19565067 17 24
node 14 14 0.0030044834 18 21
node 50 17 0.1498707 19 20
node -1 0 -0.010445345 -1 -1
node -1 0 0.62588394 -1 -1
node 57 19 -0.3411289 22 23
node -1 0 -0.22668687 -1 -1
node -1 0 -0.89734 -1 -1
node 45 21 -0.45477396 25 28
node 46 19 -0.6555205 26 27
node -1 0 -0.8802317 -1 -1
node -1 0 -0.30066645 -1 -1
node 52 19 -0.16131902 29 30
node -1 0 -0.39422074 -1 -1
node -1 0 0.33130294 -1 -1
tree 31
node 79 1 -0.00019998287 1 16
node 35 2 -0.35425523 2 9
node 4 21 -0.90766436 3 6
node 48 1 -1.0036151 4 5
node -1 0 -0.2770326 -1 -1
node -1 0 -1.0543153 -1 -1
node 41 6 -0.19975458 7 8
node -1 0 0.32763973 -1 -1
node -1 0 -0.70649594 -1 -1
node 26 21 -0.2593869 10 13
node 25 0 -0.47524178 11 12
node -1 0 0.09970811 -1 -1
node -1 0 -0.5736315 -1 -1
node 79 0 0.039283015 14 15
node -1 0 0.3917779 -1 -1
node -1 0 -0.35651886 -1 -1
node 15 20 0.018941397 17 24
node 46 21 -0.052158643 18 21
node 49 1 -0.14419831 19 20
node -1 0 0.020022362 -1 -1
node -1 0 -0.31131947 -1 -1
node 15 15 0.13045272 22 23
node -1 0 0.22903019 -1 -1
node -1 0 -0.2524343 -1 -1
node 53 4 0.12838519 25 28
node 57 2 -0.06471684 26 27
node -1 0 -0.38139004 -1 -1
node -1 0 0.14991774 -1 -1
node 74 11 0.24498226 29 30
node -1 0 0.35889265 -1 -1
node -1 0 -0.054446906 -1 -1
tree 31
node 76 4 0.0007134988 1 16
node 16 23 0.1826495 2 9
node 56 14 0.02300803 3 6
node 27 22 -0.11467387 4 5
node -1 0 -0.3986442 -1 -1
node -1 0 0.15527613 -1 -1
node 56 26 0.4675099 7 8
node -1 0 0.6888773 -1 -1
node -1 0 -0.91914505 -1 -1
node 78 15 0.4028767 10 13
node 78 2 0.19358025 11 12
node -1 0 0.9557023 -1 -1
node -1 0 -0.017920692 -1 -1
node 55 7 0.7497081 14 15
node -1 0 1.01135 -1 -1
node -1 0 0.2754812 -1 -1
node 75 12 -0.04167858 17 24
node 75 7 -0.21395147 18 21
node 32 21 -0.04147852 19 20
node -1 0 -0.25954315 -1 -1
node -1 0 0.14780667 -1 -1
node 78 24 -0.47149116 22 23
node -1 0 -0.5613696 -1 -1
node -1 0 -0.15501197 -1 -1
node 36 0 0.043495603 25 28
node 2 18 -0.6745729 26 27
node -1 0 -0.9124798 -1 -1
node -1 0 -0.2940928 -1 -1
node 36 4 0.059663136 29 30
node -1 0 0.29901716 -1 -1
node -1 0 0.012652331 -1 -1
tree 31
node 61 0 0.0061790985 1 16
node 53 4 0.08805255 2 9
node 58 4 -0.090946525 3 6
node 78 2 -0.2524114 4 5
node -1 0 0.20144095 -1 -1
node -1 0 -0.38138688 -1 -1
node 65 1 0.23824753 7 8
node -1 0 0.5933956 -1 -1
node -1 0 -0.010351834 -1 -1
node 17 23 0.19399825 10 13
node 31 13 0.11727069 11 12
node -1 0 0.27433652 -1 -1
node -1 0 -0.030607512 -1 -1
node 35 2 0.39800248 14 15
node -1 0 -0.24052294 -1 -1
node -1 0 0.5061727 -1 -1
node 48 17 -0.07850703 17 24
node 49 1 -0.22208962 18 21
node 10 13 -0.007773663 19 20
node -1 0 0.24000233 -1 -1
node -1 0 -0.32268912 -1 -1
node 45 18 -0.42719182 22 23
node -1 0 -0.65476847 -1 -1
node -1 0 -0.16624929 -1 -1
node 78 19 0.06400428 25 28
node 49 1 -0.26755807 26 27
node -1 0 -0.09129433 -1 -1
node -1 0 -0.6000367 -1 -1
node 78 28 0.18165411 29 30
node -1 0 0.34658045 -1 -1
node -1 0 -0.11163064 -1 -1
tree 29
node 36 0 -0.0064683803 1 14
node 2 18 -0.49322414 2 9
node 57 4 -0.68611366 3 6
node 61 6 -0.9061494 4 5
node -1 0 -0.9524767 -1 -1
node -1 0 -0.052068207 -1 -1
node 10 24 -0.5204067 7 8
node -1 0 -0.67300344 -1 -1
node -1 0 0.19910045 -1 -1
node 56 24 -0.21656677 10 13
node 71 17 -0.3095198 11 12
node -1 0 -0.45887548 -1 -1
node -1 0 0.38773158 -1 -1
node -1 0 1.1204679 -1 -1
node 46 10 0.0067195306 15 22
node 47 9 -0.12701465 16 19
node 69 23 -0.476216 17 18
node -1 0 -0.5408029 -1 -1
node -1 0 -0.0055756946 -1 -1
node 78 7 -0.037478942 20 21
node -1 0 -0.3363409 -1 -1
node -1 0 0.07982751 -1 -1
node 60 12 0.055595167 23 26
node 77 4 0.094974 24 25
node -1 0 -0.0892671 -1 -1
node -1 0 0.14454983 -1 -1
node 60 17 -0.1717609 27 28
node -1 0 -0.34100744 -1 -1
node -1 0 0.23598965 -1 -1
tree 29
node 55 27 0.007505881 1 16
node 18 22 -0.019065771 2 9
node 18 17 -0.09294419 3 6
node 60 12 -0.019673422 4 5
node -1 0 0.048067987 -1 -1
node -1 0 -0.28592518 -1 -1
node 25 20 -0.36876595 7 8
node -1 0 -0.5905045 -1 -1
node -1 0 -0.1469764 -1 -1
node 11 25 0.1258224 10 13
node 16 22 0.2276971 11 12
node -1 0 0.067825384 -1 -1
node -1 0 0.40179783 -1 -1
node 52 3 -0.12950368 14 15
node -1 0 -0.34163004 -1 -1
node -1 0 0.19125186 -1 -1
node 80 28 0.26892087 17 24
node 76 6 0.34813723 18 21
node 37 21 -0.45903555 19 20
node -1 0 -0.8595532 -1 -1
node -1 0 -0.02682724 -1 -1
node 76 9 0.4393402 22 23
node -1 0 1.1821436 -1 -1
node -1 0 0.25152686 -1 -1
node 8 18 -0.53535783 25 28
node 37 6 -0.74681205 26 27
node -1 0 0.23297307 -1 -1
node -1 0 -0.98439664 -1 -1
node -1 0 1.0303009 -1 -1
tree 31
node 56 5 -0.0082125 1 16
node 35 2 -0.15152885 2 9
node 79 13 -0.57956254 3 6
node 57 0 -0.7845394 4 5
node -1 0 -0.90462005 -1 -1
node -1 0 -0.40720642 -1 -1
node 54 16 -0.01356919 7 8
node -1 0 -0.4401133 -1 -1
node -1 0 0.8620586 -1 -1
node 1 29 -0.10716016 10 13
node 28 22 -0.19365141 11 12
node -1 0 -0.3489206 -1 -1
node -1 0 -0.01403209 -1 -1
node 4 28 0.25001884 14 15
node -1 0 0.43008327 -1 -1
node -1 0 -0.63689387 -1 -1
node 16 22 0.043514527 17 24
node 71 18 -0.012181097 18 21
node 54 25 -0.071646385 19 20
node -1 0 -0.11896822 -1 -1
node -1 0 0.23165256 -1 -1
node 70 25 0.18373366 22 23
node -1 0 0.27981433 -1 -1
node -1 0 -0.3404169 -1 -1
node 77 4 0.28870857 25 28
node 75 10 -0.002819905 26 27
node -1 0 0.14906599 -1 -1
node -1 0 -0.49409056 -1 -1
node 17 23 0.38873762 29 30
node -1 0 0.049179487 -1 -1
node -1 0 0.5072637 -1 -1
tree 31
node 23 21 -0.016803768 1 16
node 54 13 -0.07662713 2 9
node 26 21 -0.26816112 3 6
node 19 24 -0.42614394 4 5
node -1 0 -0.52630883 -1 -1
node -1 0 0.02844042 -1 -1
node 9 20 -0.08139821 7 8
node -1 0 -0.1845001 -1 -1
node -1 0 0.20971465 -1 -1
node 66 6 0.010725045 10 13
node 12 22 -0.1588649 11 12
node -1 0 -0.22713448 -1 -1
node -1 0 0.4442533 -1 -1
node 74 8 0.097463615 14 15
node -1 0 0.2849007 -1 -1
node -1 0 -0.06696097 -1 -1
node 14 13 0.09284673 17 24
node 35 2 0.36463156 18 21
node 57 1 -0.23048475 19 20
node -1 0 -0.6866251 -1 -1
node -1 0 0.20538518 -1 -1
node 28 20 0.4368858 22 23
node -1 0 -0.55920196 -1 -1
node -1 0 0.48332348 -1 -1
node 11 24 0.016957927 25 28
node 6 21 0.113418125 26 27
node -1 0 0.011803401 -1 -1
node -1 0 0.40109742 -1 -1
node 76 4 -0.19370762 29 30
node -1 0 0.23207037 -1 -1
node -1 0 -0.35686657 -1 -1
tree 31
node 78 30 -0.014386017 1 16
node 78 19 -0.0009512952 2 9
node 49 0 -0.06895386 3 6
node 32 15 0.00514328 4 5
node -1 0 0.16252248 -1 -1
node -1 0 -0.09400393 -1 -1
node 61 9 -0.22827011 7 8
node -1 0 -0.15126073 -1 -1
node -1 0 -0.6515764 -1 -1
node 47 16 0.11901685 10 13
node 48 16 -0.12649058 11 12
node -1 0 -0.64924157 -1 -1
node -1 0 0.2035659 -1 -1
node 78 27 0.26558512 14 15
node -1 0 0.39732513 -1 -1
node -1 0 -0.0020857053 -1 -1
node 36 8 -0.4026158 17 24
node 19 4 0.10863002 18 21
node 71 0 2.403652 19 20
node -1 0 2.9953768 -1 -1
node -1 0 1.3715463 -1 -1
node 55 20 -0.22872457 22 23
node -1 0 0.2606566 -1 -1
node -1 0 -1.1807351 -1 -1
node 44 14 -0.8583924 25 28
node 41 13 -0.21834014 26 27
node -1 0 1.1060988 -1 -1
node -1 0 -0.6456054 -1 -1
node 32 25 -1.0044216 29 30
node -1 0 -1.1897779 -1 -1
node -1 0 -0.35011125 -1 -1
tree 31
node 38 0 0.004059054 1 16
node 0 19 -0.5168869 2 9
node 57 18 -0.6578589 3 6
node 75 8 -0.80297136 4 5
node -1 0 -0.44611567 -1 -1
node -1 0 -1.0048416 -1 -1
node 35 13 -0.14164852 7 8
node -1 0 -0.8327241 -1 -1
node -1 0 0.3180549 -1 -1
node 45 7 -0.17264225 10 13
node 30 19 -0.79313815 11 12
node -1 0 -0.030188087 -1 -1
node -1 0 -1.1392586 -1 -1
node 31 25 0.012609196 14 15
node -1 0 -0.29322386 -1 -1
node -1 0 0.69905955 -1 -1
node 10 13 0.017004056 17 24
node 16 22 0.11286845 18 21
node 77 17 0.053250786 19 20
node -1 0 0.1744341 -1 -1
node -1 0 -0.1432683 -1 -1
node 11 16 0.47348535 22 23
node -1 0 0.5665191 -1 -1
node -1 0 -0.17113294 -1 -1
node 60 14 -0.05127134 25 28
node 80 22 -0.02654899 26 27
node -1 0 -0.08560617 -1 -1
node -1 0 0.21860255 -1 -1
node 29 10 -0.48640615 29 30
node -1 0 -0.05723236 -1 -1
node -1 0 -0.65131634 -1 -1
tree 31
node 61 0 0.005285355 1 16
node 53 4 0.08388532 2 9
node 57 2 -0.05716059 3 6
node 6 21 -0.34172708 4 5
node -1 0 -0.8239394 -1 -1
node -1 0 -0.15870658 -1 -1
node 55 4 0.11001354 7 8
node -1 0 -0.22393724 -1 -1
node -1 0 0.20483662 -1 -1
node 36 0 0.16501802 10 13
node 14 18 -0.5537584 11 12
node -1 0 -0.6800083 -1 -1
node -1 0 0.17414762 -1 -1
node 73 1 0.1920772 14 15
node -1 0 0.30990604 -1 -1
node -1 0 0.0836437 -1 -1
node 46 19 -0.076594554 17 24
node 24 18 -0.19200598 18 21
node 45 20 -0.3737231 19 20
node -1 0 -0.5559029 -1 -1
node -1 0 -0.08146102 -1 -1
node 5 16 0.0104213795 22 23
node -1 0 0.16046166 -1 -1
node -1 0 -0.25158697 -1 -1
node 0 19 0.06614107 25 28
node 78 29 0.12621601 26 27
node -1 0 0.2159863 -1 -1
node -1 0 -0.18707286 -1 -1
node 75 23 -0.37337735 29 30
node -1 0 -0.5384743 -1 -1
node -1 0 0.44606212 -1 -1
tree 23
node 37 0 -0.009494566 1 10
node 78 29 -0.47334284 2 9
node 75 8 -0.5656769 3 6
node 44 11 -0.18912898 4 5
node -1 0 0.2465301 -1 -1
node -1 0 -0.7649002 -1 -1
node 11 1 -0.76429135 7 8
node -1 0 0.34388435 -1 -1
node -1 0 -0.84642434 -1 -1
node -1 0 2.0352926 -1 -1
node 78 29 0.0037997433 11 18
node 78 12 0.024345156 12 15
node 9 25 -0.083507605 13 14
node -1 0 -0.1793848 -1 -1
node -1 0 0.07036454 -1 -1
node 48 15 0.09882295 16 17
node -1 0 -0.057973642 -1 -1
node -1 0 0.20481393 -1 -1
node 36 1 -0.31170037 19 20
node -1 0 1.6595988 -1 -1
node 48 18 -0.3636397 21 22
node -1 0 -0.96351737 -1 -1
node -1 0 -0.21181473 -1 -1
tree 31
node 56 5 -0.0042300764 1 16
node 52 4 -0.13029532 2 9
node 13 13 -0.26105067 3 6
node 14 16 -0.7656197 4 5
node -1 0 -0.37686148 -1 -1
node -1 0 -1.0792122 -1 -1
node 47 7 -0.17796887 7 8
node -1 0 -0.641154 -1 -1
node -1 0 -0.112623006 -1 -1
node 6 28 0.059358098 10 13
node 33 22 -0.15918565 11 12
node -1 0 -0.40152737 -1 -1
node -1 0 0.40965486 -1 -1
node 80 10 0.31341508 14 15
node -1 0 -0.0085763475 -1 -1
node -1 0 0.5512481 -1 -1
node 21 21 0.0397907 17 24
node 43 5 -0.013565707 18 21
node 38 0 0.1548661 19 20
node -1 0 -0.5746415 -1 -1
node -1 0 0.20049734 -1 -1
node 77 13 -0.0678476 22 23
node -1 0 0.036789555 -1 -1
node -1 0 -0.1788071 -1 -1
node 77 4 0.21137397 25 28
node 75 10 -0.07872126 26 27
node -1 0 0.033308562 -1 -1
node -1 0 -0.5282773 -1 -1
node 10 14 0.31551108 29 30
node -1 0 0.49455893 -1 -1
node -1 0 0.17462146 -1 -1
tree 31
node 19 19 -0.0054325485 1 16
node 53 7 -0.073798046 2 9
node 75 9 -0.32595897 3 6
node 41 8 -0.14233106 4 5
node -1 0 0.27788466 -1 -1
node -1 0 -0.34364927 -1 -1
node 3 21 -0.49910918 7 8
node -1 0 -0.64549935 -1 -1
node -1 0 -0.32593653 -1 -1
node 69 20 -0.0061553693 10 13
node 74 0 -0.075643785 11 12
node -1 0 0.0762272 -1 -1
node -1 0 -0.18631127 -1 -1
node 75 23 0.2365305 14 15
node -1 0 0.062678754 -1 -1
node -1 0 0.66392475 -1 -1
node 11 24 0.08313322 17 24
node 77 3 0.15306017 18 21
node 49 2 -0.1315839 19 20
node -1 0 -0.022530684 -1 -1
node -1 0 -0.68635774 -1 -1
node 17 23 0.2185513 22 23
node -1 0 0.10202068 -1 -1
node -1 0 0.4093192 -1 -1
node 76 4 -0.11720051 25 28
node 16 21 0.3173344 26 27
node -1 0 -0.56604517 -1 -1
node -1 0 0.42603248 -1 -1
node 16 18 -0.27533895 29 30
node -1 0 1.5723041 -1 -1
node -1 0 -0.29349682 -1 -1
tree 31
node 55 27 -0.0054180995 1 16
node 32 22 -0.027996717 2 9
node 33 16 -0.08927765 3 6
node 55 20 -0.006750005 4 5
node -1 0 0.1303801 -1 -1
node -1 0 -0.18540004 -1 -1
node 75 22 -0.29472408 7 8
node -1 0 -0.34646267 -1 -1
node -1 0 0.21139073 -1 -1
node 77 4 0.08794878 10 13
node 57 4 -0.14514835 11 12
node -1 0 -0.38539982 -1 -1
node -1 0 0.03290354 -1 -1
node 80 30 0.17562322 14 15
node -1 0 0.2053691 -1 -1
node -1 0 -0.6326289 -1 -1
node 78 27 0.2102609 17 24
node 45 21 0.32420272 18 21
node 60 18 0.065871194 19 20
node -1 0 0.25349072 -1 -1
node -1 0 -0.5493298 -1 -1
node 80 19 0.7305213 22 23
node -1 0 0.29222167 -1 -1
node -1 0 1.771278 -1 -1
node 42 17 -0.6273972 25 28
node 32 12 -1.0553578 26 27
node -1 0 -1.2523917 -1 -1
node -1 0 -0.12242773 -1 -1
node 60 12 -0.2019441 29 30
node -1 0 1.2273219 -1 -1
node -1 0 -0.5362873 -1 -1
tree 31
node 38 0 0.0041429284 1 16
node 0 19 -0.5108939 2 9
node 30 5 -0.7150648 3 6
node 35 11 -0.2534346 4 5
node -1 0 -0.93140125 -1 -1
node -1 0 0.029779958 -1 -1
node 57 18 -0.8484574 7 8
node -1 0 -0.9444697 -1 -1
node -1 0 -0.33632866 -1 -1
node 76 10 -0.06412235 10 13
node 46 21 0.30153835 11 12
node -1 0 0.5666486 -1 -1
node -1 0 -0.9600912 -1 -1
node 8 5 -0.47884515 14 15
node -1 0 0.34482312 -1 -1
node -1 0 -0.64390963 -1 -1
node 78 13 0.01618846 17 24
node 9 25 -0.069053076 18 21
node 21 24 -0.15902296 19 20
node -1 0 -0.26089615 -1 -1
node -1 0 0.041219775 -1 -1
node 1 16 0.082342975 22 23
node -1 0 -0.1489389 -1 -1
node -1 0 0.2090503 -1 -1
node 48 18 0.07656301 25 28
node 78 27 -0.032166768 26 27
node -1 0 0.04564848 -1 -1
node -1 0 -0.5412933 -1 -1
node 59 14 0.1725914 29 30
node -1 0 0.23362172 -1 -1
node -1 0 -0.095873885 -1 -1
tree 31
node 75 21 -0.0012650345 1 16
node 78 27 -0.046677835 2 9
node 55 27 -0.010250324 3 6
node 76 4 -0.046671495 4 5
node -1 0 0.110893294 -1 -1
node -1 0 -0.10874654 -1 -1
node 80 16 0.4038691 7 8
node -1 0 0.0973825 -1 -1
node -1 0 0.7923281 -1 -1
node 6 23 -0.48261398 10 13
node 76 15 -0.61015123 11 12
node -1 0 -0.11325432 -1 -1
node -1 0 -0.8365825 -1 -1
node 56 9 0.5853873 14 15
node -1 0 -0.04518597 -1 -1
node -1 0 2.966405 -1 -1
node 55 20 0.11156469 17 24
node 2 29 0.2532775 18 21
node 66 19 0.32347453 19 20
node -1 0 0.23531967 -1 -1
node -1 0 0.6582031 -1 -1
node 4 28 -0.5176116 22 23
node -1 0 -0.08924608 -1 -1
node -1 0 -0.9345736 -1 -1
node 78 30 -0.05797155 25 28
node 69 5 -0.008249567 26 27
node -1 0 -0.26186585 -1 -1
node -1 0 0.13895918 -1 -1
node 9 3 -0.9856651 29 30
node -1 0 0.11670794 -1 -1
node -1 0 -1.1041816 -1 -1
tree 31
node 36 0 -0.0027382008 1 16
node 4 21 -0.4081726 2 9
node 57 7 -0.5500551 3 6
node 7 16 -0.7750464 4 5
node -1 0 -1.0372283 -1 -1
node -1 0 -0.42237025 -1 -1
node 45 8 -0.27449575 7 8
node -1 0 0.13257898 -1 -1
node -1 0 -0.92320186 -1 -1
node 40 4 0.028238935 10 13
node 34 24 0.46933955 11 12
node -1 0 0.038491752 -1 -1
node -1 0 1.2055045 -1 -1
node 64 12 -0.41750282 14 15
node -1 0 -0.76509756 -1 -1
node -1 0 0.54126567 -1 -1
node 15 19 0.0074557723 17 24
node 5 17 -0.050406665 18 21
node 78 7 0.012181903 19 20
node -1 0 -0.39441213 -1 -1
node -1 0 0.051422074 -1 -1
node 1 21 -0.26036882 22 23
node -1 0 -0.47678092 -1 -1
node -1 0 -0.0660603 -1 -1
node 13 24 0.085737094 25 28
node 72 5 0.14383788 26 27
node -1 0 0.27019617 -1 -1
node -1 0 0.029232891 -1 -1
node 75 8 -0.080905445 29 30
node -1 0 0.20766057 -1 -1
node -1 0 -0.26933903 -1 -1
tree 29
node 36 0 -0.0030416655 1 14
node 45 21 -0.4682022 2 9
node 57 4 -0.38027257 3 6
node 4 25 -0.66351575 4 5
node -1 0 -0.7439424 -1 -1
node -1 0 0.0424205 -1 -1
node 20 17 -0.14692228 7 8
node -1 0 -0.5638299 -1 -1
node -1 0 0.1905496 -1 -1
node 32 25 -0.856907 10 13
node 13 25 -0.9918361 11 12
node -1 0 -1.0982985 -1 -1
node -1 0 -0.24775386 -1 -1
node -1 0 -0.08095047 -1 -1
node 77 13 0.008368957 15 22
node 77 11 0.06836273 16 19
node 32 14 0.02008285 17 18
node -1 0 0.16110785 -1 -1
node -1 0 -0.06579219 -1 -1
node 67 26 0.30679184 20 21
node -1 0 0.41606018 -1 -1
node -1 0 -0.74295956 -1 -1
node 72 15 -0.072244965 23 26
node 33 23 -0.12899685 24 25
node -1 0 -0.19578746 -1 -1
node -1 0 0.2202931 -1 -1
node 80 18 0.15377295 27 28
node -1 0 -0.112532206 -1 -1
node -1 0 0.3916594 -1 -1
tree 29
node 28 21 0.0021659266 1 16
node 75 12 -0.051177748 2 9
node 32 15 -0.25194773 3 6
node 51 3 -0.02458975 4 5
node -1 0 0.3409909 -1 -1
node -1 0 -0.23579623 -1 -1
node 18 2 -0.38595155 7 8
node -1 0 0.57183343 -1 -1
node -1 0 -0.43241656 -1 -1
node 38 4 0.025962442 10 13
node 38 0 0.23533106 11 12
node -1 0 -0.57316124 -1 -1
node -1 0 0.30115595 -1 -1
node 78 30 -0.023775479 14 15
node -1 0 -0.00037201034 -1 -1
node -1 0 -0.8922857 -1 -1
node 52 9 0.09900224 17 24
node 14 14 0.11947679 18 21
node 17 0 0.37186894 19 20
node -1 0 -0.8682234 -1 -1
node -1 0 0.39684257 -1 -1
node 80 29 0.03337348 22 23
node -1 0 0.050064847 -1 -1
node -1 0 -0.97599816 -1 -1
node 50 15 -0.78219473 25 28
node 80 25 -0.91858596 26 27
node -1 0 -1.138415 -1 -1
node -1 0 -0.30884907 -1 -1
node -1 0 0.1374131 -1 -1
tree 31
node 77 13 -0.006773405 1 16
node 77 3 0.048717532 2 9
node 68 13 -0.15180422 3 6
node 75 12 -0.48221228 4 5
node -1 0 -0.7358729 -1 -1
node -1 0 -0.08852784 -1 -1
node 17 24 -0.06070386 7 8
node -1 0 0.07507743 -1 -1
node -1 0 -0.39535218 -1 -1
node 76 15 0.12378891 10 13
node 78 26 0.16713805 11 12
node -1 0 0.12622204 -1 -1
node -1 0 0.7199847 -1 -1
node 73 21 -0.18882836 14 15
node -1 0 -0.07586641 -1 -1
node -1 0 -1.0462279 -1 -1
node 76 18 -0.0832175 17 24
node 37 15 -0.25144666 18 21
node 54 24 -0.43258932 19 20
node -1 0 -0.49123007 -1 -1
node -1 0 0.48077586 -1 -1
node 75 23 -0.030025732 22 23
node -1 0 -0.108992435 -1 -1
node -1 0 0.6572871 -1 -1
node 74 17 0.0057367524 25 28
node 21 20 -0.04739345 26 27
node -1 0 -0.10605102 -1 -1
node -1 0 0.2225182 -1 -1
node 75 23 0.37910903 29 30
node -1 0 0.044114225 -1 -1
node -1 0 0.6824369 -1 -1
tree 31
node 15 21 -0.011452012 1 16
node 45 12 -0.059760634 2 9
node 46 21 -0.20920268 3 6
node 60 7 -0.3033521 4 5
node -1 0 -0.14612535 -1 -1
node -1 0 -0.51279867 -1 -1
node 17 17 0.012932495 7 8
node -1 0 0.156589 -1 -1
node -1 0 -0.5041135 -1 -1
node 7 29 -0.002173896 10 13
node 79 21 -0.024250073 11 12
node -1 0 -0.13583371 -1 -1
node -1 0 0.11722919 -1 -1
node 27 17 0.5586539 14 15
node -1 0 1.238945 -1 -1
node -1 0 0.3214185 -1 -1
node 11 24 0.07378912 17 24
node 6 23 0.16367908 18 21
node 66 1 0.091907114 19 20
node -1 0 -0.2465513 -1 -1
node -1 0 0.15276887 -1 -1
node 24 12 0.5169625 22 23
node -1 0 -0.14733171 -1 -1
node -1 0 0.65703595 -1 -1
node 53 2 -0.06690183 25 28
node 57 4 -0.38741228 26 27
node -1 0 -0.5103791 -1 -1
node -1 0 0.4907492 -1 -1
node 35 2 0.037711613 29 30
node -1 0 -0.5158851 -1 -1
node -1 0 0.11670977 -1 -1
tree 31
node 79 2 0.0040723304 1 16
node 80 9 -0.23786601 2 9
node 39 2 -0.29903597 3 6
node 6 27 -0.77595615 4 5
node -1 0 -0.8837434 -1 -1
node -1 0 0.29742363 -1 -1
node 24 18 -0.22888891 7 8
node -1 0 -0.45459902 -1 -1
node -1 0 -0.0781103 -1 -1
node 12 19 0.13879387 10 13
node 12 10 0.7133099 11 12
node -1 0 0.15299338 -1 -1
node -1 0 1.1508329 -1 -1
node 68 1 -0.42941424 14 15
node -1 0 0.4497867 -1 -1
node -1 0 -0.8968228 -1 -1
node 37 0 0.025670953 17 24
node 2 17 -0.4301631 18 21
node 75 8 -0.6722658 19 20
node -1 0 -0.1864129 -1 -1
node -1 0 -0.899303 -1 -1
node 75 23 -0.051485576 22 23
node -1 0 -0.4075442 -1 -1
node -1 0 1.5082822 -1 -1
node 18 23 0.037545897 25 28
node 36 7 -0.002620754 26 27
node -1 0 0.14786655 -1 -1
node -1 0 -0.060470413 -1 -1
node 14 13 0.14535786 29 30
node -1 0 0.43598774 -1 -1
node -1 0 0.07829542 -1 -1
tree 31
node 63 22 -0.009060593 1 16
node 54 25 0.0020425043 2 9
node 3 0 -0.01787894 3 6
node 14 2 -0.38015527 4 5
node -1 0 0.006798972 -1 -1
node -1 0 -0.55784684 -1 -1
node 21 21 -0.004736162 7 8
node -1 0 -0.05917781 -1 -1
node -1 0 0.08567859 -1 -1
node 74 2 0.191595 10 13
node 6 1 0.48359844 11 12
node -1 0 1.3624934 -1 -1
node -1 0 0.37734872 -1 -1
node 49 17 -0.00014675774 14 15
node -1 0 0.13617024 -1 -1
node -1 0 -0.5505772 -1 -1
node 57 16 -0.33784866 17 24
node 10 12 -0.13179179 18 21
node 45 21 0.49789417 19 20
node -1 0 0.06463671 -1 -1
node -1 0 1.1573665 -1 -1
node 6 16 -0.37334207 22 23
node -1 0 -0.75725144 -1 -1
node -1 0 -0.12077987 -1 -1
node 75 20 -0.771442 25 28
node 66 25 -1.0276908 26 27
node -1 0 -0.6237676 -1 -1
node -1 0 -1.2168027 -1 -1
node 2 14 -0.28255278 29 30
node -1 0 0.27490783 -1 -1
node -1 0 -1.045404 -1 -1
tree 31
node 76 4 0.0041561234 1 16
node 32 15 0.13743009 2 9
node 56 26 0.44966546 3 6
node 12 22 0.5644442 4 5
node -1 0 0.6766409 -1 -1
node -1 0 -0.034127675 -1 -1
node 29 9 -0.8093237 7 8
node -1 0 -1.021514 -1 -1
node -1 0 -0.12773748 -1 -1
node 78 2 0.053754687 10 13
node 45 9 0.5531283 11 12
node -1 0 -0.18069078 -1 -1
node -1 0 0.835181 -1 -1
node 68 8 -0.031181296 14 15
node -1 0 -0.59965336 -1 -1
node -1 0 0.04500163 -1 -1
node 76 7 -0.027479177 17 24
node 22 18 -0.27203962 18 21
node 32 21 -0.00228042 19 20
node -1 0 -0.11942684 -1 -1
node -1 0 0.6692029 -1 -1
node 78 25 -0.43258604 22 23
node -1 0 -0.5554332 -1 -1
node -1 0 0.39049557 -1 -1
node 55 1 0.008396833 25 28
node 27 13 0.2833204 26 27
node -1 0 1.0689998 -1 -1
node -1 0 0.17876291 -1 -1
node 55 27 -0.016942937 29 30
node -1 0 -0.048982356 -1 -1
node -1 0 0.20756504 -1 -1
tree 31
node 49 0 -0.008527923 1 16
node 10 13 0.056380305 2 9
node 78 7 0.18476601 3 6
node 39 2 -0.29396096 4 5
node -1 0 -0.6869955 -1 -1
node -1 0 -0.041683823 -1 -1
node 36 23 0.27343678 7 8
node -1 0 0.1530581 -1 -1
node -1 0 0.511523 -1 -1
node 3 14 -0.02608817 10 13
node 52 2 -0.19714655 11 12
node -1 0 -0.4113469 -1 -1
node -1 0 -0.01870547 -1 -1
node 46 6 0.06846715 14 15
node -1 0 -0.39445677 -1 -1
node -1 0 0.12901594 -1 -1
node 48 11 -0.077229396 17 24
node 47 18 -0.25154522 18 21
node 78 17 -0.44351313 19 20
node -1 0 -0.17833197 -1 -1
node -1 0 -0.71340495 -1 -1
node 80 19 -0.016692437 22 23
node -1 0 -0.3892567 -1 -1
node -1 0 0.19496422 -1 -1
node 14 22 -0.018229209 25 28
node 77 4 0.015534114 26 27
node -1 0 -0.21740483 -1 -1
node -1 0 0.063784234 -1 -1
node 78 28 -0.40484554 29 30
node -1 0 -0.23556638 -1 -1
node -1 0 -1.0129818 -1 -1
tree 31
node 66 21 -0.0021822725 1 16
node 17 23 -0.03274229 2 9
node 17 18 -0.07575322 3 6
node 43 5 -0.03244074 4 5
node -1 0 0.117970295 -1 -1
node -1 0 -0.078111045 -1 -1
node 22 9 -0.28986293 7 8
node -1 0 2.4735165 -1 -1
node -1 0 -0.31151164 -1 -1
node 11 26 0.08262153 10 13
node 76 17 0.18174562 11 12
node -1 0 0.097252704 -1 -1
node -1 0 0.5875761 -1 -1
node 27 16 -0.11751505 14 15
node -1 0 0.6091453 -1 -1
node -1 0 -0.20954524 -1 -1
node 66 25 0.1305687 17 24
node 12 26 0.21639904 18 21
node 78 26 0.28879717 19 20
node -1 0 0.19571467 -1 -1
node -1 0 0.8074204 -1 -1
node 76 4 -0.16427465 22 23
node -1 0 0.6717003 -1 -1
node -1 0 -0.37931296 -1 -1
node 52 14 -0.21672904 25 28
node 52 11 0.0020801853 26 27
node -1 0 -0.19350307 -1 -1
node -1 0 0.82598144 -1 -1
node 78 26 -0.62931186 29 30
node -1 0 -0.23569971 -1 -1
node -1 0 -1.146074 -1 -1
tree 31
node 66 25 0.0035857114 1 16
node 66 20 0.016385606 2 9
node 19 19 -0.017946396 3 6
node 41 8 -0.08940594 4 5
node -1 0 0.09217666 -1 -1
node -1 0 -0.184318 -1 -1
node 11 24 0.072484985 7 8
node -1 0 0.14075796 -1 -1
node -1 0 -0.15331526 -1 -1
node 80 17 0.15870474 10 13
node 61 1 0.023198316 11 12
node -1 0 0.11739281 -1 -1
node -1 0 -0.2966677 -1 -1
node 78 29 0.33133692 14 15
node -1 0 0.39738485 -1 -1
node -1 0 -0.32942796 -1 -1
node 76 12 -0.33391562 17 24
node 75 11 -0.021224832 18 21
node 62 14 -0.4133639 19 20
node -1 0 0.24347591 -1 -1
node -1 0 -0.94488275 -1 -1
node 63 16 0.48886144 22 23
node -1 0 -0.35364074 -1 -1
node -1 0 0.9366605 -1 -1
node 56 19 -0.6611197 25 28
node 56 10 -0.30168268 26 27
node -1 0 -0.7514819 -1 -1
node -1 0 0.15549788 -1 -1
node 80 10 -1.0519199 29 30
node -1 0 0.26375985 -1 -1
node -1 0 -1.1469456 -1 -1
tree 31
node 55 27 0.006928067 1 16
node 75 21 -0.013138443 2 9
node 26 21 -0.0584233 3 6
node 29 20 -0.15672721 4 5
node -1 0 -0.26571742 -1 -1
node -1 0 0.018874224 -1 -1
node 55 0 0.04762441 7 8
node -1 0 0.44192034 -1 -1
node -1 0 0.011215638 -1 -1
node 42 0 0.103909604 10 13
node 74 17 0.8095906 11 12
node -1 0 0.41621625 -1 -1
node -1 0 1.9737457 -1 -1
node 46 20 0.07210782 14 15
node -1 0 -0.0569751 -1 -1
node -1 0 0.21287026 -1 -1
node 2 3 0.19648989 17 24
node 77 17 0.7054874 18 21
node 0 4 1.094128 19 20
node -1 0 1.6431572 -1 -1
node -1 0 0.41273203 -1 -1
node 68 10 -0.12598987 22 23
node -1 0 -0.539172 -1 -1
node -1 0 1.3686547 -1 -1
node 41 17 0.09857761 25 28
node 64 19 -0.27256396 26 27
node -1 0 -0.39681944 -1 -1
node -1 0 0.3694952 -1 -1
node 27 12 0.32257813 29 30
node -1 0 0.4387124 -1 -1
node -1 0 -0.5642957 -1 -1
tree 31
node 71 18 0.011251555 1 16
node 53 4 -0.023259362 2 9
node 57 2 -0.123458706 3 6
node 6 21 -0.34083557 4 5
node -1 0 -0.7475531 -1 -1
node -1 0 -0.19991684 -1 -1
node 62 13 -0.020416846 7 8
node -1 0 0.05241705 -1 -1
node -1 0 -0.32513696 -1 -1
node 15 19 0.0249837 10 13
node 55 27 -0.06732879 11 12
node -1 0 -0.11505088 -1 -1
node -1 0 0.20985834 -1 -1
node 72 5 0.15017664 14 15
node -1 0 0.27856535 -1 -1
node -1 0 -0.014692416 -1 -1
node 66 5 0.13271362 17 24
node 38 1 0.44319573 18 21
node 1 15 -0.49666113 19 20
node -1 0 -0.8949582 -1 -1
node -1 0 0.13622884 -1 -1
node 79 25 0.5207337 22 23
node -1 0 0.43580157 -1 -1
node -1 0 1.3303496 -1 -1
node 72 21 0.07125733 25 28
node 79 23 0.16402417 26 27
node -1 0 0.052567035 -1 -1
node -1 0 0.4140329 -1 -1
node 75 23 -0.15830742 29 30
node -1 0 -0.30359766 -1 -1
node -1 0 0.4284662 -1 -1
tree 31
node 10 13 0.0002464585 1 16
node 38 0 0.07560386 2 9
node 46 10 -0.62785643 3 6
node 58 11 -0.39410543 4 5
node -1 0 -0.63931036 -1 -1
node -1 0 -0.07045331 -1 -1
node 78 14 -1.0152035 7 8
node -1 0 -0.22370514 -1 -1
node -1 0 -1.152107 -1 -1
node 64 1 0.09635447 10 13
node 41 17 0.26148352 11 12
node -1 0 0.005197337 -1 -1
node -1 0 0.5084686 -1 -1
node 77 13 0.010503211 14 15
node -1 0 0.14835767 -1 -1
node -1 0 -0.16701925 -1 -1
node 59 14 -0.05437138 17 24
node 78 2 -0.028486483 18 21
node 4 20 0.2369548 19 20
node -1 0 -0.37760535 -1 -1
node -1 0 0.47507837 -1 -1
node 78 24 -0.06827327 22 23
node -1 0 -0.12892349 -1 -1
node -1 0 0.18479124 -1 -1
node 41 1 -0.47069013 25 28
node 33 13 1.0790741 26 27
node -1 0 -0.09769592 -1 -1
node -1 0 1.8858474 -1 -1
node 78 29 -0.5607758 29 30
node -1 0 -0.4605527 -1 -1
node -1 0 -1.1913713 -1 -1
tree 27
node 78 29 -0.004620539 1 16
node 79 24 0.011786052 2 9
node 61 0 -0.026074657 3 6
node 54 4 0.037414856 4 5
node -1 0 -0.13469951 -1 -1
node -1 0 0.08980186 -1 -1
node 49 10 -0.12823959 7 8
node -1 0 -0.04164899 -1 -1
node -1 0 -0.52676135 -1 -1
node 45 18 0.18202417 10 13
node 61 2 -0.08580424 11 12
node -1 0 0.31405225 -1 -1
node -1 0 -0.25011837 -1 -1
node 52 19 0.35476756 14 15
node -1 0 0.26415786 -1 -1
node -1 0 0.97448546 -1 -1
node 42 0 -0.2742826 17 20
node 38 1 1.7495944 18 19
node -1 0 2.6514935 -1 -1
node -1 0 0.028540762 -1 -1
node 75 21 -0.3694745 21 24
node 80 30 -0.7099975 22 23
node -1 0 -0.8892497 -1 -1
node -1 0 0.46623474 -1 -1
node 51 14 -0.18985406 25 26
node -1 0 0.01673732 -1 -1
node -1 0 -0.76368344 -1 -1
tree 31
node 32 14 -0.015094136 1 16
node 76 15 0.055575084 2 9
node 55 2 0.18617171 3 6
node 78 15 0.7534615 4 5
node -1 0 0.9503273 -1 -1
node -1 0 -0.10580977 -1 -1
node 55 3 0.1469858 7 8
node -1 0 -0.8816348 -1 -1
node -1 0 0.17148569 -1 -1
node 45 21 -0.049959622 10 13
node 2 28 -0.18432233 11 12
node -1 0 -0.15317559 -1 -1
node -1 0 -0.90610164 -1 -1
node 40 17 0.11406345 14 15
node -1 0 -0.10026113 -1 -1
node -1 0 0.3629942 -1 -1
node 33 21 -0.078608006 17 24
node 78 19 -0.22336717 18 21
node 42 4 -0.31817514 19 20
node -1 0 0.051432386 -1 -1
node -1 0 -0.38625035 -1 -1
node 73 15 0.004556225 22 23
node -1 0 -0.17474952 -1 -1
node -1 0 0.4816317 -1 -1
node 31 19 0.010467852 25 28
node 54 7 -0.29968578 26 27
node -1 0 -0.52073795 -1 -1
node -1 0 -0.024939429 -1 -1
node 58 9 0.054409057 29 30
node -1 0 0.08331033 -1 -1
node -1 0 -0.29349634 -1 -1
tree 29
node 61 0 0.0005915535 1 16
node 54 4 0.06116077 2 9
node 58 3 -0.1107706 3 6
node 6 21 -0.27171865 4 5
node -1 0 -0.6667033 -1 -1
node -1 0 0.0021319175 -1 -1
node 31 23 0.17364363 7 8
node -1 0 -0.08628656 -1 -1
node -1 0 0.6764912 -1 -1
node 79 1 0.11243488 10 13
node 14 19 -0.2024187 11 12
node -1 0 -0.4862204 -1 -1
node -1 0 0.12615675 -1 -1
node 48 7 0.13190708 14 15
node -1 0 -0.07138342 -1 -1
node -1 0 0.16692671 -1 -1
node 10 21 -0.06360935 17 24
node 47 11 -0.02508998 18 21
node 48 16 -0.21022312 19 20
node -1 0 -0.45243445 -1 -1
node -1 0 0.016718639 -1 -1
node 18 23 0.035405666 22 23
node -1 0 -0.031452097 -1 -1
node -1 0 0.24460515 -1 -1
node 20 12 -0.40124205 25 26
node -1 0 1.2748171 -1 -1
node 66 23 -0.43003738 27 28
node -1 0 -0.33576837 -1 -1
node -1 0 -0.8759873 -1 -1
tree 31
node 38 0 -0.0036949655 1 16
node 0 19 -0.43652862 2 9
node 79 9 -0.6358554 3 6
node 65 20 -0.3265167 4 5
node -1 0 -0.47351086 -1 -1
node -1 0 0.9370502 -1 -1
node 12 27 -0.8598118 7 8
node -1 0 -0.9550204 -1 -1
node -1 0 -0.0448688 -1 -1
node 65 1 0.00721469 10 13
node 79 10 -0.7248566 11 12
node -1 0 -1.0792724 -1 -1
node -1 0 -0.25030202 -1 -1
node 76 11 0.27659017 14 15
node -1 0 0.6723577 -1 -1
node -1 0 -0.355503 -1 -1
node 70 16 0.0062617743 17 24
node 64 15 -0.03766251 18 21
node 56 23 -0.08929397 19 20
node -1 0 -0.13289489 -1 -1
node -1 0 0.12414935 -1 -1
node 9 15 0.18002778 22 23
node -1 0 0.32996663 -1 -1
node -1 0 -0.05503709 -1 -1
node 62 13 0.08263225 25 28
node 69 26 0.20077834 26 27
node -1 0 0.23705436 -1 -1
node -1 0 -0.24330372 -1 -1
node 74 9 -0.077994704 29 30
node -1 0 0.17900595 -1 -1
node -1 0 -0.18820879 -1 -1
tree 31
node 69 26 0.005837335 1 16
node 77 0 0.017330313 2 9
node 68 4 0.30404213 3 6
node 18 19 -0.6172768 4 5
node -1 0 -1.0638331 -1 -1
node -1 0 0.09910966 -1 -1
node 78 13 0.42659247 7 8
node -1 0 -3.317476E-05 -1 -1
node -1 0 0.78655833 -1 -1
node 77 3 0.0050412887 10 13
node 41 8 -0.20523258 11 12
node -1 0 0.076304905 -1 -1
node -1 0 -0.31291074 -1 -1
node 77 13 0.03517141 14 15
node -1 0 0.11301158 -1 -1
node -1 0 -0.03968646 -1 -1
node 38 9 -0.29095247 17 24
node 38 6 -0.6688027 18 21
node 18 11 -0.31099284 19 20
node -1 0 0.23510747 -1 -1
node -1 0 -0.5935481 -1 -1
node 78 16 -1.038498 22 23
node -1 0 -0.17910288 -1 -1
node -1 0 -1.3646712 -1 -1
node 60 5 0.015711937 25 28
node 75 8 -0.25143337 26 27
node -1 0 0.10744502 -1 -1
node -1 0 -0.52300173 -1 -1
node 77 3 0.41104198 29 30
node -1 0 -0.93762195 -1 -1
node -1 0 0.59449357 -1 -1
tree 27
node 78 28 -0.010570107 1 16
node 79 25 0.007262883 2 9
node 61 0 -0.029053958 3 6
node 41 8 0.027114037 4 5
node -1 0 0.15747753 -1 -1
node -1 0 -0.02504999 -1 -1
node 49 1 -0.1181249 7 8
node -1 0 0.010164784 -1 -1
node -1 0 -0.33821994 -1 -1
node 72 8 0.27384436 10 13
node 63 13 -0.03181056 11 12
node -1 0 -0.19260041 -1 -1
node -1 0 0.7890347 -1 -1
node 71 23 0.48604846 14 15
node -1 0 0.5901057 -1 -1
node -1 0 -0.3968013 -1 -1
node 41 0 -0.18790919 17 20
node 75 22 1.6996415 18 19
node -1 0 -0.8819853 -1 -1
node -1 0 2.3818147 -1 -1
node 48 18 -0.24285856 21 24
node 7 26 -0.70500034 22 23
node -1 0 -0.80233353 -1 -1
node -1 0 1.7289691 -1 -1
node 77 17 -0.08714985 25 26
node -1 0 -0.47832853 -1 -1
node -1 0 0.09480346 -1 -1
tree 31
node 1 13 -0.0022523275 1 16
node 18 2 -0.07353783 2 9
node 65 1 0.21178533 3 6
node 10 7 0.78894 4 5
node -1 0 1.0699283 -1 -1
node -1 0 -0.33442825 -1 -1
node 78 23 0.015264885 7 8
node -1 0 0.28878567 -1 -1
node -1 0 -0.43599933 -1 -1
node 77 17 -0.12491459 10 13
node 78 30 -0.056871735 11 12
node -1 0 -0.038596306 -1 -1
node -1 0 -1.2344031 -1 -1
node 16 23 -0.29001614 14 15
node -1 0 -0.36800975 -1 -1
node -1 0 0.3455271 -1 -1
node 18 7 0.051726513 17 24
node 3 23 -0.22441658 18 21
node 9 10 -0.17854752 19 20
node -1 0 0.0025757393 -1 -1
node -1 0 -0.37507686 -1 -1
node 0 15 -0.8741983 22 23
node -1 0 0.14008729 -1 -1
node -1 0 -1.0750152 -1 -1
node 80 25 0.09299736 25 28
node 18 9 0.05394038 26 27
node -1 0 0.3965085 -1 -1
node -1 0 0.017148918 -1 -1
node 26 9 0.29451025 29 30
node -1 0 -0.22728652 -1 -1
node -1 0 0.5087953 -1 -1
tree 31
node 72 22 0.0036085325 1 16
node 72 19 0.015074189 2 9
node 37 21 -0.0070509813 3 6
node 78 19 -0.047638416 4 5
node -1 0 -0.112101406 -1 -1
node -1 0 0.0454941 -1 -1
node 14 13 0.082291216 7 8
node -1 0 0.20945401 -1 -1
node -1 0 -0.022893384 -1 -1
node 37 21 0.18048428 10 13
node 57 11 0.27905384 11 12
node -1 0 0.0390893 -1 -1
node -1 0 0.5265178 -1 -1
node 62 17 -0.12683062 14 15
node -1 0 0.08389743 -1 -1
node -1 0 -0.72810215 -1 -1
node 78 27 -0.32782984 17 24
node 12 2 -0.19297592 18 21
node 47 10 0.6137786 19 20
node -1 0 1.6248516 -1 -1
node -1 0 0.0686195 -1 -1
node 75 17 -0.30987075 22 23
node -1 0 -0.5192889 -1 -1
node -1 0 0.075494446 -1 -1
node 25 11 -0.8138956 25 28
node 75 23 -1.1524761 26 27
node -1 0 -1.2086992 -1 -1
node -1 0 -0.714928 -1 -1
node 11 19 0.012948426 29 30
node -1 0 1.364198 -1 -1
node -1 0 -0.95458704 -1 -1
tree 25
node 78 29 0.0029437384 1 16
node 79 23 0.01635774 2 9
node 49 0 -0.023488041 3 6
node 3 13 0.036770098 4 5
node -1 0 -0.079966165 -1 -1
node -1 0 0.099048965 -1 -1
node 21 23 -0.12783805 7 8
node -1 0 -0.23711868 -1 -1
node -1 0 0.109345146 -1 -1
node 80 30 0.16451204 10 13
node 47 18 0.20980786 11 12
node -1 0 -0.0028794317 -1 -1
node -1 0 0.38503385 -1 -1
node 4 14 -0.5091012 14 15
node -1 0 -1.254126 -1 -1
node -1 0 0.40775162 -1 -1
node 41 0 -0.21499695 17 18
node -1 0 1.8933624 -1 -1
node 48 18 -0.29304335 19 22
node 80 15 -0.9141081 20 21
node -1 0 1.4706702 -1 -1
node -1 0 -1.0205128 -1 -1
node 72 7 -0.14048454 23 24
node -1 0 0.10693676 -1 -1
node -1 0 -0.49423942 -1 -1
tree 31
node 77 3 -0.0014034632 1 16
node 22 15 -0.13529515 2 9
node 76 1 0.07329359 3 6
node 78 23 0.83072686 4 5
node -1 0 1.2617002 -1 -1
node -1 0 -0.27109084 -1 -1
node 68 4 -0.09581811 7 8
node -1 0 -0.9531173 -1 -1
node -1 0 0.029074302 -1 -1
node 3 18 -0.2522621 10 13
node 27 21 -0.4200265 11 12
node -1 0 -0.75097024 -1 -1
node -1 0 -0.27312306 -1 -1
node 80 19 -0.03550285 14 15
node -1 0 -0.11739588 -1 -1
node -1 0 0.5200499 -1 -1
node 77 13 0.024100877 17 24
node 68 13 0.09553777 18 21
node 75 18 0.25607595 19 20
node -1 0 0.1639863 -1 -1
node -1 0 0.5861885 -1 -1
node 40 17 -0.013999575 22 23
node -1 0 -0.12137565 -1 -1
node -1 0 0.13421963 -1 -1
node 76 18 -0.04960214 25 28
node 37 15 -0.20406444 26 27
node -1 0 -0.38986096 -1 -1
node -1 0 0.009938453 -1 -1
node 62 17 0.031208482 29 30
node -1 0 -0.015267596 -1 -1
node -1 0 0.37148392 -1 -1
tree 25
node 37 0 -0.0033212837 1 10
node 78 29 -0.36027268 2 9
node 26 7 -0.44841352 3 6
node 35 21 -0.92128074 4 5
node -1 0 -1.016537 -1 -1
node -1 0 -0.3324748 -1 -1
node 54 24 -0.33969548 7 8
node -1 0 -0.40829515 -1 -1
node -1 0 0.6727705 -1 -1
node -1 0 1.3369114 -1 -1
node 78 29 0.006233265 11 18
node 80 17 0.022411857 12 15
node 24 18 -0.0358524 13 14
node -1 0 -0.15512092 -1 -1
node -1 0 0.041794382 -1 -1
node 70 25 0.10673183 16 17
node -1 0 0.13278902 -1 -1
node -1 0 -0.468608 -1 -1
node 1 2 -0.25848043 19 22
node 42 2 -0.9465311 20 21
node -1 0 0.10409377 -1 -1
node -1 0 -1.1714623 -1 -1
node 75 23 -0.16254555 23 24
node -1 0 -0.4665032 -1 -1
node -1 0 0.09106083 -1 -1
tree 31
node 61 0 0.0016836349 1 16
node 37 0 0.06777942 2 9
node 46 19 -0.36603358 3 6
node 76 7 -0.10491627 4 5
node -1 0 0.3905264 -1 -1
node -1 0 -0.33796617 -1 -1
node 35 7 -0.7292699 7 8
node -1 0 -0.45569518 -1 -1
node -1 0 -1.0586127 -1 -1
node 14 14 0.081185564 10 13
node 78 7 0.17013103 11 12
node -1 0 -0.42588842 -1 -1
node -1 0 0.28392988 -1 -1
node 78 2 0.017533114 14 15
node -1 0 0.33428952 -1 -1
node -1 0 -0.05310607 -1 -1
node 0 19 -0.06842278 17 24
node 47 12 -0.029636899 18 21
node 46 18 -0.1900742 19 20
node -1 0 -0.39215794 -1 -1
node -1 0 0.027628336 -1 -1
node 78 7 0.0322691 22 23
node -1 0 -0.41481537 -1 -1
node -1 0 0.06326603 -1 -1
node 80 2 -0.27936837 25 28
node 6 25 0.33420762 26 27
node -1 0 0.769547 -1 -1
node -1 0 -0.40563187 -1 -1
node 80 8 -0.4177779 29 30
node -1 0 -0.16397533 -1 -1
node -1 0 -0.5483041 -1 -1
tree 31
node 61 0 -0.0062421607 1 16
node 54 4 0.047876127 2 9
node 59 3 -0.090889566 3 6
node 24 10 -0.18871056 4 5
node -1 0 0.5238253 -1 -1
node -1 0 -0.24761452 -1 -1
node 67 9 0.24930261 7 8
node -1 0 0.5293108 -1 -1
node -1 0 -0.083651304 -1 -1
node 67 1 0.08773913 10 13
node 76 15 -0.24504349 11 12
node -1 0 -0.7686995 -1 -1
node -1 0 -0.051317044 -1 -1
node 74 14 0.11358806 14 15
node -1 0 0.1525375 -1 -1
node -1 0 -0.10858133 -1 -1
node 48 18 -0.063887164 17 24
node 78 27 -0.15924428 18 21
node 45 14 -0.108729675 19 20
node -1 0 -0.32468322 -1 -1
node -1 0 0.012782712 -1 -1
node 38 1 -0.57285726 22 23
node -1 0 1.2398425 -1 -1
node -1 0 -0.6635751 -1 -1
node 80 20 0.03641383 25 28
node 42 4 -0.17323856 26 27
node -1 0 0.43012077 -1 -1
node -1 0 -0.27453285 -1 -1
node 56 21 0.13587762 29 30
node -1 0 0.24078904 -1 -1
node -1 0 -0.1671518 -1 -1
tree 31
node 7 29 0.00017403626 1 16
node 12 26 -0.013354618 2 9
node 24 18 0.009277229 3 6
node 79 22 -0.049518507 4 5
node -1 0 -0.1262658 -1 -1
node -1 0 0.06062056 -1 -1
node 41 17 0.08472186 7 8
node -1 0 -0.01560387 -1 -1
node -1 0 0.18204518 -1 -1
node 22 16 -0.22827609 10 13
node 78 19 1.247682 11 12
node -1 0 -0.020912517 -1 -1
node -1 0 2.743306 -1 -1
node 27 24 -0.25890386 14 15
node -1 0 -0.42984632 -1 -1
node -1 0 -0.0859953 -1 -1
node 2 17 0.23300543 17 24
node 30 22 -0.28163132 18 21
node 78 1 0.046157677 19 20
node -1 0 1.1752579 -1 -1
node -1 0 -0.0969909 -1 -1
node 16 23 -0.99152756 22 23
node -1 0 -0.26083374 -1 -1
node -1 0 -1.1377397 -1 -1
node 27 17 0.37251714 25 28
node 22 24 1.1397434 26 27
node -1 0 -0.10274122 -1 -1
node -1 0 1.5843631 -1 -1
node 4 28 0.23981225 29 30
node -1 0 0.43337375 -1 -1
node -1 0 -0.28931144 -1 -1
tree 31
node 10 13 -0.0022283196 1 16
node 78 7 0.05832488 2 9
node 39 2 -0.2734532 3 6
node 52 5 -0.72725666 4 5
node -1 0 -0.84173054 -1 -1
node -1 0 -0.2694484 -1 -1
node 43 18 0.0121442685 7 8
node -1 0 0.3008767 -1 -1
node -1 0 -0.28264427 -1 -1
node 78 25 0.091822654 10 13
node 62 2 0.17558718 11 12
node -1 0 0.32590663 -1 -1
node -1 0 0.06485015 -1 -1
node 45 20 -0.11790284 14 15
node -1 0 -0.39683092 -1 -1
node -1 0 0.07058686 -1 -1
node 58 15 -0.045888513 17 24
node 27 16 -0.01614246 18 21
node 55 2 0.0996652 19 20
node -1 0 0.94307065 -1 -1
node -1 0 0.06456356 -1 -1
node 23 21 -0.10187687 22 23
node -1 0 -0.27731284 -1 -1
node -1 0 -0.0047402875 -1 -1
node 41 1 -0.40354377 25 28
node 12 18 0.85723245 26 27
node -1 0 -0.16759889 -1 -1
node -1 0 1.6158227 -1 -1
node 55 23 -0.4689289 29 30
node -1 0 -0.19778123 -1 -1
node -1 0 -0.6620886 -1 -1
tree 25
node 78 29 -0.009174865 1 16
node 37 0 0.0045096274 2 9
node 75 8 -0.39403215 3 6
node 51 4 -0.034749735 4 5
node -1 0 0.25414097 -1 -1
node -1 0 -0.65689737 -1 -1
node 56 23 -0.5938707 7 8
node -1 0 -0.69682837 -1 -1
node -1 0 0.25687522 -1 -1
node 79 25 0.015195613 10 13
node 49 0 -0.012192808 11 12
node -1 0 0.046953723 -1 -1
node -1 0 -0.10586729 -1 -1
node 45 16 0.17482592 14 15
node -1 0 -0.12313396 -1 -1
node -1 0 0.30032697 -1 -1
node 41 0 -0.23584898 17 18
node -1 0 1.6283079 -1 -1
node 48 18 -0.29850745 19 22
node 68 24 -0.8571847 20 21
node -1 0 -0.9775831 -1 -1
node -1 0 0.32294124 -1 -1
node 71 7 -0.17557542 23 24
node -1 0 0.08140795 -1 -1
node -1 0 -0.5350979 -1 -1
tree 31
node 18 23 0.0040657087 1 16
node 18 17 -0.029034456 2 9
node 67 5 0.012390634 3 6
node 23 13 -0.13320887 4 5
node -1 0 -0.25725693 -1 -1
node -1 0 0.22216484 -1 -1
node 67 8 0.06178659 7 8
node -1 0 0.3322443 -1 -1
node -1 0 0.012090498 -1 -1
node 17 23 -0.18180735 10 13
node 36 4 -0.309518 11 12
node -1 0 0.25018835 -1 -1
node -1 0 -0.3856619 -1 -1
node 55 4 0.07857693 14 15
node -1 0 -0.3565133 -1 -1
node -1 0 0.27428356 -1 -1
node 13 24 0.08950922 17 24
node 77 4 0.21896715 18 21
node 77 0 -0.07078259 19 20
node -1 0 0.7116092 -1 -1
node -1 0 -0.20838831 -1 -1
node 36 8 0.31745625 22 23
node -1 0 0.005807824 -1 -1
node -1 0 0.4108444 -1 -1
node 71 4 -0.012378865 25 28
node 45 11 -0.3766369 26 27
node -1 0 -0.80110157 -1 -1
node -1 0 -0.21625982 -1 -1
node 39 1 0.09553634 29 30
node -1 0 -0.6049355 -1 -1
node -1 0 0.14213914 -1 -1
tree 29
node 79 1 -0.0016513575 1 14
node 35 2 -0.2423902 2 7
node 67 0 -0.860569 3 4
node -1 0 0.14991438 -1 -1
node 4 24 -0.9335781 5 6
node -1 0 -1.0440034 -1 -1
node -1 0 -0.014571584 -1 -1
node 29 3 -0.14868009 8 11
node 42 7 0.48604566 9 10
node -1 0 1.2991722 -1 -1
node -1 0 -0.007760991 -1 -1
node 31 19 -0.23203509 12 13
node -1 0 -0.50933534 -1 -1
node -1 0 0.03512306 -1 -1
node 76 4 0.010127127 15 22
node 56 26 0.11728702 16 19
node 32 17 0.13953233 17 18
node -1 0 0.4195312 -1 -1
node -1 0 0.046720278 -1 -1
node 69 8 -0.9187238 20 21
node -1 0 0.01946644 -1 -1
node -1 0 -1.141339 -1 -1
node 76 7 -0.014861769 23 26
node 22 17 -0.27094182 24 25
node -1 0 0.051186547 -1 -1
node -1 0 -0.4634579 -1 -1
node 38 0 0.023382276 27 28
node -1 0 -0.4636834 -1 -1
node -1 0 0.03330781 -1 -1
tree 31
node 40 17 -0.001175406 1 16
node 41 8 -0.04951345 2 9
node 7 2 0.04554374 3 6
node 48 18 0.42212734 4 5
node -1 0 0.015129289 -1 -1
node -1 0 0.7500712 -1 -1
node 7 14 -0.0032303676 7 8
node -1 0 -0.20150593 -1 -1
node -1 0 0.13025166 -1 -1
node 78 0 -0.12465971 10 13
node 7 27 0.4034565 11 12
node -1 0 0.16236201 -1 -1
node -1 0 1.4209822 -1 -1
node 10 14 -0.15280516 14 15
node -1 0 -0.048906796 -1 -1
node -1 0 -0.23720922 -1 -1
node 78 10 0.060061444 17 24
node 78 2 -0.12571222 18 21
node 59 2 0.14040986 19 20
node -1 0 0.36037505 -1 -1
node -1 0 -0.47216943 -1 -1
node 77 2 -0.23126772 22 23
node -1 0 -0.7684117 -1 -1
node -1 0 -0.16260669 -1 -1
node 3 3 0.13170078 25 28
node 80 24 -0.11674427 26 27
node -1 0 0.13808069 -1 -1
node -1 0 -0.5121965 -1 -1
node 36 2 0.18092835 29 30
node -1 0 -0.38616315 -1 -1
node -1 0 0.20526497 -1 -1
tree 31
node 3 0 -0.0042191576 1 16
node 13 8 -0.27484828 2 9
node 74 2 -0.09939638 3 6
node 78 14 0.22443086 4 5
node -1 0 -0.35067728 -1 -1
node -1 0 0.5580037 -1 -1
node 41 16 -0.33443657 7 8
node -1 0 -0.08293499 -1 -1
node -1 0 -0.6186894 -1 -1
node 76 18 -0.5773057 10 13
node 57 16 -0.30455267 11 12
node -1 0 -0.50745213 -1 -1
node -1 0 0.73919076 -1 -1
node 9 22 -1.1594243 14 15
node -1 0 -1.2878962 -1 -1
node -1 0 -0.41372806 -1 -1
node 23 0 0.0057171686 17 24
node 3 22 -0.3883096 18 21
node 7 8 -0.23427941 19 20
node -1 0 0.21435633 -1 -1
node -1 0 -0.7117772 -1 -1
node 12 16 -1.0813899 22 23
node -1 0 -1.2995323 -1 -1
node -1 0 -0.20258385 -1 -1
node 57 22 0.012259431 25 28
node 55 23 -0.0065318528 26 27
node -1 0 0.02470153 -1 -1
node -1 0 -0.19362251 -1 -1
node 43 4 0.19538963 29 30
node -1 0 0.81843615 -1 -1
node -1 0 0.12506112 -1 -1
tree 31
node 14 13 0.0055571506 1 16
node 35 16 0.07674781 2 9
node 78 7 -0.023966007 3 6
node 35 3 -0.3963494 4 5
node -1 0 -0.6903546 -1 -1
node -1 0 0.048354253 -1 -1
node 15 19 0.027351148 7 8
node -1 0 -0.10461939 -1 -1
node -1 0 0.24454795 -1 -1
node 45 19 0.20018677 10 13
node 34 4 0.028041992 11 12
node -1 0 0.61016285 -1 -1
node -1 0 -0.076986216 -1 -1
node 78 30 0.34447482 14 15
node -1 0 0.39569485 -1 -1
node -1 0 -0.50137454 -1 -1
node 51 14 -0.04444826 17 24
node 1 16 -0.021063203 18 21
node 58 3 -0.10996439 19 20
node -1 0 -0.337253 -1 -1
node -1 0 -0.0045855204 -1 -1
node 80 25 0.05980317 22 23
node -1 0 0.011322558 -1 -1
node -1 0 0.4746241 -1 -1
node 40 6 -0.41265386 25 28
node 54 24 0.12410683 26 27
node -1 0 -0.09604488 -1 -1
node -1 0 1.0203681 -1 -1
node 54 20 -0.569001 29 30
node -1 0 -0.05685055 -1 -1
node -1 0 -0.7502718 -1 -1
tree 31
node 1 1 -0.00012242739 1 16
node 18 2 -0.18244208 2 9
node 69 10 0.20977567 3 6
node 73 6 0.91947865 4 5
node -1 0 0.523141 -1 -1
node -1 0 1.7497048 -1 -1
node 47 16 -0.22146957 7 8
node -1 0 0.25418872 -1 -1
node -1 0 -0.67710406 -1 -1
node 76 19 -0.30869618 10 13
node 67 20 -0.18722612 11 12
node -1 0 -0.31007978 -1 -1
node -1 0 0.21292603 -1 -1
node 66 24 -0.7587773 14 15
node -1 0 -0.8501569 -1 -1
node -1 0 0.6631986 -1 -1
node 19 19 0.0134287495 17 24
node 9 17 -0.03724244 18 21
node 78 7 0.017789021 19 20
node -1 0 -0.39415196 -1 -1
node -1 0 0.05382623 -1 -1
node 21 21 -0.23165882 22 23
node -1 0 -0.40868142 -1 -1
node -1 0 0.10797842 -1 -1
node 77 3 0.07946469 25 28
node 80 3 -0.14917178 26 27
node -1 0 0.20703967 -1 -1
node -1 0 -0.23108916 -1 -1
node 41 17 0.13339911 29 30
node -1 0 0.023898052 -1 -1
node -1 0 0.23456918 -1 -1
tree 31
node 80 2 -0.0045202626 1 16
node 0 20 0.16220869 2 9
node 24 12 -0.18724377 3 6
node 6 14 0.7416634 4 5
node -1 0 -0.031622503 -1 -1
node -1 0 1.3030276 -1 -1
node 48 17 -0.31138086 7 8
node -1 0 -0.47419056 -1 -1
node -1 0 0.16153274 -1 -1
node 45 5 0.28517708 10 13
node 9 0 -0.3751155 11 12
node -1 0 0.30549234 -1 -1
node -1 0 -0.6495882 -1 -1
node 76 4 0.45809004 14 15
node -1 0 0.82161915 -1 -1
node -1 0 0.28808674 -1 -1
node 78 7 -0.021855762 17 24
node 39 2 -0.224686 18 21
node 75 2 -0.67735726 19 20
node -1 0 -0.15557782 -1 -1
node -1 0 -0.7613761 -1 -1
node 70 6 -0.15515985 22 23
node -1 0 -0.42353714 -1 -1
node -1 0 -0.027921775 -1 -1
node 14 14 0.00859186 25 28
node 72 1 0.08551081 26 27
node -1 0 0.25860813 -1 -1
node -1 0 -0.002143295 -1 -1
node 39 8 -0.0698695 29 30
node -1 0 0.13650092 -1 -1
node -1 0 -0.14418325 -1 -1
tree 31
node 70 19 0.0010523838 1 16
node 37 20 -0.030418254 2 9
node 41 8 -0.080089994 3 6
node 12 12 0.029598579 4 5
node -1 0 -0.14708048 -1 -1
node -1 0 0.14228235 -1 -1
node 23 21 -0.14733714 7 8
node -1 0 -0.26346433 -1 -1
node -1 0 0.049157448 -1 -1
node 56 25 0.061038733 10 13
node 59 11 0.012217076 11 12
node -1 0 0.07543655 -1 -1
node -1 0 -0.18799727 -1 -1
node 78 22 0.32866573 14 15
node -1 0 0.5270077 -1 -1
node -1 0 -0.14924896 -1 -1
node 56 22 0.08811546 17 24
node 80 20 0.1404827 18 21
node 74 15 0.062468395 19 20
node -1 0 0.19993049 -1 -1
node -1 0 -0.116206005 -1 -1
node 42 17 0.29855803 22 23
node -1 0 0.46003014 -1 -1
node -1 0 -0.07448647 -1 -1
node 44 3 -0.14798667 25 28
node 64 14 0.63504314 26 27
node -1 0 1.1045938 -1 -1
node -1 0 -0.37121898 -1 -1
node 39 18 -0.25069064 29 30
node -1 0 -0.5057127 -1 -1
node -1 0 0.035242576 -1 -1
tree 31
node 54 5 -0.00027944174 1 16
node 71 8 -0.0793478 2 9
node 7 29 -0.24609256 3 6
node 66 19 -0.39606643 4 5
node -1 0 -0.4913542 -1 -1
node -1 0 0.11511792 -1 -1
node 17 25 0.13632889 7 8
node -1 0 1.0091268 -1 -1
node -1 0 -0.05945543 -1 -1
node 68 11 0.012775074 10 13
node 43 0 0.25815654 11 12
node -1 0 -0.887045 -1 -1
node -1 0 0.28890583 -1 -1
node 56 2 -0.07276052 14 15
node -1 0 -0.3922672 -1 -1
node -1 0 -0.0151710985 -1 -1
node 69 20 0.026654651 17 24
node 73 1 -0.00898109 18 21
node 41 18 0.08646874 19 20
node -1 0 -0.0409183 -1 -1
node -1 0 0.29542315 -1 -1
node 8 22 -0.074071445 22 23
node -1 0 -0.11772214 -1 -1
node -1 0 0.2295078 -1 -1
node 3 26 0.1318873 25 28
node 55 20 0.16107084 26 27
node -1 0 0.25146675 -1 -1
node -1 0 -0.004583572 -1 -1
node 79 12 -0.3750618 29 30
node -1 0 -0.1886634 -1 -1
node -1 0 -1.0384554 -1 -1
tree 31
node 80 30 -0.0073855934 1 16
node 75 22 0.000737992 2 9
node 27 21 -0.03231362 3 6
node 32 15 -0.10066437 4 5
node -1 0 -0.0114347115 -1 -1
node -1 0 -0.2758805 -1 -1
node 28 19 0.056066282 7 8
node -1 0 -0.28661633 -1 -1
node -1 0 0.09511256 -1 -1
node 32 15 0.09999471 10 13
node 76 16 0.024175731 11 12
node -1 0 0.29794085 -1 -1
node -1 0 -0.057211608 -1 -1
node 13 28 0.36500254 14 15
node -1 0 0.46259058 -1 -1
node -1 0 -0.26795736 -1 -1
node 76 19 -0.31027332 17 24
node 29 23 -0.93178874 18 21
node 36 19 -1.127223 19 20
node -1 0 -1.2258381 -1 -1
node -1 0 -0.45371127 -1 -1
node 14 20 0.35582975 22 23
node -1 0 1.0860134 -1 -1
node -1 0 -0.46746385 -1 -1
node 33 11 -0.07475308 25 28
node 26 12 0.3451279 26 27
node -1 0 -0.16689274 -1 -1
node -1 0 1.6333164 -1 -1
node 51 6 -0.83968914 29 30
node -1 0 -0.09363811 -1 -1
node -1 0 -1.2006055 -1 -1
tree 31
node 57 22 0.005278709 1 16
node 57 19 -0.0134663535 2 9
node 65 16 0.006784811 3 6
node 43 8 -0.033281162 4 5
node -1 0 0.07164221 -1 -1
node -1 0 -0.07807508 -1 -1
node 62 13 0.09831454 7 8
node -1 0 0.25908375 -1 -1
node -1 0 0.002028822 -1 -1
node 37 7 -0.2095947 10 13
node 42 2 -0.5609534 11 12
node -1 0 -0.13130361 -1 -1
node -1 0 -0.9091113 -1 -1
node 78 26 -0.05698177 14 15
node -1 0 -0.16900381 -1 -1
node -1 0 0.5797292 -1 -1
node 60 18 0.17757757 17 24
node 43 4 0.28882098 18 21
node 73 5 1.0025192 19 20
node -1 0 0.41977432 -1 -1
node -1 0 1.5370345 -1 -1
node 58 20 0.19976465 22 23
node -1 0 -0.04814586 -1 -1
node -1 0 0.45030516 -1 -1
node 55 28 -0.19472517 25 28
node 4 13 0.67115116 26 27
node -1 0 1.61343 -1 -1
node -1 0 0.11554534 -1 -1
node 70 0 -0.3949636 29 30
node -1 0 0.3190503 -1 -1
node -1 0 -0.527803 -1 -1
tree 31
node 38 0 -0.0023772973 1 16
node 0 19 -0.3599866 2 9
node 48 3 -0.634806 3 6
node 73 15 -0.14040627 4 5
node -1 0 -0.41374865 -1 -1
node -1 0 0.6201216 -1 -1
node 43 18 -0.8775247 7 8
node -1 0 -1.0135081 -1 -1
node -1 0 -0.4480203 -1 -1
node 77 12 0.19283932 10 13
node 13 27 0.48257798 11 12
node -1 0 0.7250843 -1 -1
node -1 0 -0.59065235 -1 -1
node 36 15 -0.6276517 14 15
node -1 0 -0.9907476 -1 -1
node -1 0 0.1387339 -1 -1
node 10 13 0.005021629 17 24
node 16 22 0.06327983 18 21
node 62 0 0.02369327 19 20
node -1 0 0.15362579 -1 -1
node -1 0 -0.0535849 -1 -1
node 78 14 0.32223585 22 23
node -1 0 0.06296996 -1 -1
node -1 0 0.51658714 -1 -1
node 1 14 -0.036580577 25 28
node 54 2 -0.16098785 26 27
node -1 0 -0.5114208 -1 -1
node -1 0 -0.09599863 -1 -1
node 46 6 0.025611075 29 30
node -1 0 -0.36632633 -1 -1
node -1 0 0.056007113 -1 -1
tree 31
node 49 0 0.00051011774 1 16
node 6 25 0.045686737 2 9
node 6 21 0.08358565 3 6
node 80 17 0.033506777 4 5
node -1 0 -0.046362367 -1 -1
node -1 0 0.2053589 -1 -1
node 46 6 0.3011063 7 8
node -1 0 -0.24059364 -1 -1
node -1 0 0.4345104 -1 -1
node 52 3 -0.11208443 10 13
node 3 14 -0.26742682 11 12
node -1 0 -0.7641258 -1 -1
node -1 0 -0.09881639 -1 -1
node 32 21 0.124810055 14 15
node -1 0 -0.1584424 -1 -1
node -1 0 0.44562307 -1 -1
node 48 11 -0.048619345 17 24
node 45 19 -0.2003593 18 21
node 79 15 -0.3658592 19 20
node -1 0 -0.17698532 -1 -1
node -1 0 -0.5488962 -1 -1
node 33 20 0.005157774 22 23
node -1 0 -0.11323772 -1 -1
node -1 0 0.46940315 -1 -1
node 30 8 0.00011102676 25 28
node 36 20 0.15407689 26 27
node -1 0 0.2715737 -1 -1
node -1 0 -0.17769894 -1 -1
node 39 17 -0.06547956 29 30
node -1 0 -0.1765598 -1 -1
node -1 0 0.030238854 -1 -1
tree 31
node 53 22 0.00071372517 1 16
node 65 16 -0.015979463 2 9
node 55 1 -0.051528983 3 6
node 27 17 0.17503881 4 5
node -1 0 0.67229384 -1 -1
node -1 0 0.058004215 -1 -1
node 56 2 -0.07489733 7 8
node -1 0 -0.35843974 -1 -1
node -1 0 -0.039352838 -1 -1
node 58 18 0.06923834 10 13
node 80 21 0.100448646 11 12
node -1 0 0.008594943 -1 -1
node -1 0 0.3078391 -1 -1
node 39 17 -0.4186294 14 15
node -1 0 -0.69786507 -1 -1
node -1 0 0.05810075 -1 -1
node 78 28 0.15589373 17 24
node 25 11 0.20763594 18 21
node 60 18 0.39806414 19 20
node -1 0 0.58994263 -1 -1
node -1 0 -0.12094345 -1 -1
node 58 20 -0.06683494 22 23
node -1 0 0.020852217 -1 -1
node -1 0 -0.8261634 -1 -1
node 49 16 -0.5567236 25 28
node 41 14 0.39439848 26 27
node -1 0 -0.4758587 -1 -1
node -1 0 1.6419475 -1 -1
node 5 15 -0.96510565 29 30
node -1 0 -1.078636 -1 -1
node -1 0 0.086077854 -1 -1
tree 31
node 3 1 -0.0023269248 1 16
node 14 5 -0.18422268 2 9
node 72 1 0.11410718 3 6
node 37 10 0.5891024 4 5
node -1 0 -0.19409974 -1 -1
node -1 0 0.8655419 -1 -1
node 64 1 -0.19681282 7 8
node -1 0 0.57563585 -1 -1
node -1 0 -0.33454722 -1 -1
node 76 18 -0.40143865 10 13
node 41 6 -0.21538495 11 12
node -1 0 0.29022953 -1 -1
node -1 0 -0.32278034 -1 -1
node 80 22 -0.9452839 14 15
node -1 0 -0.6076506 -1 -1
node -1 0 -1.2864465 -1 -1
node 78 0 0.010655846 17 24
node 51 2 0.25431684 18 21
node 5 19 0.40446466 19 20
node -1 0 -0.17485958 -1 -1
node -1 0 0.5555637 -1 -1
node 53 14 -0.43007752 22 23
node -1 0 -0.7617584 -1 -1
node -1 0 0.072825365 -1 -1
node 78 7 0.0010861551 25 28
node 35 2 -0.1263747 26 27
node -1 0 -0.64957404 -1 -1
node -1 0 -0.051000528 -1 -1
node 35 5 0.029431535 29 30
node -1 0 0.17242795 -1 -1
node -1 0 0.005837328 -1 -1
tree 29
node 69 26 0.0006514024 1 16
node 70 20 0.010425676 2 9
node 64 15 -0.01996853 3 6
node 3 13 -0.055392444 4 5
node -1 0 -0.14395444 -1 -1
node -1 0 0.007179397 -1 -1
node 74 11 0.09657141 7 8
node -1 0 0.21762009 -1 -1
node -1 0 -0.104030855 -1 -1
node 17 19 0.12882063 10 13
node 56 19 0.23542027 11 12
node -1 0 0.35153562 -1 -1
node -1 0 0.062377207 -1 -1
node 76 19 -0.03843403 14 15
node -1 0 0.013615255 -1 -1
node -1 0 -0.8401747 -1 -1
node 44 17 -0.2732753 17 24
node 56 19 -0.49437436 18 21
node 75 3 -0.29908744 19 20
node -1 0 -0.9944248 -1 -1
node -1 0 -0.13027444 -1 -1
node 76 12 -0.81249523 22 23
node -1 0 -0.23674841 -1 -1
node -1 0 -1.0586648 -1 -1
node 15 2 0.087790295 25 26
node -1 0 1.1182152 -1 -1
node 73 10 -0.006352866 27 28
node -1 0 -0.3448097 -1 -1
node -1 0 0.20210816 -1 -1
tree 31
node 77 4 -0.0076770266 1 16
node 77 0 -0.10712326 2 9
node 68 4 0.1254581 3 6
node 18 8 -0.749162 4 5
node -1 0 -1.4544629 -1 -1
node -1 0 -0.30442312 -1 -1
node 66 25 0.24688838 7 8
node -1 0 0.32181898 -1 -1
node -1 0 -1.1812831 -1 -1
node 3 24 -0.16944475 10 13
node 18 16 -0.24705166 11 12
node -1 0 -0.07204332 -1 -1
node -1 0 -0.43359935 -1 -1
node 75 22 0.12313338 14 15
node -1 0 0.045401078 -1 -1
node -1 0 0.94157803 -1 -1
node 76 4 0.016692864 17 24
node 80 24 0.161445 18 21
node 78 24 0.08744099 19 20
node -1 0 0.12067815 -1 -1
node -1 0 -1.0287371 -1 -1
node 37 20 0.83959323 22 23
node -1 0 0.5193872 -1 -1
node -1 0 1.8688569 -1 -1
node 76 7 -0.0076988447 25 28
node 80 16 -0.27809837 26 27
node -1 0 -0.49900693 -1 -1
node -1 0 0.004962966 -1 -1
node 42 14 0.018386643 29 30
node -1 0 -0.043889496 -1 -1
node -1 0 0.07867619 -1 -1
tree 29
node 61 0 0.005942002 1 16
node 48 8 0.059507925 2 9
node 74 0 -0.08088049 3 6
node 9 0 -0.2110054 4 5
node -1 0 1.162865 -1 -1
node -1 0 -0.24075706 -1 -1
node 62 13 0.0712095 7 8
node -1 0 0.18366446 -1 -1
node -1 0 -0.26000512 -1 -1
node 48 16 0.08867915 10 13
node 49 15 0.20322031 11 12
node -1 0 0.16430584 -1 -1
node -1 0 0.73924595 -1 -1
node 78 14 0.023575487 14 15
node -1 0 -0.06942185 -1 -1
node -1 0 0.16874029 -1 -1
node 10 21 -0.05145816 17 24
node 8 28 -0.020497048 18 21
node 79 25 -0.0519192 19 20
node -1 0 -0.13031994 -1 -1
node -1 0 0.07500827 -1 -1
node 46 2 0.28055248 22 23
node -1 0 -0.43255487 -1 -1
node -1 0 0.372248 -1 -1
node 20 11 -0.32878336 25 26
node -1 0 1.2192649 -1 -1
node 34 12 -0.3583552 27 28
node -1 0 -0.66307455 -1 -1
node -1 0 -0.22672555 -1 -1
tree 31
node 60 0 -0.0037034738 1 16
node 54 4 0.046522915 2 9
node 58 3 -0.10990553 3 6
node 6 13 -0.25122607 4 5
node -1 0 -0.74520737 -1 -1
node -1 0 -0.10034759 -1 -1
node 31 21 0.21134403 7 8
node -1 0 -0.078541204 -1 -1
node -1 0 0.5272717 -1 -1
node 33 22 0.09128273 10 13
node 32 17 0.02724792 11 12
node -1 0 0.1265199 -1 -1
node -1 0 -0.24408852 -1 -1
node 36 3 0.23251666 14 15
node -1 0 -0.19571015 -1 -1
node -1 0 0.30073312 -1 -1
node 0 19 -0.048892707 17 24
node 46 19 -0.011853823 18 21
node 49 2 -0.11363086 19 20
node -1 0 0.013667134 -1 -1
node -1 0 -0.25672156 -1 -1
node 17 3 0.10284827 22 23
node -1 0 0.42440248 -1 -1
node -1 0 0.044265795 -1 -1
node 80 7 -0.28995845 25 28
node 6 25 -0.042138062 26 27
node -1 0 0.16013956 -1 -1
node -1 0 -0.53208786 -1 -1
node 6 5 -0.46495593 29 30
node -1 0 -0.9230195 -1 -1
node -1 0 -0.39619583 -1 -1
tree 31
node 79 23 0.0040660156 1 16
node 29 18 -0.023693884 2 9
node 60 8 -0.089204535 3 6
node 38 23 -0.023640307 4 5
node -1 0 -0.10787164 -1 -1
node -1 0 0.13870858 -1 -1
node 13 21 -0.27058464 7 8
node -1 0 -0.1923555 -1 -1
node -1 0 -0.70618373 -1 -1
node 77 7 0.03135269 10 13
node 26 10 -0.081706345 11 12
node -1 0 0.28897828 -1 -1
node -1 0 -0.13385253 -1 -1
node 77 8 0.10635826 14 15
node -1 0 0.5700826 -1 -1
node -1 0 0.0690444 -1 -1
node 78 28 0.086650275 17 24
node 71 8 0.1637656 18 21
node 63 12 -0.017443687 19 20
node -1 0 -0.12928283 -1 -1
node -1 0 0.53879 -1 -1
node 66 10 0.2815672 22 23
node -1 0 0.7408622 -1 -1
node -1 0 0.18784295 -1 -1
node 48 18 -0.09099529 25 28
node 39 5 -0.5472856 26 27
node -1 0 0.92608494 -1 -1
node -1 0 -0.7412965 -1 -1
node 31 12 0.0383421 29 30
node -1 0 0.23604004 -1 -1
node -1 0 -0.36850694 -1 -1
tree 31
node 36 0 -0.0011213296 1 16
node 9 20 -0.30976135 2 9
node 56 24 -0.4967472 3 6
node 13 10 -0.58890575 4 5
node -1 0 -0.92350537 -1 -1
node -1 0 -0.30507335 -1 -1
node 14 2 0.46378812 7 8
node -1 0 1.6524338 -1 -1
node -1 0 -0.22774379 -1 -1
node 49 4 0.24552812 10 13
node 65 10 0.01724638 11 12
node -1 0 -0.39928463 -1 -1
node -1 0 0.45867538 -1 -1
node 56 5 1.1964885 14 15
node -1 0 -0.41024694 -1 -1
node -1 0 1.7655491 -1 -1
node 14 14 0.0058848034 17 24
node 35 16 0.05983218 18 21
node 78 7 -0.03604207 19 20
node -1 0 -0.4357948 -1 -1
node -1 0 0.015230662 -1 -1
node 49 7 0.17418385 22 23
node -1 0 0.316841 -1 -1
node -1 0 0.01395691 -1 -1
node 52 16 -0.03627265 25 28
node 3 1 -0.012584117 26 27
node -1 0 -0.3585269 -1 -1
node -1 0 0.005694409 -1 -1
node 78 25 -0.43583786 29 30
node -1 0 -0.22119194 -1 -1
node -1 0 -0.9542528 -1 -1
tree 31
node 38 0 0.0063636536 1 16
node 0 19 -0.3301751 2 9
node 57 18 -0.5468057 3 6
node 30 4 -0.7366159 4 5
node -1 0 -0.14744811 -1 -1
node -1 0 -0.83632827 -1 -1
node 49 12 0.09092968 7 8
node -1 0 0.43096718 -1 -1
node -1 0 -0.73197323 -1 -1
node 78 4 0.09081242 10 13
node 37 2 0.650164 11 12
node -1 0 1.031273 -1 -1
node -1 0 -0.40342754 -1 -1
node 63 11 -0.19286792 14 15
node -1 0 -0.5148883 -1 -1
node -1 0 0.23605223 -1 -1
node 7 29 0.013361175 17 24
node 2 27 0.0020492575 18 21
node 64 22 0.021073662 19 20
node -1 0 0.031468574 -1 -1
node -1 0 -0.25267747 -1 -1
node 7 21 -0.22901696 22 23
node -1 0 -0.76850593 -1 -1
node -1 0 -0.09420599 -1 -1
node 68 7 0.20913905 25 28
node 78 18 0.3491508 26 27
node -1 0 0.5544328 -1 -1
node -1 0 -0.26331833 -1 -1
node 64 21 -0.24578738 29 30
node -1 0 -0.3404534 -1 -1
node -1 0 0.6640605 -1 -1
tree 31
node 78 2 -0.0019277183 1 16
node 4 20 0.15439343 2 9
node 1 27 -0.2507312 3 6
node 14 0 0.06470975 4 5
node -1 0 0.7866339 -1 -1
node -1 0 -0.17174001 -1 -1
node 7 28 -0.6402592 7 8
node -1 0 -0.8300732 -1 -1
node -1 0 0.3199272 -1 -1
node 59 1 0.28115234 10 13
node 8 26 0.47651908 11 12
node -1 0 0.7120503 -1 -1
node -1 0 0.17764711 -1 -1
node 40 12 -0.2486525 14 15
node -1 0 0.08987275 -1 -1
node -1 0 -0.48648643 -1 -1
node 78 7 -0.017389063 17 24
node 35 2 -0.15831855 18 21
node 57 3 -0.62763 19 20
node -1 0 -0.8614517 -1 -1
node -1 0 -0.117407486 -1 -1
node 53 0 -0.09044006 22 23
node -1 0 -0.34048837 -1 -1
node -1 0 0.13285546 -1 -1
node 44 4 0.002592747 25 28
node 28 8 0.19620258 26 27
node -1 0 -0.07916366 -1 -1
node -1 0 0.32350627 -1 -1
node 16 24 -0.022423556 29 30
node -1 0 -0.06607493 -1 -1
node -1 0 0.13084175 -1 -1
tree 31
node 77 3 -0.0013563501 1 16
node 68 15 -0.1258936 2 9
node 41 9 -0.38389024 3 6
node 76 2 -0.03316362 4 5
node -1 0 0.4854086 -1 -1
node -1 0 -0.2400931 -1 -1
node 23 1 -0.52960503 7 8
node -1 0 0.45837975 -1 -1
node -1 0 -0.5878989 -1 -1
node 23 13 -0.020571928 10 13
node 76 1 0.2967109 11 12
node -1 0 1.0887961 -1 -1
node -1 0 0.11299007 -1 -1
node 75 1 -0.15319215 14 15
node -1 0 -0.6853661 -1 -1
node -1 0 -0.09311975 -1 -1
node 62 13 0.022229495 17 24
node 77 13 0.057164747 18 21
node 77 11 0.15610947 19 20
node -1 0 0.09064224 -1 -1
node -1 0 0.37161267 -1 -1
node 74 14 -0.03090438 22 23
node -1 0 -0.09010608 -1 -1
node -1 0 0.2856445 -1 -1
node 68 10 -0.062260386 25 28
node 76 18 0.23521149 26 27
node -1 0 0.044126276 -1 -1
node -1 0 0.6092106 -1 -1
node 62 18 -0.14609414 29 30
node -1 0 -0.28421435 -1 -1
node -1 0 0.009758833 -1 -1
tree 31
node 41 5 -0.015570823 1 16
node 7 14 0.07651855 2 9
node 7 3 -0.08876804 3 6
node 56 17 0.29270434 4 5
node -1 0 0.008467158 -1 -1
node -1 0 0.6563732 -1 -1
node 75 6 -0.23033422 7 8
node -1 0 0.19997576 -1 -1
node -1 0 -0.36492923 -1 -1
node 22 16 0.2095661 10 13
node 32 15 0.33713943 11 12
node -1 0 0.23581234 -1 -1
node -1 0 0.7053088 -1 -1
node 44 12 -0.026091365 14 15
node -1 0 -0.197545 -1 -1
node -1 0 0.20786113 -1 -1
node 41 17 -0.039007038 17 24
node 30 16 -0.103864096 18 21
node 57 20 -0.015943635 19 20
node -1 0 0.055734042 -1 -1
node -1 0 -0.2776699 -1 -1
node 28 19 -0.18164062 22 23
node -1 0 -0.4312263 -1 -1
node -1 0 -0.062475745 -1 -1
node 63 2 0.01627376 25 28
node 56 5 0.14359814 26 27
node -1 0 -0.21546166 -1 -1
node -1 0 0.24516574 -1 -1
node 31 22 -0.054113608 29 30
node -1 0 -0.12606151 -1 -1
node -1 0 0.11665064 -1 -1
tree 27
node 78 28 -0.009958317 1 16
node 79 26 0.0061384994 2 9
node 61 0 -0.018997125 3 6
node 37 1 0.029948639 4 5
node -1 0 -0.27399608 -1 -1
node -1 0 0.05017736 -1 -1
node 49 10 -0.09601303 7 8
node -1 0 -0.035656188 -1 -1
node -1 0 -0.3638251 -1 -1
node 74 9 0.24071082 10 13
node 62 9 -0.03512695 11 12
node -1 0 -0.21182854 -1 -1
node -1 0 0.4884575 -1 -1
node 63 10 0.4665153 14 15
node -1 0 1.0081286 -1 -1
node -1 0 0.27300996 -1 -1
node 41 0 -0.17052208 17 20
node 31 10 1.2322973 18 19
node -1 0 1.6019012 -1 -1
node -1 0 -0.99232346 -1 -1
node 48 18 -0.2135393 21 24
node 1 24 -0.6350722 22 23
node -1 0 -0.73833704 -1 -1
node -1 0 1.0858829 -1 -1
node 49 9 -0.09296273 25 26
node -1 0 -0.2950635 -1 -1
node -1 0 0.18252334 -1 -1
tree 29
node 71 23 -0.0011169177 1 16
node 15 20 0.008943586 2 9
node 63 2 -0.033967927 3 6
node 73 4 0.07797197 4 5
node -1 0 -0.10942344 -1 -1
node -1 0 0.25499016 -1 -1
node 80 17 -0.098927 7 8
node -1 0 -0.23848982 -1 -1
node -1 0 -0.0017135922 -1 -1
node 41 8 0.07234045 10 13
node 43 18 0.21951452 11 12
node -1 0 0.10790823 -1 -1
node -1 0 0.42817473 -1 -1
node 77 11 0.01172863 14 15
node -1 0 -0.091430515 -1 -1
node -1 0 0.14022462 -1 -1
node 37 7 -0.2865255 17 24
node 37 5 -0.63172245 18 21
node 6 9 -0.32971188 19 20
node -1 0 0.20067215 -1 -1
node -1 0 -0.73234123 -1 -1
node 78 16 -1.0410373 22 23
node -1 0 0.1713077 -1 -1
node -1 0 -1.2424692 -1 -1
node 68 3 -0.081166685 25 26
node -1 0 1.0609715 -1 -1
node 77 1 -0.15007608 27 28
node -1 0 -1.0469981 -1 -1
node -1 0 -0.07809588 -1 -1
tree 31
node 55 1 -0.011695101 1 16
node 78 24 0.17747472 2 9
node 12 4 0.11830605 3 6
node 51 3 -0.8837415 4 5
node -1 0 -1.2181742 -1 -1
node -1 0 0.02893706 -1 -1
node 77 14 0.1559612 7 8
node -1 0 0.26864877 -1 -1
node -1 0 -0.10199747 -1 -1
node 0 28 0.7161958 10 13
node 38 10 1.1831348 11 12
node -1 0 0.33856225 -1 -1
node -1 0 1.5161487 -1 -1
node 40 16 -0.6358721 14 15
node -1 0 0.1539247 -1 -1
node -1 0 -0.9122207 -1 -1
node 2 29 -0.028357357 17 24
node 55 27 -0.022304859 18 21
node 56 22 -0.04065595 19 20
node -1 0 -0.016213091 -1 -1
node -1 0 -0.23156205 -1 -1
node 55 28 0.13265951 22 23
node -1 0 0.4189196 -1 -1
node -1 0 -0.02053672 -1 -1
node 27 23 -0.89264786 25 28
node 74 12 -0.48812705 26 27
node -1 0 -0.8520925 -1 -1
node -1 0 0.20719978 -1 -1
node 69 14 -1.4964335 29 30
node -1 0 -1.0127765 -1 -1
node -1 0 -1.8964655 -1 -1
tree 27
node 78 29 0.0097952755 1 16
node 79 25 0.021665707 2 9
node 33 22 -0.0010400688 3 6
node 33 16 -0.04613045 4 5
node -1 0 0.0012396739 -1 -1
node -1 0 -0.17927682 -1 -1
node 77 11 0.08687345 7 8
node -1 0 0.012043786 -1 -1
node -1 0 0.25329682 -1 -1
node 73 15 0.15336882 10 13
node 45 21 0.00968544 11 12
node -1 0 -0.25351515 -1 -1
node -1 0 0.23886348 -1 -1
node 75 23 0.40490732 14 15
node -1 0 0.21986473 -1 -1
node -1 0 0.87693775 -1 -1
node 36 1 -0.1916934 17 20
node 43 2 1.0019517 18 19
node -1 0 1.570427 -1 -1
node -1 0 -0.28559843 -1 -1
node 42 12 -0.25185537 21 24
node 7 2 -0.41639596 22 23
node -1 0 0.8686932 -1 -1
node -1 0 -0.51134187 -1 -1
node 4 5 0.028266447 25 26
node -1 0 -0.8005615 -1 -1
node -1 0 0.33437297 -1 -1
tree 31
node 16 22 -0.0068497043 1 16
node 16 17 -0.038750175 2 9
node 7 29 0.0020499376 3 6
node 41 1 -0.008778979 4 5
node -1 0 0.24190609 -1 -1
node -1 0 -0.026435755 -1 -1
node 29 17 0.4444849 7 8
node -1 0 -0.334174 -1 -1
node -1 0 0.6535634 -1 -1
node 44 16 -0.23125626 10 13
node 0 26 -0.057874557 11 12
node -1 0 -0.14574088 -1 -1
node -1 0 0.4795517 -1 -1
node 18 22 -0.42747557 14 15
node -1 0 -0.57507145 -1 -1
node -1 0 -0.15748245 -1 -1
node 10 14 0.063784435 17 24
node 38 3 0.29053533 18 21
node 60 5 -0.32689878 19 20
node -1 0 0.18008135 -1 -1
node -1 0 -1.2649965 -1 -1
node 39 2 0.40096012 22 23
node -1 0 -0.44620448 -1 -1
node -1 0 0.4683404 -1 -1
node 40 0 0.007479975 25 28
node 56 7 -0.66510886 26 27
node -1 0 -0.86146337 -1 -1
node -1 0 -0.08834264 -1 -1
node 59 5 0.024874656 29 30
node -1 0 0.046472356 -1 -1
node -1 0 -0.45481467 -1 -1
tree 25
node 37 0 0.007193654 1 10
node 78 29 -0.28718588 2 9
node 5 21 -0.36473602 3 6
node 56 23 -0.6051054 4 5
node -1 0 -0.73679847 -1 -1
node -1 0 0.39097652 -1 -1
node 48 6 0.05073928 7 8
node -1 0 1.8890321 -1 -1
node -1 0 -0.071716614 -1 -1
node -1 0 0.9979073 -1 -1
node 78 28 0.014479492 11 18
node 79 26 0.030458132 12 15
node 42 4 0.006952678 13 14
node -1 0 0.17438374 -1 -1
node -1 0 -0.019971188 -1 -1
node 47 17 0.24512967 16 17
node -1 0 -0.035522208 -1 -1
node -1 0 0.4201007 -1 -1
node 48 18 -0.14511694 19 22
node 19 16 -0.53775716 20 21
node -1 0 -0.720202 -1 -1
node -1 0 0.15870667 -1 -1
node 52 13 -0.033120044 23 24
node -1 0 -0.21365453 -1 -1
node -1 0 0.3850468 -1 -1
tree 31
node 28 0 -0.011261812 1 16
node 76 19 -0.28777933 2 9
node 75 19 -0.033838168 3 6
node 54 23 -0.42010823 4 5
node -1 0 -0.6595415 -1 -1
node -1 0 0.37404162 -1 -1
node 5 22 0.45743707 7 8
node -1 0 1.0030012 -1 -1
node -1 0 -0.011843601 -1 -1
node 55 23 -0.5871628 10 13
node 14 1 -0.37533736 11 12
node -1 0 0.58924747 -1 -1
node -1 0 -0.53737855 -1 -1
node 7 2 -0.94799286 14 15
node -1 0 -0.4331621 -1 -1
node -1 0 -1.0603855 -1 -1
node 55 27 -0.004367303 17 24
node 76 4 -0.020209657 18 21
node 33 17 0.0889105 19 20
node -1 0 0.3617528 -1 -1
node -1 0 0.0067432383 -1 -1
node 76 8 -0.048467398 22 23
node -1 0 -0.19516341 -1 -1
node -1 0 -0.0075166947 -1 -1
node 60 18 0.14315103 25 28
node 10 18 0.24848956 26 27
node -1 0 0.45175385 -1 -1
node -1 0 -0.07634409 -1 -1
node 55 28 -0.29242656 29 30
node -1 0 1.2687273 -1 -1
node -1 0 -0.43435946 -1 -1
tree 31
node 64 22 0.0046602995 1 16
node 50 17 0.013898677 2 9
node 66 21 0.0024770598 3 6
node 49 12 -0.01872234 4 5
node -1 0 0.0040853433 -1 -1
node -1 0 -0.2173718 -1 -1
node 78 26 0.10297737 7 8
node -1 0 0.048263144 -1 -1
node -1 0 0.40786487 -1 -1
node 60 18 0.21601003 10 13
node 78 28 0.383738 11 12
node -1 0 0.47575825 -1 -1
node -1 0 -0.4592324 -1 -1
node 80 25 -0.3706393 14 15
node -1 0 0.002267018 -1 -1
node -1 0 -0.9158187 -1 -1
node 54 19 -0.2655106 17 24
node 75 12 -0.071921684 18 21
node 10 14 -0.44952124 19 20
node -1 0 0.13697462 -1 -1
node -1 0 -0.72338104 -1 -1
node 77 9 0.4156178 22 23
node -1 0 1.0184634 -1 -1
node -1 0 -0.06925196 -1 -1
node 78 27 -0.59724396 25 28
node 78 24 -0.34777215 26 27
node -1 0 -0.6333775 -1 -1
node -1 0 0.65443504 -1 -1
node 45 16 -1.1323049 29 30
node -1 0 -0.4483039 -1 -1
node -1 0 -1.2053345 -1 -1
tree 31
node 65 23 0.010151668 1 16
node 64 19 0.019170567 2 9
node 42 15 -0.002622678 3 6
node 68 5 -0.049915366 4 5
node -1 0 -0.2050695 -1 -1
node -1 0 0.0026188502 -1 -1
node 77 7 0.0468517 7 8
node -1 0 -0.14450231 -1 -1
node -1 0 0.14245324 -1 -1
node 78 26 0.17293875 10 13
node 5 23 0.09872174 11 12
node -1 0 -0.0447884 -1 -1
node -1 0 0.313267 -1 -1
node 13 28 0.45762247 14 15
node -1 0 0.5995151 -1 -1
node -1 0 -0.7024047 -1 -1
node 50 12 -0.24261376 17 24
node 49 5 -0.067663625 18 21
node 49 0 -0.313584 19 20
node -1 0 -0.037910253 -1 -1
node -1 0 -0.842489 -1 -1
node 35 16 0.26994038 22 23
node -1 0 -0.07511435 -1 -1
node -1 0 0.7113478 -1 -1
node 7 21 -0.6452989 25 28
node 52 18 -0.7694492 26 27
node -1 0 -1.0019095 -1 -1
node -1 0 -0.32384837 -1 -1
node 34 9 0.16222115 29 30
node -1 0 0.84427905 -1 -1
node -1 0 -0.8842732 -1 -1
tree 31
node 4 19 -0.0018514552 1 16
node 78 7 0.036007263 2 9
node 35 10 -0.28635785 3 6
node 57 5 -0.5524812 4 5
node -1 0 -0.7066081 -1 -1
node -1 0 -0.1436009 -1 -1
node 41 5 0.08566349 7 8
node -1 0 1.607686 -1 -1
node -1 0 -0.05685767 -1 -1
node 61 0 0.064405814 10 13
node 6 28 0.16955784 11 12
node -1 0 0.115514316 -1 -1
node -1 0 0.4496013 -1 -1
node 5 17 -0.016835298 14 15
node -1 0 0.03318748 -1 -1
node -1 0 -0.31032753 -1 -1
node 9 23 -0.05888127 17 24
node 26 20 -0.23603214 18 21
node 6 19 -0.43859607 19 20
node -1 0 -0.58435357 -1 -1
node -1 0 -0.15893863 -1 -1
node 8 21 -0.023673201 22 23
node -1 0 -0.26782113 -1 -1
node -1 0 0.19828202 -1 -1
node 70 1 0.013064376 25 28
node 2 18 -0.26054713 26 27
node -1 0 -0.52970153 -1 -1
node -1 0 -0.074899144 -1 -1
node 64 1 0.05170869 29 30
node -1 0 0.17763014 -1 -1
node -1 0 -0.03893752 -1 -1
tree 31
node 3 0 0.009669027 1 16
node 66 0 -0.24450545 2 9
node 6 0 0.36386216 3 6
node 37 11 1.3843564 4 5
node -1 0 0.13261344 -1 -1
node -1 0 2.0856721 -1 -1
node 44 15 -0.59395397 7 8
node -1 0 0.15809762 -1 -1
node -1 0 -1.2071735 -1 -1
node 78 25 -0.35419396 10 13
node 49 15 -0.23525165 11 12
node -1 0 -0.3085218 -1 -1
node -1 0 0.5491429 -1 -1
node 76 12 -0.848954 14 15
node -1 0 -0.14954443 -1 -1
node -1 0 -1.0552135 -1 -1
node 33 1 0.01893915 17 24
node 17 13 -0.16206524 18 21
node 31 0 -0.49277133 19 20
node -1 0 -0.07419893 -1 -1
node -1 0 -0.652223 -1 -1
node 79 10 0.048856113 22 23
node -1 0 -0.21173716 -1 -1
node -1 0 0.2643075 -1 -1
node 37 0 0.030807888 25 28
node 1 14 -0.25440824 26 27
node -1 0 -0.617371 -1 -1
node -1 0 0.03965114 -1 -1
node 80 29 0.03792802 29 30
node -1 0 0.048749916 -1 -1
node -1 0 -0.1412376 -1 -1
tree 31
node 66 25 -0.0002774705 1 16
node 66 21 0.009246562 2 9
node 80 30 -0.012079403 3 6
node 77 7 -0.0036505398 4 5
node -1 0 -0.07608146 -1 -1
node -1 0 0.02919904 -1 -1
node 66 9 -0.3178951 7 8
node -1 0 0.03739017 -1 -1
node -1 0 -0.96874434 -1 -1
node 66 23 0.11976594 10 13
node 78 26 0.2537249 11 12
node -1 0 0.15089093 -1 -1
node -1 0 0.6984164 -1 -1
node 61 0 -0.011823432 14 15
node -1 0 0.13570945 -1 -1
node -1 0 -0.21734391 -1 -1
node 57 16 -0.25247294 17 24
node 75 11 -0.12762013 18 21
node 64 1 -0.37076765 19 20
node -1 0 0.7440326 -1 -1
node -1 0 -0.47536498 -1 -1
node 49 5 0.14778608 22 23
node -1 0 -0.25277933 -1 -1
node -1 0 0.47287127 -1 -1
node 38 14 -0.5989773 25 28
node 79 18 -0.95167756 26 27
node -1 0 -0.28547627 -1 -1
node -1 0 -1.1363385 -1 -1
node 73 18 -0.19673513 29 30
node -1 0 -0.6171845 -1 -1
node -1 0 0.7435283 -1 -1
tree 29
node 75 2 -0.0010890156 1 14
node 40 1 0.13574424 2 7
node 51 13 -0.46004167 3 6
node 17 7 -0.6735733 4 5
node -1 0 -1.114736 -1 -1
node -1 0 -0.33116993 -1 -1
node -1 0 0.2719547 -1 -1
node 45 21 0.16510558 8 11
node 80 23 0.26993012 9 10
node -1 0 0.37371904 -1 -1
node -1 0 -0.40470287 -1 -1
node 56 18 -0.016436253 12 13
node -1 0 -0.12706466 -1 -1
node -1 0 0.652021 -1 -1
node 75 12 -0.018015826 15 22
node 16 20 -0.09439303 16 19
node 67 10 -0.27091753 17 18
node -1 0 -0.4820151 -1 -1
node -1 0 -0.14938556 -1 -1
node 75 8 -0.010021483 20 21
node -1 0 0.08390737 -1 -1
node -1 0 -0.24779211 -1 -1
node 60 17 0.021787671 23 26
node 22 13 0.0020541854 24 25
node -1 0 -0.061015394 -1 -1
node -1 0 0.107720524 -1 -1
node 47 16 0.23848876 27 28
node -1 0 -0.0725278 -1 -1
node -1 0 0.4819682 -1 -1
tree 31
node 68 23 -0.0015562412 1 16
node 70 21 0.020581758 2 9
node 64 15 -0.0023942525 3 6
node 53 20 -0.035212666 4 5
node -1 0 -0.06809766 -1 -1
node -1 0 0.14666899 -1 -1
node 73 8 0.10975158 7 8
node -1 0 0.2782183 -1 -1
node -1 0 -0.047941227 -1 -1
node 37 21 0.19735493 10 13
node 78 29 0.31269696 11 12
node -1 0 0.35239562 -1 -1
node -1 0 -0.47511905 -1 -1
node 64 15 -0.1400842 14 15
node -1 0 0.085567914 -1 -1
node -1 0 -0.55122596 -1 -1
node 78 27 -0.12932375 17 24
node 80 27 -0.0899471 18 21
node 23 10 -0.11278753 19 20
node -1 0 0.064092524 -1 -1
node -1 0 -0.18374543 -1 -1
node 37 18 0.48392907 22 23
node -1 0 0.82815856 -1 -1
node -1 0 -0.3319867 -1 -1
node 17 10 -0.51741666 25 28
node 40 6 -0.9585405 26 27
node -1 0 -0.0900862 -1 -1
node -1 0 -1.1556522 -1 -1
node 50 5 -0.19713059 29 30
node -1 0 -0.62364787 -1 -1
node -1 0 0.2746465 -1 -1
tree 29
node 1 1 -0.010359701 1 14
node 18 3 -0.19260812 2 7
node 80 29 0.111237355 3 6
node 38 23 0.0011583993 4 5
node -1 0 -0.26012588 -1 -1
node -1 0 0.50008047 -1 -1
node -1 0 1.7496926 -1 -1
node 80 27 -0.3129676 8 11
node 41 15 -0.2384432 9 10
node -1 0 -0.01982674 -1 -1
node -1 0 -0.4691895 -1 -1
node 8 23 -0.94617414 12 13
node -1 0 -1.1908278 -1 -1
node -1 0 0.5397765 -1 -1
node 49 12 0.003135928 15 22
node 36 0 0.022594282 16 19
node 57 4 -0.34341648 17 18
node -1 0 -0.6631593 -1 -1
node -1 0 -0.08908739 -1 -1
node 41 8 0.030231742 20 21
node -1 0 0.110558465 -1 -1
node -1 0 -0.002535781 -1 -1
node 78 30 -0.10854761 23 26
node 71 0 -0.08071332 24 25
node -1 0 0.14887461 -1 -1
node -1 0 -0.1696892 -1 -1
node 41 2 -0.80050653 27 28
node -1 0 0.7808162 -1 -1
node -1 0 -1.0782018 -1 -1
tree 31
node 1 1 -0.0032449078 1 16
node 47 13 -0.17237827 2 9
node 9 23 0.10899091 3 6
node 38 20 -0.09760281 4 5
node -1 0 -0.41959158 -1 -1
node -1 0 0.33315292 -1 -1
node 24 20 0.6612228 7 8
node -1 0 1.1533302 -1 -1
node -1 0 0.31377456 -1 -1
node 6 1 -0.34014404 10 13
node 78 16 -0.23106134 11 12
node -1 0 -0.5493042 -1 -1
node -1 0 0.0021247368 -1 -1
node 38 2 -0.68286425 14 15
node -1 0 0.44706747 -1 -1
node -1 0 -0.8008559 -1 -1
node 18 0 0.008955635 17 24
node 72 1 -0.3028897 18 21
node 30 19 0.12419255 19 20
node -1 0 -0.48015818 -1 -1
node -1 0 0.79149014 -1 -1
node 6 0 -0.5000116 22 23
node -1 0 0.6662345 -1 -1
node -1 0 -0.61192584 -1 -1
node 79 25 0.01614079 25 28
node 6 1 -0.005051014 26 27
node -1 0 0.3200271 -1 -1
node -1 0 -0.013945622 -1 -1
node 40 8 0.108641125 29 30
node -1 0 -0.20143588 -1 -1
node -1 0 0.19013168 -1 -1
tree 31
node 1 1 -0.0017346859 1 16
node 73 1 -0.15104164 2 9
node 17 2 0.13839434 3 6
node 42 6 0.5864856 4 5
node -1 0 -0.19501935 -1 -1
node -1 0 0.88334256 -1 -1
node 50 7 -0.11085864 7 8
node -1 0 0.10171608 -1 -1
node -1 0 -0.6871262 -1 -1
node 66 0 -0.29033664 10 13
node 18 2 0.21865623 11 12
node -1 0 1.0876714 -1 -1
node -1 0 -0.024473231 -1 -1
node 67 19 -0.40832812 14 15
node -1 0 -0.56894946 -1 -1
node -1 0 -0.114199124 -1 -1
node 43 8 0.009123402 17 24
node 1 3 0.073258646 18 21
node 34 5 0.5575873 19 20
node -1 0 0.101618394 -1 -1
node -1 0 0.7980978 -1 -1
node 78 25 0.034894 22 23
node -1 0 0.1160314 -1 -1
node -1 0 -0.19355059 -1 -1
node 78 26 -0.01795613 25 28
node 26 22 -0.049959235 26 27
node -1 0 -0.10830395 -1 -1
node -1 0 0.052741855 -1 -1
node 80 29 0.19455878 29 30
node -1 0 0.40236187 -1 -1
node -1 0 -0.26167125 -1 -1
tree 31
node 33 1 -0.0018160492 1 16
node 27 13 -0.16982748 2 9
node 76 18 -0.33260646 3 6
node 57 18 -0.13292484 4 5
node -1 0 -0.3058253 -1 -1
node -1 0 0.47212565 -1 -1
node 77 16 -0.5895741 7 8
node -1 0 -0.97775435 -1 -1
node -1 0 -0.45824626 -1 -1
node 57 16 0.041828383 10 13
node 80 28 -0.05841819 11 12
node -1 0 -0.11682832 -1 -1
node -1 0 1.0164294 -1 -1
node 26 8 0.84756774 14 15
node -1 0 -0.33504423 -1 -1
node -1 0 1.3102787 -1 -1
node 34 4 0.00928432 17 24
node 57 1 0.13774069 18 21
node 78 11 -0.15440807 19 20
node -1 0 -0.39326975 -1 -1
node -1 0 0.318487 -1 -1
node 78 15 0.23872674 22 23
node -1 0 0.4537124 -1 -1
node -1 0 0.06529041 -1 -1
node 29 0 -0.004909961 25 28
node 16 13 -0.8583293 26 27
node -1 0 -1.1289902 -1 -1
node -1 0 0.012758497 -1 -1
node 36 0 -0.0009500968 29 30
node -1 0 -0.36136195 -1 -1
node -1 0 0.0065594884 -1 -1
tree 31
node 66 25 -0.004613056 1 16
node 66 21 0.0038733655 2 9
node 19 24 -0.016574893 3 6
node 36 7 -0.045579918 4 5
node -1 0 0.048944417 -1 -1
node -1 0 -0.082974814 -1 -1
node 14 8 0.0668419 7 8
node -1 0 0.4601865 -1 -1
node -1 0 0.029693421 -1 -1
node 10 0 0.11065853 10 13
node 80 3 -0.63204205 11 12
node -1 0 0.35994896 -1 -1
node -1 0 -0.86233866 -1 -1
node 37 21 0.12774089 14 15
node -1 0 0.19087446 -1 -1
node -1 0 -0.056172498 -1 -1
node 36 10 -0.23501162 17 24
node 45 18 -0.5417209 18 21
node 5 10 -0.25156716 19 20
node -1 0 -0.7800659 -1 -1
node -1 0 0.03311479 -1 -1
node 67 25 -0.81154734 22 23
node -1 0 -0.03327172 -1 -1
node -1 0 -1.0438429 -1 -1
node 38 19 0.016741144 25 28
node 5 17 -0.25278524 26 27
node -1 0 -0.568401 -1 -1
node -1 0 0.13191187 -1 -1
node 49 5 0.2822029 29 30
node -1 0 -0.20067447 -1 -1
node -1 0 0.66972727 -1 -1
tree 31
node 22 17 0.0021502592 1 16
node 68 4 0.04013841 2 9
node 74 11 -0.081260696 3 6
node 62 12 -0.14877976 4 5
node -1 0 -0.1993713 -1 -1
node -1 0 0.3419055 -1 -1
node 78 16 0.44647434 7 8
node -1 0 -0.3595966 -1 -1
node -1 0 0.79668945 -1 -1
node 39 17 0.079810426 10 13
node 75 7 -0.014866586 11 12
node -1 0 0.27900958 -1 -1
node -1 0 -0.06409276 -1 -1
node 78 26 0.19217797 14 15
node -1 0 0.12825748 -1 -1
node -1 0 0.5666535 -1 -1
node 22 21 -0.04721683 17 24
node 16 2 -0.26445448 18 21
node 68 0 0.72922534 19 20
node -1 0 3.2202888 -1 -1
node -1 0 -0.10141969 -1 -1
node 78 25 -0.3053767 22 23
node -1 0 -0.36805457 -1 -1
node -1 0 0.2792843 -1 -1
node 77 3 0.0065366263 25 28
node 75 9 -0.19360797 26 27
node -1 0 -0.060435914 -1 -1
node -1 0 -0.50119966 -1 -1
node 37 7 0.060757577 29 30
node -1 0 -0.14770578 -1 -1
node -1 0 0.118999444 -1 -1
tree 31
node 77 3 -0.001987187 1 16
node 69 14 -0.08732039 2 9
node 2 19 -0.31167093 3 6
node 38 5 -0.4807053 4 5
node -1 0 0.14247909 -1 -1
node -1 0 -0.5999421 -1 -1
node 78 18 -0.0041295327 7 8
node -1 0 -0.17337878 -1 -1
node -1 0 0.389361 -1 -1
node 23 24 -0.003533569 10 13
node 73 17 0.115149416 11 12
node -1 0 0.2152263 -1 -1
node -1 0 -0.2074165 -1 -1
node 32 21 -0.20692427 14 15
node -1 0 -0.71405345 -1 -1
node -1 0 -0.032893613 -1 -1
node 77 13 0.014033757 17 24
node 80 26 0.06511885 18 21
node 78 24 0.037712842 19 20
node -1 0 0.06118464 -1 -1
node -1 0 -0.3924814 -1 -1
node 54 23 0.3575705 22 23
node -1 0 0.59192455 -1 -1
node -1 0 -0.41116565 -1 -1
node 23 7 -0.038600177 25 28
node 78 30 -0.17082207 26 27
node -1 0 -0.21008933 -1 -1
node -1 0 0.6028924 -1 -1
node 76 18 0.012504622 29 30
node -1 0 -0.13341433 -1 -1
node -1 0 0.10413054 -1 -1
tree 31
node 3 16 0.00072640774 1 16
node 14 7 -0.03806008 2 9
node 72 1 0.0822711 3 6
node 16 2 0.30727923 4 5
node -1 0 0.87169373 -1 -1
node -1 0 0.12152066 -1 -1
node 76 17 -0.045792107 7 8
node -1 0 0.06383241 -1 -1
node -1 0 -0.20787407 -1 -1
node 76 4 -0.10173032 10 13
node 27 23 0.09036865 11 12
node -1 0 -0.11136827 -1 -1
node -1 0 0.27405506 -1 -1
node 76 7 -0.147121 14 15
node -1 0 -0.3800186 -1 -1
node -1 0 -0.10972144 -1 -1
node 3 26 0.043343965 17 24
node 44 11 0.10026405 18 21
node 74 21 0.23405744 19 20
node -1 0 0.2594167 -1 -1
node -1 0 -0.5468891 -1 -1
node 6 28 0.016921451 22 23
node -1 0 -0.031345237 -1 -1
node -1 0 0.374744 -1 -1
node 44 1 -0.08367195 25 28
node 52 0 -0.7644552 26 27
node -1 0 -0.82436275 -1 -1
node -1 0 0.39894313 -1 -1
node 58 4 -0.037312258 29 30
node -1 0 -0.23744437 -1 -1
node -1 0 0.15473945 -1 -1
tree 31
node 75 18 -0.0027221248 1 16
node 75 15 -0.035721686 2 9
node 75 12 -0.00583037 3 6
node 75 8 -0.043251313 4 5
node -1 0 0.006854338 -1 -1
node -1 0 -0.20753083 -1 -1
node 56 14 0.14786679 7 8
node -1 0 -0.011691739 -1 -1
node -1 0 0.3193245 -1 -1
node 50 17 -0.19939095 10 13
node 78 17 -0.26466492 11 12
node -1 0 -0.08219291 -1 -1
node -1 0 -0.6947223 -1 -1
node 49 17 0.5530415 14 15
node -1 0 0.9673117 -1 -1
node -1 0 -0.34513757 -1 -1
node 13 20 0.047969233 17 24
node 23 14 0.08620761 18 21
node 58 13 0.04624586 19 20
node -1 0 -0.068611726 -1 -1
node -1 0 0.1718456 -1 -1
node 53 19 0.3763951 22 23
node -1 0 0.44404554 -1 -1
node -1 0 -1.110796 -1 -1
node 31 11 -0.10057934 25 28
node 78 26 -0.3343024 26 27
node -1 0 -0.21497296 -1 -1
node -1 0 -0.8440853 -1 -1
node 15 5 0.08953566 29 30
node -1 0 -0.7555972 -1 -1
node -1 0 0.17238541 -1 -1
tree 31
node 41 5 4.0426436E-05 1 16
node 43 18 0.081998736 2 9
node 78 28 0.013091468 3 6
node 21 0 0.07932123 4 5
node -1 0 -1.0129924 -1 -1
node -1 0 0.1028547 -1 -1
node 78 30 -0.24431424 7 8
node -1 0 -0.58642083 -1 -1
node -1 0 0.38472277 -1 -1
node 65 6 0.33037952 10 13
node 30 14 0.086048104 11 12
node -1 0 0.4742121 -1 -1
node -1 0 -0.274781 -1 -1
node 25 20 0.4628883 14 15
node -1 0 0.15989335 -1 -1
node -1 0 0.6831643 -1 -1
node 78 30 -0.021021197 17 24
node 78 26 -0.012835657 18 21
node 50 17 -0.03601237 19 20
node -1 0 -0.05296322 -1 -1
node -1 0 0.25980863 -1 -1
node 37 21 0.16892746 22 23
node -1 0 0.31393954 -1 -1
node -1 0 -0.34310898 -1 -1
node 38 7 -0.41681576 25 28
node 73 5 0.6708869 26 27
node -1 0 1.5541612 -1 -1
node -1 0 -0.5690193 -1 -1
node 36 20 -0.71951133 29 30
node -1 0 -0.47041175 -1 -1
node -1 0 -1.3508438 -1 -1
tree 29
node 11 24 0.012382806 1 16
node 50 0 0.03568978 2 9
node 4 19 0.09481193 3 6
node 45 14 0.21187899 4 5
node -1 0 0.04262268 -1 -1
node -1 0 0.36720118 -1 -1
node 19 18 0.045741312 7 8
node -1 0 -0.3399444 -1 -1
node -1 0 0.089849725 -1 -1
node 47 18 -0.01790887 10 13
node 46 21 -0.11460622 11 12
node -1 0 -0.26283115 -1 -1
node -1 0 0.1027032 -1 -1
node 4 19 0.07027917 14 15
node -1 0 0.11094629 -1 -1
node -1 0 -0.30517143 -1 -1
node 16 18 -0.075029984 17 22
node 9 12 1.14257 18 19
node -1 0 -0.42803428 -1 -1
node 47 15 1.7111846 20 21
node -1 0 2.2334218 -1 -1
node -1 0 1.0069985 -1 -1
node 52 2 -0.08815131 23 26
node 13 16 -0.2261741 24 25
node -1 0 -0.866716 -1 -1
node -1 0 -0.07282447 -1 -1
node 35 2 0.0033950114 27 28
node -1 0 -0.41577488 -1 -1
node -1 0 0.052608002 -1 -1
tree 31
node 62 20 0.014808242 1 16
node 64 18 0.025933862 2 9
node 49 0 0.0044723554 3 6
node 45 17 0.043562 4 5
node -1 0 0.11904363 -1 -1
node -1 0 -0.025086123 -1 -1
node 62 6 -0.048151392 7 8
node -1 0 -0.13255133 -1 -1
node -1 0 0.018027384 -1 -1
node 80 19 0.15667892 10 13
node 80 11 0.03423062 11 12
node -1 0 0.18021065 -1 -1
node -1 0 -0.10635044 -1 -1
node 39 18 0.34002325 14 15
node -1 0 0.14306134 -1 -1
node -1 0 0.662015 -1 -1
node 75 23 -0.14817286 17 24
node 55 24 -0.2781211 18 21
node 50 4 -0.18830763 19 20
node -1 0 -0.45282447 -1 -1
node -1 0 -0.03903572 -1 -1
node 40 8 -0.7065289 22 23
node -1 0 -0.026736146 -1 -1
node -1 0 -0.9417209 -1 -1
node 78 20 0.36771125 25 28
node 40 4 -0.42804253 26 27
node -1 0 0.67095035 -1 -1
node -1 0 -0.71819353 -1 -1
node 38 9 0.69828546 29 30
node -1 0 0.16256215 -1 -1
node -1 0 1.2176063 -1 -1
tree 29
node 55 1 0.005226959 1 16
node 66 11 0.15029672 2 9
node 75 21 0.2818175 3 6
node 6 22 0.43276957 4 5
node -1 0 -0.017737612 -1 -1
node -1 0 0.7862666 -1 -1
node 1 23 -0.18926561 7 8
node -1 0 0.9837709 -1 -1
node -1 0 -0.4182692 -1 -1
node 51 3 -0.039887335 10 13
node 78 24 -0.3361305 11 12
node -1 0 -0.4455774 -1 -1
node -1 0 1.1520592 -1 -1
node 60 1 0.2985827 14 15
node -1 0 0.42945263 -1 -1
node -1 0 -0.36121926 -1 -1
node 12 23 -0.007497617 17 24
node 44 3 0.011647585 18 21
node 15 8 0.15210289 19 20
node -1 0 -0.03407003 -1 -1
node -1 0 0.31131557 -1 -1
node 80 2 -0.005131411 22 23
node -1 0 0.17853154 -1 -1
node -1 0 -0.023083393 -1 -1
node 22 9 -0.11355312 25 26
node -1 0 2.051415 -1 -1
node 70 9 -0.1311281 27 28
node -1 0 -0.3739137 -1 -1
node -1 0 -0.021311915 -1 -1
tree 31
node 62 13 -0.0028079315 1 16
node 65 17 0.025746189 2 9
node 41 17 -0.0050564664 3 6
node 72 10 -0.070364125 4 5
node -1 0 -0.13768741 -1 -1
node -1 0 0.042809304 -1 -1
node 54 25 0.07220242 7 8
node -1 0 0.018248446 -1 -1
node -1 0 0.38993666 -1 -1
node 35 2 0.22429448 10 13
node 16 10 -0.30433878 11 12
node -1 0 0.4267223 -1 -1
node -1 0 -0.6461361 -1 -1
node 55 20 0.28062257 14 15
node -1 0 0.40559074 -1 -1
node -1 0 -0.040012233 -1 -1
node 74 10 -0.069374606 17 24
node 66 25 0.056855973 18 21
node 9 23 0.09486118 19 20
node -1 0 0.16754489 -1 -1
node -1 0 -0.25607815 -1 -1
node 37 14 -0.5018854 22 23
node -1 0 -0.86835057 -1 -1
node -1 0 -0.05851716 -1 -1
node 79 25 -0.19137947 25 28
node 32 22 -0.29879755 26 27
node -1 0 -0.44280246 -1 -1
node -1 0 0.0023587595 -1 -1
node 32 2 0.03831447 29 30
node -1 0 -0.5979337 -1 -1
node -1 0 0.12492036 -1 -1
tree 31
node 75 18 -0.002414887 1 16
node 28 0 -0.03571888 2 9
node 27 13 -0.54819816 3 6
node 53 18 -0.67378324 4 5
node -1 0 -0.94695765 -1 -1
node -1 0 -0.15796635 -1 -1
node 69 9 0.14142583 7 8
node -1 0 -0.600412 -1 -1
node -1 0 0.78455055 -1 -1
node 80 2 -0.027501987 10 13
node 76 4 0.14442982 11 12
node -1 0 0.45259967 -1 -1
node -1 0 -0.040405065 -1 -1
node 32 6 -0.05029842 14 15
node -1 0 0.12694252 -1 -1
node -1 0 -0.08015977 -1 -1
node 35 21 0.04835545 17 24
node 46 16 -0.002366036 18 21
node 30 4 -0.13586877 19 20
node -1 0 0.14564627 -1 -1
node -1 0 -0.22629419 -1 -1
node 42 17 0.07673374 22 23
node -1 0 -0.021421365 -1 -1
node -1 0 0.3004364 -1 -1
node 65 2 0.15808548 25 28
node 49 6 -0.0552414 26 27
node -1 0 0.20551299 -1 -1
node -1 0 -0.32769287 -1 -1
node 9 17 0.29523742 29 30
node -1 0 0.47940168 -1 -1
node -1 0 -0.040893633 -1 -1
tree 31
node 15 22 -0.0110609485 1 16
node 63 2 -0.037815265 2 9
node 18 2 0.051581074 3 6
node 54 19 0.50768775 4 5
node -1 0 0.89838403 -1 -1
node -1 0 0.15108247 -1 -1
node 73 4 -0.006353763 7 8
node -1 0 -0.16699563 -1 -1
node -1 0 0.13131423 -1 -1
node 4 19 -0.08682122 10 13
node 72 1 -0.024608433 11 12
node -1 0 0.17694755 -1 -1
node -1 0 -0.079703465 -1 -1
node 28 20 -0.22663373 14 15
node -1 0 -0.39099813 -1 -1
node -1 0 -0.050241586 -1 -1
node 8 26 0.044673905 17 24
node 8 21 0.086347476 18 21
node 20 21 0.0076857945 19 20
node -1 0 0.8679688 -1 -1
node -1 0 -0.007992512 -1 -1
node 9 19 0.33242258 22 23
node -1 0 -0.08899904 -1 -1
node -1 0 0.5047708 -1 -1
node 58 3 -0.15271373 25 28
node 6 21 -0.33599377 26 27
node -1 0 -0.70665103 -1 -1
node -1 0 -0.19962859 -1 -1
node 14 22 0.18130855 29 30
node -1 0 0.8256484 -1 -1
node -1 0 0.013253103 -1 -1
tree 29
node 37 11 -0.0013317432 1 16
node 76 18 -0.05037296 2 9
node 77 13 -0.11832395 3 6
node 50 15 -0.05339922 4 5
node -1 0 -0.020431578 -1 -1
node -1 0 -0.57435393 -1 -1
node 53 21 -0.35501236 7 8
node -1 0 -0.42718557 -1 -1
node -1 0 0.5640947 -1 -1
node 1 14 0.06815809 10 13
node 31 4 -0.09322879 11 12
node -1 0 0.16249016 -1 -1
node -1 0 -0.22826184 -1 -1
node 76 19 0.22972459 14 15
node -1 0 0.94769925 -1 -1
node -1 0 0.16452709 -1 -1
node 80 29 0.031887844 17 24
node 77 7 0.044875104 18 21
node 75 22 -0.051692456 19 20
node -1 0 -0.10452216 -1 -1
node -1 0 0.27689278 -1 -1
node 42 14 0.093295686 22 23
node -1 0 -0.08531365 -1 -1
node -1 0 0.15962341 -1 -1
node 6 0 -0.32387996 25 26
node -1 0 1.2270647 -1 -1
node 77 13 -0.39353848 27 28
node -1 0 0.13240428 -1 -1
node -1 0 -0.5868779 -1 -1
tree 31
node 41 8 0.014921612 1 16
node 18 0 0.074410945 2 9
node 55 20 -0.58572924 3 6
node 44 17 -0.27009282 4 5
node -1 0 -0.53657746 -1 -1
node -1 0 0.36374348 -1 -1
node 36 3 -0.998643 7 8
node -1 0 -0.23290999 -1 -1
node -1 0 -1.1500288 -1 -1
node 18 2 0.091039866 10 13
node 69 7 0.48358616 11 12
node -1 0 0.8599449 -1 -1
node -1 0 0.2007779 -1 -1
node 12 12 0.06514253 14 15
node -1 0 -0.099570274 -1 -1
node -1 0 0.15681428 -1 -1
node 10 13 -0.009881289 17 24
node 46 19 0.057154693 18 21
node 49 7 -0.014891334 19 20
node -1 0 0.085723095 -1 -1
node -1 0 -0.26168314 -1 -1
node 74 2 0.19001172 22 23
node -1 0 0.4610515 -1 -1
node -1 0 0.06983802 -1 -1
node 43 4 -0.061582625 25 28
node 55 4 0.2183506 26 27
node -1 0 -0.340421 -1 -1
node -1 0 0.30418664 -1 -1
node 1 16 -0.08250839 29 30
node -1 0 -0.18975738 -1 -1
node -1 0 -0.016992018 -1 -1
